
C:/Users/Brown/Documents/GitHub/avm/interp/build/interp.elf:     file format elf32-avr

SYMBOL TABLE:
00000000 l    d  .text	00000000 .text
000000ea l       .text	00000000 reset_handler
000000ac l       .text	00000000 default_isr
000000ae l       .text	00000000 timer0_compa_isr
000000e2 l       .text	00000000 timer0_compa_isr_done
000037ee l       .text	00000000 startup_func
00000200 l       .text	00000000 primary_00
00000d84 l       .text	00000000 cluster_tail_17_delay_1
00000208 l       .text	00000000 primary_01
00000210 l       .text	00000000 primary_02
00000218 l       .text	00000000 primary_03
00000220 l       .text	00000000 primary_04
00000228 l       .text	00000000 primary_05
00000230 l       .text	00000000 primary_06
00000238 l       .text	00000000 primary_07
00000240 l       .text	00000000 primary_08
00000248 l       .text	00000000 primary_09
00000250 l       .text	00000000 primary_0A
00000258 l       .text	00000000 primary_0B
00000260 l       .text	00000000 primary_0C
00000268 l       .text	00000000 primary_0D
00000270 l       .text	00000000 primary_0E
00000278 l       .text	00000000 primary_0F
00000280 l       .text	00000000 primary_10
00000d86 l       .text	00000000 cluster_tail_17
00000288 l       .text	00000000 primary_11
00000290 l       .text	00000000 primary_12
00000298 l       .text	00000000 primary_13
000002a0 l       .text	00000000 primary_14
000002a8 l       .text	00000000 primary_15
000002b0 l       .text	00000000 primary_16
000002b8 l       .text	00000000 primary_17
000002c0 l       .text	00000000 primary_18
000002c8 l       .text	00000000 primary_19
000002d0 l       .text	00000000 primary_1A
000002d8 l       .text	00000000 primary_1B
000002e0 l       .text	00000000 primary_1C
000002e8 l       .text	00000000 primary_1D
000002f0 l       .text	00000000 primary_1E
000002f8 l       .text	00000000 primary_1F
00000300 l       .text	00000000 primary_20
00000308 l       .text	00000000 primary_21
00000310 l       .text	00000000 primary_22
00000318 l       .text	00000000 primary_23
00000320 l       .text	00000000 primary_24
00000328 l       .text	00000000 primary_25
00000330 l       .text	00000000 primary_26
00000338 l       .text	00000000 primary_27
00000340 l       .text	00000000 primary_28
00000348 l       .text	00000000 primary_29
00000350 l       .text	00000000 primary_2A
00000358 l       .text	00000000 primary_2B
00000360 l       .text	00000000 primary_2C
00000368 l       .text	00000000 primary_2D
00000370 l       .text	00000000 primary_2E
00000378 l       .text	00000000 primary_2F
00000380 l       .text	00000000 primary_30
00000d6c l       .text	00000000 flags_commit_18_delay_1
00000388 l       .text	00000000 primary_31
00000390 l       .text	00000000 primary_32
00000398 l       .text	00000000 primary_33
000003a0 l       .text	00000000 primary_34
000003a8 l       .text	00000000 primary_35
000003b0 l       .text	00000000 primary_36
000003b8 l       .text	00000000 primary_37
000003c0 l       .text	00000000 primary_38
000003c8 l       .text	00000000 primary_39
000003d0 l       .text	00000000 primary_3A
000003d8 l       .text	00000000 primary_3B
000003e0 l       .text	00000000 primary_3C
000003e8 l       .text	00000000 primary_3D
000003f0 l       .text	00000000 primary_3E
000003f8 l       .text	00000000 primary_3F
00000400 l       .text	00000000 primary_40
0000132a l       .text	00000000 cluster_tail_18_delay_1
00000408 l       .text	00000000 primary_41
00000410 l       .text	00000000 primary_42
00000418 l       .text	00000000 primary_43
00000420 l       .text	00000000 primary_44
00000428 l       .text	00000000 primary_45
00000430 l       .text	00000000 primary_46
00000438 l       .text	00000000 primary_47
00000440 l       .text	00000000 primary_48
00000448 l       .text	00000000 primary_49
00000450 l       .text	00000000 primary_4A
00000458 l       .text	00000000 primary_4B
00000460 l       .text	00000000 primary_4C
00000468 l       .text	00000000 primary_4D
00000470 l       .text	00000000 primary_4E
00000478 l       .text	00000000 primary_4F
00000480 l       .text	00000000 primary_50
00000d9e l       .text	00000000 cluster_tail_18_delay_2
00000488 l       .text	00000000 primary_51
00000490 l       .text	00000000 primary_52
00000498 l       .text	00000000 primary_53
000004a0 l       .text	00000000 primary_54
000004a8 l       .text	00000000 primary_55
000004b0 l       .text	00000000 primary_56
000004b8 l       .text	00000000 primary_57
000004c0 l       .text	00000000 primary_58
000004c8 l       .text	00000000 primary_59
000004d0 l       .text	00000000 primary_5A
000004d8 l       .text	00000000 primary_5B
000004e0 l       .text	00000000 primary_5C
000004e8 l       .text	00000000 primary_5D
000004f0 l       .text	00000000 primary_5E
000004f8 l       .text	00000000 primary_5F
00000500 l       .text	00000000 primary_60
00000da6 l       .text	00000000 cluster_tail_18
00000508 l       .text	00000000 primary_61
00000510 l       .text	00000000 primary_62
00000518 l       .text	00000000 primary_63
00000520 l       .text	00000000 primary_64
00000528 l       .text	00000000 primary_65
00000530 l       .text	00000000 primary_66
00000538 l       .text	00000000 primary_67
00000540 l       .text	00000000 primary_68
00000548 l       .text	00000000 primary_69
00000550 l       .text	00000000 primary_6A
00000558 l       .text	00000000 primary_6B
00000560 l       .text	00000000 primary_6C
00000568 l       .text	00000000 primary_6D
00000570 l       .text	00000000 primary_6E
00000578 l       .text	00000000 primary_6F
00000580 l       .text	00000000 primary_70
00000588 l       .text	00000000 primary_71
00000590 l       .text	00000000 primary_72
00000598 l       .text	00000000 primary_73
000005a0 l       .text	00000000 primary_74
000005a8 l       .text	00000000 primary_75
000005b0 l       .text	00000000 primary_76
000005b8 l       .text	00000000 primary_77
000005c0 l       .text	00000000 primary_78
000005c8 l       .text	00000000 primary_79
000005d0 l       .text	00000000 primary_7A
000005d8 l       .text	00000000 primary_7B
000005e0 l       .text	00000000 primary_7C
000005e8 l       .text	00000000 primary_7D
000005f0 l       .text	00000000 primary_7E
000005f8 l       .text	00000000 primary_7F
00000600 l       .text	00000000 primary_80
00000608 l       .text	00000000 primary_81
00000610 l       .text	00000000 primary_82
00000618 l       .text	00000000 primary_83
00000620 l       .text	00000000 primary_84
00000628 l       .text	00000000 primary_85
00000630 l       .text	00000000 primary_86
00000638 l       .text	00000000 primary_87
00000640 l       .text	00000000 primary_88
00000648 l       .text	00000000 primary_89
00000650 l       .text	00000000 primary_8A
00000658 l       .text	00000000 primary_8B
00000660 l       .text	00000000 primary_8C
00000668 l       .text	00000000 primary_8D
00000670 l       .text	00000000 primary_8E
00000678 l       .text	00000000 primary_8F
00000680 l       .text	00000000 primary_90
00000688 l       .text	00000000 primary_91
00000690 l       .text	00000000 primary_92
00000698 l       .text	00000000 primary_93
000006a0 l       .text	00000000 primary_94
000006a8 l       .text	00000000 primary_95
000006b0 l       .text	00000000 primary_96
000006b8 l       .text	00000000 primary_97
000006c0 l       .text	00000000 primary_98
000006c8 l       .text	00000000 primary_99
000006d0 l       .text	00000000 primary_9A
000006d8 l       .text	00000000 primary_9B
000006e0 l       .text	00000000 primary_9C
000006e8 l       .text	00000000 primary_9D
000006f0 l       .text	00000000 primary_9E
000006f8 l       .text	00000000 primary_9F
00000700 l       .text	00000000 primary_A0
00000708 l       .text	00000000 primary_A1
00000710 l       .text	00000000 primary_A2
00000718 l       .text	00000000 primary_A3
00000720 l       .text	00000000 primary_A4
00000728 l       .text	00000000 primary_A5
00000730 l       .text	00000000 primary_A6
00000738 l       .text	00000000 primary_A7
00000740 l       .text	00000000 primary_A8
00000748 l       .text	00000000 primary_A9
00000750 l       .text	00000000 primary_AA
00000758 l       .text	00000000 primary_AB
00000760 l       .text	00000000 primary_AC
00000768 l       .text	00000000 primary_AD
00000770 l       .text	00000000 primary_AE
00000778 l       .text	00000000 primary_AF
00000780 l       .text	00000000 primary_B0_push16_r0
00000da2 l       .text	00000000 push16_stack_check
00000788 l       .text	00000000 primary_B1_push16_r1
00000790 l       .text	00000000 primary_B2_push16_r2
00000798 l       .text	00000000 primary_B3_push16_r3
000007a0 l       .text	00000000 primary_B4_push16_r4
000007a8 l       .text	00000000 primary_B5_push16_r5
000007b0 l       .text	00000000 primary_B6_push16_r6
000007b8 l       .text	00000000 primary_B7_push16_r7
000007c0 l       .text	00000000 primary_B8_pop16_r0
000007c8 l       .text	00000000 primary_B9_pop16_r1
000007d0 l       .text	00000000 primary_BA_pop16_r2
000007d8 l       .text	00000000 primary_BB_pop16_r3
000007e0 l       .text	00000000 primary_BC_pop16_r4
000007e8 l       .text	00000000 primary_BD_pop16_r5
000007f0 l       .text	00000000 primary_BE_pop16_r6
000007f8 l       .text	00000000 primary_BF_pop16_r7
00000800 l       .text	00000000 primary_R4_ldi8_r4
00000dfa l       .text	00000000 ldi8_r4_apply
00000db8 l       .text	00000000 fetch_imm8_then_ijmp
00000808 l       .text	00000000 primary_R5_ldi8_r5
00000e00 l       .text	00000000 ldi8_r5_apply
00000810 l       .text	00000000 primary_R6_ldi8_r6
00000e06 l       .text	00000000 ldi8_r6_apply
00000818 l       .text	00000000 primary_R7_ldi8_r7
00000e0c l       .text	00000000 ldi8_r7_apply
00000820 l       .text	00000000 primary_C4_ldi16_r4
00000e12 l       .text	00000000 ldi16_r4_apply
00000dd6 l       .text	00000000 fetch_imm16_then_ijmp
00000828 l       .text	00000000 primary_C5_ldi16_r5
00000e18 l       .text	00000000 ldi16_r5_apply
00000830 l       .text	00000000 primary_C6_ldi16_r6
00000e1e l       .text	00000000 ldi16_r6_apply
00000838 l       .text	00000000 primary_C7_ldi16_r7
00000e24 l       .text	00000000 ldi16_r7_apply
00000840 l       .text	00000000 primary_C8_addi_s8_r4
00000e2a l       .text	00000000 addi_s8_r4_apply
00000dc4 l       .text	00000000 fetch_simm8_then_ijmp
00000848 l       .text	00000000 primary_C9_addi_s8_r5
00000e30 l       .text	00000000 addi_s8_r5_apply
00000850 l       .text	00000000 primary_CA_addi_s8_r6
00000e36 l       .text	00000000 addi_s8_r6_apply
00000858 l       .text	00000000 primary_CB_addi_s8_r7
00000e3c l       .text	00000000 addi_s8_r7_apply
00000860 l       .text	00000000 primary_CC_cmpi_s8_r4
00000e42 l       .text	00000000 cmpi_s8_r4_apply
00000868 l       .text	00000000 primary_CD_cmpi_s8_r5
00000e4a l       .text	00000000 cmpi_s8_r5_apply
00000870 l       .text	00000000 primary_CE_cmpi_s8_r6
00000e52 l       .text	00000000 cmpi_s8_r6_apply
00000878 l       .text	00000000 primary_CF_cmpi_s8_r7
00000e5a l       .text	00000000 cmpi_s8_r7_apply
00000880 l       .text	00000000 primary_D0_breq8_rel8
00000e62 l       .text	00000000 breq8_rel8_decode_func
00000888 l       .text	00000000 primary_D1_brne8_rel8
00000e72 l       .text	00000000 brne8_rel8_decode_func
00000890 l       .text	00000000 primary_D2_brult8_rel8
00000e82 l       .text	00000000 brult8_rel8_decode_func
00000898 l       .text	00000000 primary_D3_brslt8_rel8
00000e92 l       .text	00000000 brslt8_rel8_decode_func
000008a0 l       .text	00000000 primary_D4_jmp8_rel8
00000f10 l       .text	00000000 jmp8_rel8_func
000008a8 l       .text	00000000 primary_D5_call8_rel8
00000f28 l       .text	00000000 call8_rel8_func
000008b0 l       .text	00000000 primary_D6_adjsp
00000f46 l       .text	00000000 adjsp_simm8_func
000008b8 l       .text	00000000 primary_D7_sys
00000fc8 l       .text	00000000 sys_decode_func
000008c0 l       .text	00000000 primary_D7_sys_end
000008c0 l       .text	00000000 primary_D8_bruge8_rel8
00000ea2 l       .text	00000000 bruge8_rel8_decode_func
000008c8 l       .text	00000000 primary_D9_brsge8_rel8
00000eb2 l       .text	00000000 brsge8_rel8_decode_func
000008d0 l       .text	00000000 primary_DA_breq16_rel16
00000ede l       .text	00000000 branch_rel16_decode_func
000008d8 l       .text	00000000 primary_DB_brne16_rel16
000008e0 l       .text	00000000 primary_DC_brult16_rel16
000008e8 l       .text	00000000 primary_DD_bruge16_rel16
000008f0 l       .text	00000000 primary_DE_brslt16_rel16
000008f8 l       .text	00000000 primary_DF_brsge16_rel16
00000900 l       .text	00000000 primary_E0_jmp16
00000f60 l       .text	00000000 jmp_call_rel16_func
00000908 l       .text	00000000 primary_E1_call16
00000910 l       .text	00000000 primary_E2_jmpf
00000f94 l       .text	00000000 jmp_call_far_func
00000918 l       .text	00000000 primary_E3_callf
00000920 l       .text	00000000 primary_E4_jmpp_q0
000012a8 l       .text	00000000 jmpp_seek_and_dispatch_func
00000928 l       .text	00000000 primary_E5_jmpp_q1
00000930 l       .text	00000000 primary_E6_jmpp_q2
00000938 l       .text	00000000 primary_E7_jmpp_q3
00000940 l       .text	00000000 primary_E8_callp_q0
000012aa l       .text	00000000 push_pc_seek_and_dispatch_func
00000948 l       .text	00000000 primary_E9_callp_q1
00000950 l       .text	00000000 primary_EA_callp_q2
00000958 l       .text	00000000 primary_EB_callp_q3
00000960 l       .text	00000000 primary_EC_divrem16_page
00000bb8 l       .text	00000000 ec_divrem16_entry
00000968 l       .text	00000000 primary_ED_displaced_load
00000a00 l       .text	00000000 displaced_memory_entry
00000970 l       .text	00000000 primary_EE_displaced_store
00000978 l       .text	00000000 primary_EF_ret
000012b8 l       .text	00000000 seek_and_dispatch_func
00000980 l       .text	00000000 primary_F0_cold_veneer_page
000018d8 l       .text	00000000 f0_veneer_table
00000d1e l       .text	00000000 secondary_width_1_stub
00000988 l       .text	00000000 primary_F1_dense_2word_page
000019b4 l       .text	00000000 f1_table
00000d02 l       .text	00000000 bounded_width_2_decode
00000990 l       .text	00000000 primary_F2_dense_3word_page_a
00001bf4 l       .text	00000000 f2_table
00000d22 l       .text	00000000 secondary_width_3_stub
00000998 l       .text	00000000 primary_F3_dense_3word_page_b
00001e7c l       .text	00000000 f3_table
000009a0 l       .text	00000000 primary_F4_dense_3word_page_c
000021b2 l       .text	00000000 f4_table
000009a8 l       .text	00000000 primary_F5_dense_4word_page_a
00002602 l       .text	00000000 f5_table
00000d26 l       .text	00000000 secondary_width_4_stub
000009b0 l       .text	00000000 primary_F6_dense_4word_page_b
00002902 l       .text	00000000 f6_table
000009b8 l       .text	00000000 primary_F7_dense_5word_page_a
00002b82 l       .text	00000000 f7_table
00000d2a l       .text	00000000 secondary_width_5_stub
000009c0 l       .text	00000000 primary_F8_simple_condition_page
00003150 l       .text	00000000 f8_table
000009c8 l       .text	00000000 primary_F9_runtime_bitwise_page
00000c8e l       .text	00000000 f9_bitop_entry
000009d0 l       .text	00000000 primary_FA_shift_page
0000334a l       .text	00000000 fa_forward_table
00000cda l       .text	00000000 fa_shift_decode
000009d8 l       .text	00000000 primary_FB_cmov_eq_ne_page
00003532 l       .text	00000000 cmov_table
00000d46 l       .text	00000000 cmov_gate
000009e0 l       .text	00000000 primary_FC_cmov_ult_uge_page
000009e8 l       .text	00000000 primary_FD_cmov_slt_sge_page
000009f0 l       .text	00000000 primary_FE_mul16_page
00003632 l       .text	00000000 fe_forward_table
000009f8 l       .text	00000000 primary_FF_floating_page
00000a4a l       .text	00000000 ff_decode
00000a00 l       .text	00000000 primary_table_end
00000a00 l       .text	00000000 displaced_memory_start
00001306 l       .text	00000000 invalid_secondary_instruction_func
00000a3e l       .text	00000000 displaced_memory_store
00000a30 l       .text	00000000 displaced_memory_load
0000132c l       .text	00000000 cluster_a_tail_18
00000a4a l       .text	00000000 displaced_memory_end
0000133e l       .text	00000000 ff_binary_helper_targets
00000a6c l       .text	00000000 ff_defined_short
00000b30 l       .text	00000000 ff_invalid
00000adc l       .text	00000000 ff_extended
00000ab2 l       .text	00000000 ff_binary_arithmetic
00000a76 l       .text	00000000 ff_sign_operation
00000a90 l       .text	00000000 ff_unary_math
00000a8a l       .text	00000000 ff_fabs_apply
00000a8c l       .text	00000000 ff_store_sign_byte
000043e8 l       .text	00000000 sqrtf
00003e2e l       .text	00000000 ff_bridge_unary_q_to_q
00003c06 l       .text	00000000 ff_direct_round_load_q
0000134e l       .text	00000000 ff_load_helper_target
00003d56 l       .text	00000000 ff_bridge_binary_q_to_q
00003aa4 l       .text	00000000 ff_direct_load_left_q
00000b32 l       .text	00000000 ff_compare
00000b46 l       .text	00000000 ff_classify
00001346 l       .text	00000000 ff_conversion_helper_targets
00003eca l       .text	00000000 ff_bridge_r16_to_q_u
00003ec0 l       .text	00000000 ff_bridge_r16_to_q_s
00003e46 l       .text	00000000 ff_bridge_q_to_r16
00003e38 l       .text	00000000 ff_bridge_q_to_q
00000c8e l       .text	00000000 ec_divrem16_end
00000cda l       .text	00000000 f9_bitop_end
00000cda l       .text	00000000 fa_shift_decode_start
00000d02 l       .text	00000000 fa_shift_decode_end
00000d02 l       .text	00000000 bounded_width_2_decode_start
00000d44 l       .text	00000000 invalid_secondary
00000d1e l       .text	00000000 bounded_width_2_decode_end
00000d1e l       .text	00000000 bounded_page_decoder_start
00000d2e l       .text	00000000 bounded_page_decode
00000d22 l       .text	00000000 secondary_width_1_stub_end
00000d26 l       .text	00000000 secondary_width_3_stub_end
00000d2a l       .text	00000000 secondary_width_4_stub_end
00000d2e l       .text	00000000 secondary_width_5_stub_end
00000d3c l       .text	00000000 bounded_page_valid
00000d46 l       .text	00000000 bounded_page_decoder_end
00000d6a l       .text	00000000 cmov_invalid
00000d68 l       .text	00000000 cmov_no_move
0000130a l       .text	00000000 cluster_a_tail
00000d6c l       .text	00000000 cmov_gate_end
00000d6e l       .text	00000000 flags_commit_18
00000d82 l       .text	00000000 cmpi_s8_flags_commit_17
00000d9c l       .text	00000000 cluster_tail_18_delay_3
00000da0 l       .text	00000000 stack_overflow_func
000012f8 l       .text	00000000 interp_delay_12
00000df2 l       .text	00000000 immediate_result_tail_reverse_delay_6
00000df4 l       .text	00000000 immediate_result_tail_reverse_delay_4
00000df6 l       .text	00000000 immediate_result_tail_reverse_delay_3
00000ec2 l       .text	00000000 branch_rel8_not_taken_func
00000eca l       .text	00000000 branch_rel8_taken_func
00000f08 l       .text	00000000 branch_rel16_taken_func
00000ef8 l       .text	00000000 branch_rel16_not_taken_func
00000f80 l       .text	00000000 rel16_read_high
00000f10 l       .text	00000000 branch_rel16_block_end
00000f90 l       .text	00000000 jmp_rel16_wait
00000fc4 l       .text	00000000 jmp_far_wait
00000fb0 l       .text	00000000 far_launch_high
000012f4 l       .text	00000000 interp_delay_14
00001300 l       .text	00000000 interp_delay_7
00000fda l       .text	00000000 sys_dispatch_table
00000fd4 l       .text	00000000 sys_dispatch_func
00001232 l       .text	00000000 sys_debug_putc_func
00001238 l       .text	00000000 sys_debug_break_func
0000123c l       .text	00000000 sys_millis_func
0000124a l       .text	00000000 sys_millis32_func
00001260 l       .text	00000000 sys_libm_func
000011da l       .text	00000000 sys_memcpy_func
000011de l       .text	00000000 sys_memcpy_p_func
000011e2 l       .text	00000000 sys_memset_func
000011e6 l       .text	00000000 sys_memmove_func
00001658 l       .text	00000000 sys_memcmp_p_impl
0000168a l       .text	00000000 sys_strcmp_p_impl
000016ae l       .text	00000000 sys_strlen_p_impl
000016f8 l       .text	00000000 sys_strncpy_p_impl
00001716 l       .text	00000000 sys_strncat_p_impl
0000173e l       .text	00000000 sys_memcmp_impl
00001756 l       .text	00000000 sys_strcmp_impl
00001768 l       .text	00000000 sys_strlen_impl
00001790 l       .text	00000000 sys_strncpy_impl
000017a6 l       .text	00000000 sys_strncat_impl
000017c0 l       .text	00000000 sys_display_impl
000011ea l       .text	00000000 sys_draw_sprite_func
000011f2 l       .text	00000000 sys_set_sprite_func
000011f6 l       .text	00000000 sys_draw_func
000011fe l       .text	00000000 sys_draw_filled_rect_func
00001202 l       .text	00000000 sys_platform_func
00001206 l       .text	00000000 sys_format_func
0000120c l       .text	00000000 sys_set_text_font_func
00001210 l       .text	00000000 sys_set_text_mode_func
00001214 l       .text	00000000 sys_draw_text_func
0000121a l       .text	00000000 sys_draw_text_p_func
00001220 l       .text	00000000 sys_draw_textfv_func
00001226 l       .text	00000000 sys_draw_textfv_p_func
0000122c l       .text	00000000 sys_debug_printfv_p_func
00001308 l       .text	00000000 invalid_syscall_func
000011da l       .text	00000000 sys_dispatch_table_end
00004b86 l       .text	00000000 sys_memcpy_impl
00004bb2 l       .text	00000000 sys_memcpy_p_impl
00004bda l       .text	00000000 sys_memset_impl
00004b40 l       .text	00000000 sys_memmove_impl
00004c4c l       .text	00000000 sys_draw_sprite_header_impl
00004c00 l       .text	00000000 sys_set_sprite_impl
00004c2a l       .text	00000000 sys_draw_cached_impl
000051fc l       .text	00000000 sys_draw_filled_rect_impl
0000533a l       .text	00000000 sys_platform_dispatch_impl
000055b8 l       .text	00000000 sys_format_impl
00005f86 l       .text	00000000 sys_set_text_font_impl
00005fd2 l       .text	00000000 sys_set_text_mode_impl
00005fe4 l       .text	00000000 sys_text_raw_impl
00001292 l       .text	00000000 sys_libm_target_table
00004566 l       .text	00000000 sinf
00004572 l       .text	00000000 cosf
000045c8 l       .text	00000000 atan2f
0000463e l       .text	00000000 tanf
00004754 l       .text	00000000 expf
00004830 l       .text	00000000 logf
000047ba l       .text	00000000 log2f
0000483c l       .text	00000000 log10f
00004848 l       .text	00000000 powf
000048e0 l       .text	00000000 hypotf
000049ac l       .text	00000000 fmodf
000012ba l       .text	00000000 seek_and_dispatch_func_disabled
000012fa l       .text	00000000 interp_delay_11
000012ee l       .text	00000000 interp_delay_17
000012f0 l       .text	00000000 interp_delay_16
000012f2 l       .text	00000000 interp_delay_15
000012f6 l       .text	00000000 interp_delay_13
000012fc l       .text	00000000 interp_delay_10
000012fe l       .text	00000000 interp_delay_9
00001302 l       .text	00000000 unimplemented_instruction_func
00001304 l       .text	00000000 invalid_primary_instruction_func
0000130c l       .text	00000000 cluster_a_tail_17_delay_2
00001310 l       .text	00000000 cluster_a_tail_17
0000130e l       .text	00000000 cluster_a_start
0000130e l       .text	00000000 cluster_a_tail_17_delay_1
00001326 l       .text	00000000 cluster_a_tail_18_delay_2
00001328 l       .text	00000000 flags_commit_a_18_delay_1
0000132a l       .text	00000000 cluster_a_tail_18_delay_1
0000133e l       .text	00000000 cluster_a_end
00003fee l       .text	00000000 __addsf3
00003fec l       .text	00000000 __subsf3
0000431e l       .text	00000000 __mulsf3
000040b4 l       .text	00000000 __divsf3
000041ea l       .text	00000000 __floatsisf
000041e6 l       .text	00000000 __floatunsisf
00004184 l       .text	00000000 __fixsfsi
0000418e l       .text	00000000 __fixunssfsi
0000135e l       .text	00000000 f0_fetch_u8_start
0000135e l       .text	00000000 f0_fetch_spec
0000135e l       .text	00000000 f0_fetch_s8
0000135e l       .text	00000000 f0_fetch_u8
0000136a l       .text	00000000 f0_fetch_u8_end
0000136a l       .text	00000000 f0_fetch_stack_u8_decode_r_to_xz_start
0000136a l       .text	00000000 f0_fetch_stack_u8_decode_r_to_xz
00001386 l       .text	00000000 f0_fetch_stack_u8_decode_r_to_xz_end
00001386 l       .text	00000000 f0_fetch_u16_start
00001386 l       .text	00000000 f0_fetch_addr16
00001386 l       .text	00000000 f0_fetch_imm16
00001386 l       .text	00000000 f0_fetch_u16
000013a4 l       .text	00000000 f0_fetch_u16_end
000013a4 l       .text	00000000 f0_fetch_addr16_decode_r_to_xz_start
000013a4 l       .text	00000000 f0_fetch_addr16_decode_r_to_xz
000013c6 l       .text	00000000 f0_fetch_addr16_decode_r_to_xz_end
000013c6 l       .text	00000000 f0_ldi8_r0_body
000013ce l       .text	00000000 f0_ldi8_r1_body
000013d6 l       .text	00000000 f0_ldi8_r2_body
000013de l       .text	00000000 f0_ldi8_r3_body
000013e6 l       .text	00000000 f0_ldi16_r0_body
000013ee l       .text	00000000 f0_ldi16_r1_body
000013f6 l       .text	00000000 f0_ldi16_r2_body
000013fe l       .text	00000000 f0_ldi16_r3_body
00001406 l       .text	00000000 f0_addi_s8_r0_body
00001414 l       .text	00000000 f0_addi_s8_r1_body
00001422 l       .text	00000000 f0_addi_s8_r2_body
00001430 l       .text	00000000 f0_addi_s8_r3_body
0000143e l       .text	00000000 f0_cmpi_s8_r0_body
0000144e l       .text	00000000 f0_cmpi_s8_r1_body
0000145e l       .text	00000000 f0_cmpi_s8_r2_body
0000146e l       .text	00000000 f0_cmpi_s8_r3_body
0000147e l       .text	00000000 f0_leasp_r_body
00001486 l       .text	00000000 f0_ldsp8u_r_body
00001490 l       .text	00000000 f0_ldsp8s_r_body
0000149e l       .text	00000000 f0_stsp8_r_body
000014a6 l       .text	00000000 f0_ldsp16_r_body
000014b2 l       .text	00000000 f0_stsp16_r_body
000014be l       .text	00000000 f0_absolute_bodies_start
000014be l       .text	00000000 f0_absolute_tail_18_delay_5
000014c2 l       .text	00000000 f0_ldm8u_r_body
000014cc l       .text	00000000 f0_stm8_r_body
000014d4 l       .text	00000000 f0_ldm16_r_body
000014e0 l       .text	00000000 f0_stm16_r_body
000014ec l       .text	00000000 f0_absolute_bodies_end
000014ec l       .text	00000000 f0_program_loads_start
000014ec l       .text	00000000 f0_ldp8u_body
0000156e l       .text	00000000 f0_program_prepare_func
000014fa l       .text	00000000 f0_ldp8s_body
0000150c l       .text	00000000 f0_ldp16_body
0000151a l       .text	00000000 f0_ldp24_body
0000152a l       .text	00000000 f0_ldp32_body
00001536 l       .text	00000000 f0_ldp8u_post_body
00001544 l       .text	00000000 f0_ldp16_post_body
00001552 l       .text	00000000 f0_ldp24_post_body
00001562 l       .text	00000000 f0_ldp32_post_body
000015c4 l       .text	00000000 f0_program_invalid
000015c6 l       .text	00000000 fx_read_program_bytes_func
000015c6 l       .text	00000000 f0_program_loads_end
000015c6 l       .text	00000000 fx_read_program_bytes_start
00001602 l       .text	00000000 fx_read_program_start_after_command_func
0000162e l       .text	00000000 fx_read_program_delay_7
000015f6 l       .text	00000000 fx_start_program_read_func
00001600 l       .text	00000000 fx_read_program_start_tail_entry
00001622 l       .text	00000000 fx_read_program_delay_17
00001624 l       .text	00000000 fx_read_program_delay_16
0000162a l       .text	00000000 fx_read_program_delay_11
0000162c l       .text	00000000 fx_read_program_delay_9
00001630 l       .text	00000000 fx_read_program_bytes_end
00001630 l       .text	00000000 sys_progmem_services_start
00001630 l       .text	00000000 sys_progmem_prepare_func
000016ce l       .text	00000000 fx_copy_program_string_n_func
00001732 l       .text	00000000 sys_progmem_services_end
00001732 l       .text	00000000 sys_ram_string_services_start
0000177c l       .text	00000000 sys_copy_string_n_func
000017c0 l       .text	00000000 sys_ram_string_services_end
000017c0 l       .text	00000000 sys_display_service_start
000017d4 l       .text	00000000 display_update_func
000017fc l       .text	00000000 sys_display_service_end
000017fc l       .text	00000000 f0_cold32_start
000017fc l       .text	00000000 f0_cold32_delay_1
000017fe l       .text	00000000 f0_cold32
00001878 l       .text	00000000 f0_cold32_invalid
00001856 l       .text	00000000 f0_cold32_cmp32
00001844 l       .text	00000000 f0_cold32_ld32
00001832 l       .text	00000000 f0_cold32_st32
0000187a l       .text	00000000 f0_cold32_end
0000187a l       .text	00000000 f0_coldmem_start
0000187a l       .text	00000000 f0_coldmem_delay_1
0000187c l       .text	00000000 f0_coldmem
000018be l       .text	00000000 f0_coldmem_store
0000189e l       .text	00000000 f0_coldmem_load
000018b8 l       .text	00000000 f0_coldmem_post_writeback
000018d6 l       .text	00000000 f0_coldmem_end
000018d6 l       .text	00000000 secondary_tables_before_cluster_b
000018d6 l       .text	00000000 secondary_unimplemented_a_func
000019b4 l       .text	00000000 f0_veneer_table_end
00001bf4 l       .text	00000000 f1_table_end
00001e7c l       .text	00000000 f2_table_end
0000217c l       .text	00000000 f3_table_end
0000217c l       .text	00000000 cluster_b_start
0000217c l       .text	00000000 cluster_b_tail_17_delay_1
0000217e l       .text	00000000 cluster_b_tail_17
00002194 l       .text	00000000 flags_commit_b_18_delay_2
00002196 l       .text	00000000 cluster_b_tail_18_delay_2
0000219c l       .text	00000000 cluster_b_tail_18
00002198 l       .text	00000000 flags_commit_b_18_delay_1
0000219a l       .text	00000000 cluster_b_tail_18_delay_1
0000219c l       .text	00000000 cluster_b_tail
000021ae l       .text	00000000 cluster_b_end
000021ae l       .text	00000000 secondary_tables_before_cluster_c
000021ae l       .text	00000000 secondary_unimplemented_b_func
000021b0 l       .text	00000000 secondary_invalid_b_func
00002602 l       .text	00000000 f4_table_end
00002902 l       .text	00000000 f5_table_end
00002b82 l       .text	00000000 f6_table_end
0000313e l       .text	00000000 cluster_c_tail_18
00003122 l       .text	00000000 f7_table_end
00003122 l       .text	00000000 cluster_c_start
00003122 l       .text	00000000 cluster_c_tail_17_delay_1
00003124 l       .text	00000000 cluster_c_tail_17
0000313a l       .text	00000000 cluster_c_tail_18_delay_2
0000313c l       .text	00000000 cluster_c_tail_18_delay_1
0000313e l       .text	00000000 cluster_c_tail
0000313e l       .text	00000000 cmov_tail
00003150 l       .text	00000000 cluster_c_end
00003150 l       .text	00000000 secondary_tables_after_cluster_c
00003330 l       .text	00000000 f8_table_end
00003330 l       .text	00000000 fa_immediate_jump_table
0000340a l       .text	00000000 fa_shl_r4
00003422 l       .text	00000000 fa_shl_r5
0000343a l       .text	00000000 fa_shl_r6
00003452 l       .text	00000000 fa_shl_r7
0000346a l       .text	00000000 fa_lsr_r4
00003482 l       .text	00000000 fa_lsr_r5
0000349a l       .text	00000000 fa_lsr_r6
000034b2 l       .text	00000000 fa_lsr_r7
000034ca l       .text	00000000 fa_asr_r4
000034e4 l       .text	00000000 fa_asr_r5
000034fe l       .text	00000000 fa_asr_r6
00003518 l       .text	00000000 fa_asr_r7
00003348 l       .text	00000000 fa_immediate_invalid
0000334a l       .text	00000000 fa_immediate_jump_table_end
0000340a l       .text	00000000 fa_forward_table_end
00003532 l       .text	00000000 fa_shift_bodies_end
00003632 l       .text	00000000 cmov_table_end
00003732 l       .text	00000000 fe_mul16_r0
00003742 l       .text	00000000 fe_mul16_r1
00003752 l       .text	00000000 fe_mul16_r2
00003762 l       .text	00000000 fe_mul16_r3
00003772 l       .text	00000000 fe_mul16_r4
00003782 l       .text	00000000 fe_mul16_r5
00003792 l       .text	00000000 fe_mul16_r6
000037a2 l       .text	00000000 fe_mul16_r7
00003732 l       .text	00000000 fe_forward_table_end
000037b2 l       .text	00000000 fe_mul16_bodies_end
000037b2 l       .text	00000000 fx_seek_to_pc
000037e8 l       .text	00000000 fx_seek_delay_10
000037dc l       .text	00000000 fx_seek_delay_17
000037de l       .text	00000000 fx_seek_delay_16
000037e0 l       .text	00000000 fx_seek_delay_14
000037e2 l       .text	00000000 fx_seek_delay_13
000037e4 l       .text	00000000 fx_seek_delay_12
000037e6 l       .text	00000000 fx_seek_delay_11
000037ea l       .text	00000000 fx_seek_delay_9
000037ec l       .text	00000000 fx_seek_delay_7
00003a08 l       .text	00000000 hardware_init_pins_func
00003a76 l       .text	00000000 oled_startup_init_func
000039f4 l       .text	00000000 fx_spi_transfer_blocking
00003a00 l       .text	00000000 fx_startup_wake_delay
0000387c l       .text	00000000 startup_find_development_image
000038ac l       .text	00000000 startup_read_header
00003998 l       .text	00000000 startup_try_tail
00003972 l       .text	00000000 startup_invalid_image
000039dc l       .text	00000000 fx_startup_begin_read
000039f2 l       .text	00000000 fx_startup_read_byte
00003922 l       .text	00000000 startup_copy_data
0000394a l       .text	00000000 startup_enter_image
0000393e l       .text	00000000 startup_copy_data_loop
00003952 l       .text	00000000 startup_clear_framebuffer_loop
00003978 l       .text	00000000 timer0_init_func
00003976 l       .text	00000000 startup_invalid_image_loop
000039d6 l       .text	00000000 startup_try_tail_fail
000039d8 l       .text	00000000 startup_try_tail_fail_disabled
00003a5c l       .text	00000000 oled_reset_delay_5ms_func
00003a6a l       .text	00000000 oled_spi_transfer_blocking_func
00003a96 l       .text	00000000 oled_boot_program
00003aa3 l       .text	00000000 oled_boot_program_end
00003ace l       .text	00000000 ff_direct_load_right_q
00003af4 l       .text	00000000 ff_direct_operands_ready
00003f9a l       .text	00000000 ff_store_q_result
00003fde l       .text	00000000 ff_bridge_store_r16
00003c2a l       .text	00000000 ff_direct_round_ready
00003d8e l       .text	00000000 ff_binary_marshal_table
00003f12 l       .text	00000000 ff_bridge_call_heavy_q0_result
00003f28 l       .text	00000000 ff_bridge_call_heavy_q1_result
00003f3e l       .text	00000000 ff_bridge_call_heavy_q2_result
00003f50 l       .text	00000000 ff_bridge_call_heavy_q3_result
00003e2e l       .text	00000000 ff_binary_marshal_table_end
00003e54 l       .text	00000000 ff_bridge_save_heavy_q_source
00003e78 l       .text	00000000 ff_bridge_save_light_q_source
00003eb4 l       .text	00000000 ff_bridge_q_source_ready
00003f5e l       .text	00000000 ff_bridge_call_heavy_q_result
00003fce l       .text	00000000 ff_bridge_call_light_r16_result
00003f8a l       .text	00000000 ff_bridge_call_light_q_result
00003ed2 l       .text	00000000 ff_bridge_save_light_r16_source
00003efa l       .text	00000000 ff_bridge_marshal_r16_u
00003ede l       .text	00000000 ff_bridge_marshal_r16_s
00003fa6 l       .text	00000000 ff_cluster_tail_18
00004010 l       .text	00000000 __addsf3x
000042aa l       .text	00000000 __fp_round
0000428e l       .text	00000000 __fp_pscA
0000429c l       .text	00000000 __fp_pscB
00004288 l       .text	00000000 __fp_nan
00004260 l       .text	00000000 __fp_inf
000042cc l       .text	00000000 __fp_split3
00004310 l       .text	00000000 __fp_zero
000040ce l       .text	00000000 __divsf3x
00004312 l       .text	00000000 __fp_szero
000040d2 l       .text	00000000 __divsf3_pse
000042dc l       .text	00000000 __fp_splitA
0000426c l       .text	00000000 __fp_mpack
00004270 l       .text	00000000 __fp_mpack_finite
00004334 l       .text	00000000 __mulsf3x
00004338 l       .text	00000000 __mulsf3_pse
000043e8 l       .text	00000000 sqrt
00004466 l       .text	00000000 __fp_norm2
00004474 l       .text	00000000 squaref
0000447a l       .text	00000000 __inversef
00004488 l       .text	00000000 __fp_powser
000044d2 l       .text	00000000 __fp_powsodd
000044f4 l       .text	00000000 __fp_rempio2
00004544 l       .text	00000000 __fp_sinus
00004a50 l       .text	00000000 sinf_coefficients
00004578 l       .text	00000000 atanf
00004a6e l       .text	00000000 atanf_coefficients
00004a9b l       .text	00000000 tanf_coefficients
0000467e l       .text	00000000 modff
000046e4 l       .text	00000000 ldexpf
00004abe l       .text	00000000 expf_coefficients
00004ae6 l       .text	00000000 log2f_low_coefficients
00004b13 l       .text	00000000 log2f_high_coefficients
00004b40 l       .text	00000000 avrlibm_embedded_end
000051f0 l       .text	00000000 sprite_delay_12
000051f4 l       .text	00000000 sprite_delay_10
00004cca l       .text	00000000 draw_bitmap_seek_nonempty_func
00004cf0 l       .text	00000000 draw_bitmap_seek_visible_text_func
00004f10 l       .text	00000000 sprite_overwrite_row_dispatch
00004f68 l       .text	00000000 sprite_erase_row_dispatch
00004f40 l       .text	00000000 sprite_plus_row_dispatch
00004f54 l       .text	00000000 sprite_self_row_dispatch
00004e66 l       .text	00000000 draw_bitmap_seek_prepared_text_func
000051ec l       .text	00000000 sprite_delay_14
000051fa l       .text	00000000 sprite_delay_7
000051e6 l       .text	00000000 sprite_delay_17
000051e8 l       .text	00000000 sprite_delay_16
000051ea l       .text	00000000 sprite_delay_15
000051ee l       .text	00000000 sprite_delay_13
000051f2 l       .text	00000000 sprite_delay_11
000051f6 l       .text	00000000 sprite_delay_9
000051f8 l       .text	00000000 sprite_delay_8
000051fc l       .text	00000000 sys_draw_filled_rect_start
0000533a l       .text	00000000 sys_draw_filled_rect_end
00005346 l       .text	00000000 sys_platform_dispatch_table
00005352 l       .text	00000000 sys_buttons_impl
00005372 l       .text	00000000 sys_idle_impl
0000537e l       .text	00000000 sys_generate_random_seed_impl
000053c6 l       .text	00000000 sys_persistence_begin_func
00005352 l       .text	00000000 sys_platform_dispatch_table_end
000053da l       .text	00000000 sys_persistence_dispatch_table
0000547e l       .text	00000000 sys_save_impl
0000552a l       .text	00000000 sys_load_impl
00005582 l       .text	00000000 sys_save_exists_impl
000053e0 l       .text	00000000 sys_persistence_dispatch_table_end
000053e0 l       .text	00000000 save_fx_transfer
000053e8 l       .text	00000000 fx_read_image_save_size_func
00005412 l       .text	00000000 fx_save_begin_command_func
00005434 l       .text	00000000 fx_save_write_enable_func
00005440 l       .text	00000000 fx_save_wait_busy_func
00005454 l       .text	00000000 fx_save_erase_sector_func
00005462 l       .text	00000000 fx_save_begin_program_page_func
0000546a l       .text	00000000 fx_save_record_end_func
00005474 l       .text	00000000 fx_save_record_fits_func
0000589a l       .text	00000000 format_core
00006056 l       .text	00000000 text_finish
00005666 l       .text	00000000 format_finish
000056b0 l       .text	00000000 format_unexpected_character
000056b4 l       .text	00000000 format_add_count
000056c4 l       .text	00000000 format_emit_repeat
000060be l       .text	00000000 text_emit_repeat
00005700 l       .text	00000000 format_emit_ram_span
000060d4 l       .text	00000000 text_emit_ram_span
00005740 l       .text	00000000 format_compute_padding
00005756 l       .text	00000000 format_emit_padding_spaces
00005764 l       .text	00000000 format_emit_pre_padding
0000576a l       .text	00000000 format_emit_post_padding
00005770 l       .text	00000000 format_spi_delay_16
00005776 l       .text	00000000 format_spi_delay_11
0000577a l       .text	00000000 format_spi_delay_7
0000577c l       .text	00000000 format_fx_begin_read
000057a8 l       .text	00000000 format_read_program_chunk
000057ec l       .text	00000000 format_get_char
00005826 l       .text	00000000 format_refill_program_cache
00005852 l       .text	00000000 format_arg_u16
00005868 l       .text	00000000 format_arg_u32
00005882 l       .text	00000000 format_arg_program_pointer
0000612e l       .text	00000000 format_emit_char
00005a4c l       .text	00000000 format_conversion_percent
00005a66 l       .text	00000000 format_conversion_char
00005a88 l       .text	00000000 format_conversion_string
00005af4 l       .text	00000000 format_conversion_program_string
00005c28 l       .text	00000000 format_conversion_program_pointer
00005c18 l       .text	00000000 format_conversion_pointer
00005c9a l       .text	00000000 format_conversion_integer
000062e8 l       .text	00000000 format_conversion_float
00005a48 l       .text	00000000 format_validate_default_length
00005c8e l       .text	00000000 format_hex_nibble_to_char
00005d4c l       .text	00000000 format_generate_integer_digits
00005e42 l       .text	00000000 format_prepare_integer_field
00005efe l       .text	00000000 format_emit_integer_field
00005e0c l       .text	00000000 format_divide_u32_by_10
00005e28 l       .text	00000000 format_divide_byte_by_10
00006130 l       .text	00000000 text_emit_char_raw
00006130 l       .text	00000000 text_emit_char_repeat
00006130 l       .text	00000000 text_emit_char_span
00006130 l       .text	00000000 text_emit_char
000062cc l       .text	00000000 format_float_veneer_validate_default_length
000062d0 l       .text	00000000 format_float_veneer_arg_u32
000062d4 l       .text	00000000 format_float_veneer_compute_padding
000062d8 l       .text	00000000 format_float_veneer_emit_pre_padding
000062dc l       .text	00000000 format_float_veneer_emit_post_padding
000062e0 l       .text	00000000 format_float_veneer_emit_char
000062e4 l       .text	00000000 format_float_veneer_emit_ram_span
00006846 l       .text	00000000 format_conversion_float_hex
00006438 l       .text	00000000 format_conversion_float_decimal
00006312 l       .text	00000000 format_float_set_sign
00006342 l       .text	00000000 format_float_emit_sign
0000634e l       .text	00000000 format_float_content_add_u8
0000635c l       .text	00000000 format_float_begin_decimal_field
00006382 l       .text	00000000 format_float_begin_hex_field
000063bc l       .text	00000000 format_float_emit_zeroes
000063c4 l       .text	00000000 format_float_store_precision
000063ce l       .text	00000000 format_float_emit_point_if_needed
000063e4 l       .text	00000000 format_float_emit_special
00006516 l       .text	00000000 format_float_call_decimal_engine
0000657e l       .text	00000000 format_float_emit_fixed
000066d8 l       .text	00000000 format_float_emit_exponential
00006760 l       .text	00000000 format_float_emit_general
00006b54 l       .text	00000000 format_ftoa_engine
000067ea l       .text	00000000 format_float_emit_decimal_exponent_two
000069be l       .text	00000000 format_float_hex_round
00006a3e l       .text	00000000 format_float_hex_generate_six
00006ab8 l       .text	00000000 format_float_hex_exponent_digit_count
00006adc l       .text	00000000 format_float_emit_hex_exponent
00006aa0 l       .text	00000000 format_float_hex_nibble_to_char
00006d64 l       .text	00000000 format_ftoa_base10
00006d0a l       .text	00000000 format_ftoa_powr10
00000a66 l       .text	00000000 .Lff_check_extended
00000aa4 l       .text	00000000 .Lff_direct_round_prepare
00000ac4 l       .text	00000000 .Lff_direct_minmax_prepare
00000afa l       .text	00000000 .Lff_validate_rqspec
00000afe l       .text	00000000 .Lff_validate_qqspec
00000b02 l       .text	00000000 .Lff_validate_rqqspec
00000b04 l       .text	00000000 .Lff_validate_done
00000b2c l       .text	00000000 .Lff_conversion_q_to_q
00000b28 l       .text	00000000 .Lff_conversion_q_to_r16
00000b7a l       .text	00000000 .Lff_class_exp_zero
00000b84 l       .text	00000000 .Lff_class_exp_max
00000b94 l       .text	00000000 .Lff_class_numeric
00000b8c l       .text	00000000 .Lff_class_nan
00000b9c l       .text	00000000 .Lff_class_build_mask
00000bac l       .text	00000000 .Lff_class_store
00000ba2 l       .text	00000000 .Lff_class_shift_loop
00000c5c l       .text	00000000 .Lec_divrem16_zero
00000c14 l       .text	00000000 .Lec_divrem16_magnitudes_ready
00000c0a l       .text	00000000 .Lec_divrem16_dividend_positive
00000c6e l       .text	00000000 .Lec_divrem16_8bit
00000c34 l       .text	00000000 .Lec_divrem16_no_subtract16_a
00000c48 l       .text	00000000 .Lec_divrem16_no_subtract16_b
00000c20 l       .text	00000000 .Lec_divrem16_loop16
00000c64 l       .text	00000000 .Lec_divrem16_store
00000c7c l       .text	00000000 .Lec_divrem16_no_subtract8_a
00000c88 l       .text	00000000 .Lec_divrem16_no_subtract8_b
00000c70 l       .text	00000000 .Lec_divrem16_loop8
00000c4c l       .text	00000000 .Lec_divrem16_select_result
00000cd0 l       .text	00000000 .Lf9_high_operation
00000cc6 l       .text	00000000 .Lf9_and
00000cca l       .text	00000000 .Lf9_store
00000cd8 l       .text	00000000 .Lf9_invalid
00000cfa l       .text	00000000 .Lfa_register_count
00001576 l       .text	00000000 .Lf0_program_scalar_spec
00001578 l       .text	00000000 .Lf0_program_spec_checked
000015a0 l       .text	00000000 .Lf0_program_alias_valid
000015bc l       .text	00000000 .Lf0_program_no_update
000015d8 l       .text	00000000 .Lfx_read_program_loop
000015ec l       .text	00000000 .Lfx_read_program_final_short
0000164a l       .text	00000000 .Lsys_progmem_compare_less
00001654 l       .text	00000000 .Lsys_progmem_finish
00001684 l       .text	00000000 .Lsys_memcmp_p_zero
0000166a l       .text	00000000 .Lsys_memcmp_p_loop
00001642 l       .text	00000000 .Lsys_progmem_compare_mismatch
00001650 l       .text	00000000 .Lsys_progmem_compare_equal
00001694 l       .text	00000000 .Lsys_strcmp_p_loop
000016b8 l       .text	00000000 .Lsys_strlen_p_loop
000016cc l       .text	00000000 .Lsys_strlen_p_finish_wait
000016d6 l       .text	00000000 .Lfx_copy_program_string_n_loop
000016ec l       .text	00000000 .Lfx_copy_program_string_n_nonzero
000016f4 l       .text	00000000 .Lfx_copy_program_string_n_done
00001714 l       .text	00000000 .Lsys_strncpy_p_zero
00001712 l       .text	00000000 .Lsys_strncpy_p_done
0000170a l       .text	00000000 .Lsys_strncpy_p_pad
00001730 l       .text	00000000 .Lsys_strncat_p_zero
00001720 l       .text	00000000 .Lsys_strncat_p_scan
0000172e l       .text	00000000 .Lsys_strncat_p_done
00001732 l       .text	00000000 .Lsys_ram_compare_store_difference
0000173a l       .text	00000000 .Lsys_ram_compare_zero
00001748 l       .text	00000000 .Lsys_memcmp_loop
0000175a l       .text	00000000 .Lsys_strcmp_loop
0000176a l       .text	00000000 .Lsys_strlen_loop
0000178c l       .text	00000000 .Lsys_copy_string_n_nonzero
0000177e l       .text	00000000 .Lsys_copy_string_n_loop
000017be l       .text	00000000 .Lsys_ram_string_done
0000179e l       .text	00000000 .Lsys_strncpy_pad
000017ae l       .text	00000000 .Lsys_strncat_scan
000017c6 l       .text	00000000 .Lsys_display_wait_fx
000017e8 l       .text	00000000 .Ldisplay_ssd_delay
000017e0 l       .text	00000000 .Ldisplay_ssd_loop
00003416 l       .text	00000000 .Lfa_shl_no8_1634
00003420 l       .text	00000000 .Lfa_shl_done_1634
00003418 l       .text	00000000 .Lfa_shl_loop_1634
0000342e l       .text	00000000 .Lfa_shl_no8_1635
00003438 l       .text	00000000 .Lfa_shl_done_1635
00003430 l       .text	00000000 .Lfa_shl_loop_1635
00003446 l       .text	00000000 .Lfa_shl_no8_1636
00003450 l       .text	00000000 .Lfa_shl_done_1636
00003448 l       .text	00000000 .Lfa_shl_loop_1636
0000345e l       .text	00000000 .Lfa_shl_no8_1637
00003468 l       .text	00000000 .Lfa_shl_done_1637
00003460 l       .text	00000000 .Lfa_shl_loop_1637
00003476 l       .text	00000000 .Lfa_lsr_no8_1638
00003480 l       .text	00000000 .Lfa_lsr_done_1638
00003478 l       .text	00000000 .Lfa_lsr_loop_1638
0000348e l       .text	00000000 .Lfa_lsr_no8_1639
00003498 l       .text	00000000 .Lfa_lsr_done_1639
00003490 l       .text	00000000 .Lfa_lsr_loop_1639
000034a6 l       .text	00000000 .Lfa_lsr_no8_1640
000034b0 l       .text	00000000 .Lfa_lsr_done_1640
000034a8 l       .text	00000000 .Lfa_lsr_loop_1640
000034be l       .text	00000000 .Lfa_lsr_no8_1641
000034c8 l       .text	00000000 .Lfa_lsr_done_1641
000034c0 l       .text	00000000 .Lfa_lsr_loop_1641
000034d8 l       .text	00000000 .Lfa_asr_no8_1642
000034e2 l       .text	00000000 .Lfa_asr_done_1642
000034da l       .text	00000000 .Lfa_asr_loop_1642
000034f2 l       .text	00000000 .Lfa_asr_no8_1643
000034fc l       .text	00000000 .Lfa_asr_done_1643
000034f4 l       .text	00000000 .Lfa_asr_loop_1643
0000350c l       .text	00000000 .Lfa_asr_no8_1644
00003516 l       .text	00000000 .Lfa_asr_done_1644
0000350e l       .text	00000000 .Lfa_asr_loop_1644
00003526 l       .text	00000000 .Lfa_asr_no8_1645
00003530 l       .text	00000000 .Lfa_asr_done_1645
00003528 l       .text	00000000 .Lfa_asr_loop_1645
0000389a l       .text	00000000 .L11
000038c0 l       .text	00000000 .L12
000038c8 l       .text	00000000 .L13
000038d0 l       .text	00000000 .L14
000038d8 l       .text	00000000 .L15
000038e0 l       .text	00000000 .L16
00003906 l       .text	00000000 .L17
00003914 l       .text	00000000 .L18
0000390e l       .text	00000000 .L21
00003922 l       .text	00000000 .L31
00003936 l       .text	00000000 .L41
000039f6 l       .text	00000000 .L19
00003a02 l       .text	00000000 .L110
00003a60 l       .text	00000000 .L22
00003a5e l       .text	00000000 .L111
00003a6c l       .text	00000000 .L112
00003a86 l       .text	00000000 .L113
00003ac0 l       .text	00000000 .Lff_direct_left_high
00003aba l       .text	00000000 .Lff_direct_left_q1
00003aca l       .text	00000000 .Lff_direct_left_q3
00003ae6 l       .text	00000000 .Lff_direct_right_high
00003ae0 l       .text	00000000 .Lff_direct_right_q1
00003af0 l       .text	00000000 .Lff_direct_right_q3
00003b1e l       .text	00000000 .Lff_direct_left_not_nan
00003b16 l       .text	00000000 .Lff_direct_left_nan_fraction_zero
00003b22 l       .text	00000000 .Lff_direct_left_nan
00003b28 l       .text	00000000 .Lff_direct_check_right_nan
00003bfc l       .text	00000000 .Lff_direct_cmp_unordered
00003be0 l       .text	00000000 .Lff_direct_select_right
00003b50 l       .text	00000000 .Lff_direct_right_not_nan
00003b48 l       .text	00000000 .Lff_direct_right_nan_fraction_zero
00003b54 l       .text	00000000 .Lff_direct_right_nan
00003b5a l       .text	00000000 .Lff_direct_compare_numeric
00003be4 l       .text	00000000 .Lff_direct_select_left
00003b86 l       .text	00000000 .Lff_direct_compare_signs
00003b72 l       .text	00000000 .Lff_direct_left_zero
00003bc6 l       .text	00000000 .Lff_direct_equal
00003b90 l       .text	00000000 .Lff_direct_left_negative
00003bd6 l       .text	00000000 .Lff_direct_greater
00003bae l       .text	00000000 .Lff_direct_compare_positive
00003bcc l       .text	00000000 .Lff_direct_less
00003bf0 l       .text	00000000 .Lff_direct_cmp_equal
00003bea l       .text	00000000 .Lff_direct_cmp_less
00003bf6 l       .text	00000000 .Lff_direct_cmp_greater
00003c00 l       .text	00000000 .Lff_direct_cmp_store
00003c1c l       .text	00000000 .Lff_direct_round_high
00003c16 l       .text	00000000 .Lff_direct_round_q1
00003c26 l       .text	00000000 .Lff_direct_round_q3
00003c3a l       .text	00000000 .Lff_direct_round_not_integral
00003d50 l       .text	00000000 .Lff_direct_round_finish
00003c7e l       .text	00000000 .Lff_direct_round_fractional_integer
00003c4c l       .text	00000000 .Lff_direct_round_small_nonzero
00003c74 l       .text	00000000 .Lff_direct_round_make_zero
00003c5a l       .text	00000000 .Lff_direct_round_small_high_mode
00003c68 l       .text	00000000 .Lff_direct_round_make_one
00003c64 l       .text	00000000 .Lff_direct_round_small_round
00003cb2 l       .text	00000000 .Lff_direct_round_compact_low
00003ca4 l       .text	00000000 .Lff_direct_round_compact_mid
00003cb8 l       .text	00000000 .Lff_direct_round_compact_partial
00003cf8 l       .text	00000000 .Lff_direct_round_compact_boundary
00003cba l       .text	00000000 .Lff_direct_round_compact_mask_loop
00003ccc l       .text	00000000 .Lff_direct_round_compact_no_half
00003cce l       .text	00000000 .Lff_direct_round_compact_half_done
00003cd8 l       .text	00000000 .Lff_direct_round_compact_no_discard
00003cf0 l       .text	00000000 .Lff_direct_round_compact_clear_low
00003cea l       .text	00000000 .Lff_direct_round_compact_clear_mid
00003cf2 l       .text	00000000 .Lff_direct_round_compact_restore_ulp
00003d0e l       .text	00000000 .Lff_direct_round_decide_increment
00003d06 l       .text	00000000 .Lff_direct_round_compact_boundary_no_discard
00003d0c l       .text	00000000 .Lff_direct_round_compact_boundary_mid
00003d4c l       .text	00000000 .Lff_direct_round_restore_sign
00003d20 l       .text	00000000 .Lff_direct_round_high_mode_increment
00003d2c l       .text	00000000 .Lff_direct_round_apply_direct_ulp
00003d28 l       .text	00000000 .Lff_direct_round_round_increment
00003d44 l       .text	00000000 .Lff_direct_round_add_low
00003d3c l       .text	00000000 .Lff_direct_round_add_mid
00003d68 l       .text	00000000 .Lff_bridge_heavy_binary_high_dest
00003d7a l       .text	00000000 .Lff_bridge_heavy_binary_saved
00003d76 l       .text	00000000 .Lff_bridge_heavy_binary_save_q3
00003e68 l       .text	00000000 .Lff_bridge_heavy_q_source_save_q2
00003e72 l       .text	00000000 .Lff_bridge_heavy_q_source_save_q3
00003e8e l       .text	00000000 .Lff_bridge_q_source_saved
00003e86 l       .text	00000000 .Lff_bridge_light_q_source_check_r16
00003ea6 l       .text	00000000 .Lff_q_source_high
00003ea0 l       .text	00000000 .Lff_q_source_q1
00003eb0 l       .text	00000000 .Lff_q_source_q3
00003eba l       .text	00000000 .Lff_bridge_q_source_light_result
00003eda l       .text	00000000 .Lff_bridge_light_r16_source_saved
00003f7a l       .text	00000000 .Lff_bridge_restore_heavy_q2
00003f84 l       .text	00000000 .Lff_bridge_restore_heavy_q3
00003fbe l       .text	00000000 .Lff_store_q_high
00003fb8 l       .text	00000000 .Lff_store_q1
00003fc8 l       .text	00000000 .Lff_store_q3
00004006 l       .text	00000000 .L__addsf3_nan
0000400c l       .text	00000000 .L__addsf3_infinity
00004008 l       .text	00000000 .L__addsf3_infinity_b
00003ff6 l       .text	00000000 .L__addsf3_special_cases
00004028 l       .text	00000000 .L__addsf3x_swap_operands
0000403e l       .text	00000000 .L__addsf3x_align_mantissas
0000408a l       .text	00000000 .L__addsf3x_add_mantissas
0000402c l       .text	00000000 .L__addsf3x_swap_values
0000406a l       .text	00000000 .L__addsf3x_combine_mantissas
0000405c l       .text	00000000 .L__addsf3x_align_bits
000040a6 l       .text	00000000 .L__addsf3x_pack_result
00004042 l       .text	00000000 .L__addsf3x_align_bytes
000040a4 l       .text	00000000 .L__addsf3x_increment_exponent
00004078 l       .text	00000000 .L__addsf3x_normalize_difference
000040ac l       .text	00000000 .L__addsf3x_apply_sign
000040cc l       .text	00000000 .L__divsf3_nan
000040ca l       .text	00000000 .L__divsf3_szero
000040b8 l       .text	00000000 .L__divsf3_special_cases
000040c8 l       .text	00000000 .L__divsf3_zero_numerator
000040c6 l       .text	00000000 .L__divsf3_infinity
000040f8 l       .text	00000000 .L__divsf3_begin_quotient
000040e2 l       .text	00000000 .L__divsf3_normalize_divisor
00004160 l       .text	00000000 .L__divsf3_divide_byte
0000410c l       .text	00000000 .L__divsf3_build_remaining_quotient
00004162 l       .text	00000000 .L__divsf3_divide_bit
000040fe l       .text	00000000 .L__divsf3_build_leading_quotient
00004128 l       .text	00000000 .L__divsf3_finish_quotient
0000413e l       .text	00000000 .L__divsf3_prepare_denormal
00004154 l       .text	00000000 .L__divsf3_pack_result
0000413c l       .text	00000000 .L__divsf3_underflow_zero
00004146 l       .text	00000000 .L__divsf3_denormalize
0000417c l       .text	00000000 .L__divsf3_divide_emit_bit
000041b4 l       .text	00000000 .L__fixunssfsi_error
000041ba l       .text	00000000 .L__fixunssfsi_zero
000041c6 l       .text	00000000 .L__fixunssfsi_select_right_shift
000041d4 l       .text	00000000 .L__fixunssfsi_apply_sign
000041b0 l       .text	00000000 .L__fixunssfsi_check_signed_overflow
000041a0 l       .text	00000000 .L__fixunssfsi_shift_left
000041bc l       .text	00000000 .L__fixunssfsi_shift_right_byte
000041ca l       .text	00000000 .L__fixunssfsi_shift_right_bit
000041e4 l       .text	00000000 .L__fixunssfsi_return
000041fc l       .text	00000000 .L__floatsisf_magnitude_ready
0000422a l       .text	00000000 .L__floatsisf_check_middle_byte
00004206 l       .text	00000000 .L__floatsisf_shift_right
00004256 l       .text	00000000 .L__floatsisf_pack
00004220 l       .text	00000000 .L__floatsisf_round_up
00004232 l       .text	00000000 .L__floatsisf_check_low_word
00004254 l       .text	00000000 .L__floatsisf_continue_left_shift
0000423e l       .text	00000000 .L__floatsisf_check_low_byte
00004248 l       .text	00000000 .L__floatsisf_prepare_left_shift
0000425e l       .text	00000000 .L__floatsisf_return
0000424c l       .text	00000000 .L__floatsisf_shift_left
0000427c l       .text	00000000 .L__fp_mpack_pack_common
000042b6 l       .text	00000000 .L__fp_round_check_rounding
000042ca l       .text	00000000 .L__fp_round_return
000042c2 l       .text	00000000 .L__fp_round_increment
000042ec l       .text	00000000 .L__fp_split3_b_zero_or_subnormal
000042f6 l       .text	00000000 .L__fp_split3_b_nonfinite
000042fc l       .text	00000000 .L__fp_splitA_zero_or_subnormal
00004306 l       .text	00000000 .L__fp_splitA_nonfinite
000042da l       .text	00000000 .L__fp_split3_restore_b_mantissa
0000430c l       .text	00000000 .L__fp_splitA_return_nonfinite
000042e8 l       .text	00000000 .L__fp_splitA_restore_mantissa
00004330 l       .text	00000000 .L__mulsf3_nan
00004322 l       .text	00000000 .L__mulsf3_special_cases
00004332 l       .text	00000000 .L__mulsf3_szero
000043ba l       .text	00000000 .L__mulsf3_prepare_denormal
000043d2 l       .text	00000000 .L__mulsf3_pack_result
000043b0 l       .text	00000000 .L__mulsf3_check_overflow
0000439a l       .text	00000000 .L__mulsf3_normalize
000043b8 l       .text	00000000 .L__mulsf3_underflow_zero
000043c2 l       .text	00000000 .L__mulsf3_denormalize
000043e6 l       .text	00000000 .L_sqrtf_pack
000043e0 l       .text	00000000 .L_sqrtf_nonfinite
000043e4 l       .text	00000000 .L_sqrtf_nan
00004416 l       .text	00000000 .L_sqrtf_compare_trial
0000441e l       .text	00000000 .L_sqrtf_accept_trial
0000442a l       .text	00000000 .L_sqrtf_advance_digit
0000440e l       .text	00000000 .L_sqrtf_digit_loop
00004448 l       .text	00000000 .L_sqrtf_accept_rounding_bit
00004454 l       .text	00000000 .L_sqrtf_advance_rounding
00004438 l       .text	00000000 .L_sqrtf_rounding_loop
000044a8 l       .text	00000000 .L__fp_powser_load_coefficient
0000449e l       .text	00000000 .L__fp_powser_capture_degree
000044a0 l       .text	00000000 .L__fp_powser_multiply_loop
000044fa l       .text	00000000 .L__fp_rempio2_finite
00004540 l       .text	00000000 .L__fp_rempio2_pack
00004518 l       .text	00000000 .L__fp_rempio2_compare
00004522 l       .text	00000000 .L__fp_rempio2_subtract
0000452c l       .text	00000000 .L__fp_rempio2_advance
0000450c l       .text	00000000 .L__fp_rempio2_loop
00004534 l       .text	00000000 .L__fp_rempio2_normalize
00004556 l       .text	00000000 .L__fp_sinus_round_remainder
00004592 l       .text	00000000 .Latanf_reduced
000045c4 l       .text	00000000 .Latanf_finish
000045d2 l       .text	00000000 .Latan2f_operands_finite
00004620 l       .text	00000000 .Latan2f_nonfinite
0000463c l       .text	00000000 .Latan2f_zero_result
000045f0 l       .text	00000000 .Latan2f_swap_operands
00004604 l       .text	00000000 .Latan2f_divide
0000461e l       .text	00000000 .Latan2f_return
0000463a l       .text	00000000 .Latan2f_nan_result
0000462c l       .text	00000000 .Latan2f_nonfinite_a_ready
000045d8 l       .text	00000000 .Latan2f_compare_magnitudes
00004668 l       .text	00000000 .Ltanf_reduced
00004674 l       .text	00000000 .Ltanf_no_inverse
0000467a l       .text	00000000 .Ltanf_restore_saved_register
00004698 l       .text	00000000 .Lmodff_has_integral_part
000046d6 l       .text	00000000 .Lmodff_write_integral
000046be l       .text	00000000 .Lmodff_large_or_nonfinite
000046a0 l       .text	00000000 .Lmodff_scan_fraction
000046ca l       .text	00000000 .Lmodff_no_fraction
000046b0 l       .text	00000000 .Lmodff_restore_integral
000046e2 l       .text	00000000 .Lmodff_return
000046ea l       .text	00000000 .Lldexpf_finite
000046f0 l       .text	00000000 .Lldexpf_add_exponent
000046f8 l       .text	00000000 .Lldexpf_check_low_exponent
00004724 l       .text	00000000 .Lldexpf_denormalize
00004718 l       .text	00000000 .Lldexpf_pack
00004710 l       .text	00000000 .Lldexpf_check_overflow
00004700 l       .text	00000000 .Lldexpf_normalize
00004752 l       .text	00000000 .Lldexpf_zero
0000473a l       .text	00000000 .Lldexpf_denormalize_no_sticky
0000472e l       .text	00000000 .Lldexpf_denormalize_loop
00004748 l       .text	00000000 .Lldexpf_round_up
00004762 l       .text	00000000 .Lexpf_finite
0000475e l       .text	00000000 .Lexpf_nan
00004760 l       .text	00000000 .Lexpf_zero
0000476a l       .text	00000000 .Lexpf_in_range
000047b0 l       .text	00000000 .Lexpf_scale_ready
000047a4 l       .text	00000000 .Lexpf_extract_integer_loop
000047c8 l       .text	00000000 .Llog2f_finite
000047c2 l       .text	00000000 .Llog2f_nan
000047c4 l       .text	00000000 .Llog2f_negative_infinity
000047e4 l       .text	00000000 .Llog2f_mantissa_normalized
000047da l       .text	00000000 .Llog2f_normalize_subnormal
000047fa l       .text	00000000 .Llog2f_high_interval
00004804 l       .text	00000000 .Llog2f_evaluate_polynomial
000048bc l       .text	00000000 .Lpowf_return_one
00004874 l       .text	00000000 .Lpowf_check_sign
000048b6 l       .text	00000000 .Lpowf_return
00004884 l       .text	00000000 .Lpowf_integer_exponent_check
000048c8 l       .text	00000000 .Lpowf_compute
000048c6 l       .text	00000000 .Lpowf_replace_infinite_exponent
00004898 l       .text	00000000 .Lpowf_find_low_nonzero_bit
0000488a l       .text	00000000 .Lpowf_find_low_nonzero_byte
000048b8 l       .text	00000000 .Lpowf_nonintegral_exponent
000048ac l       .text	00000000 .Lpowf_odd_integer_exponent
000048ea l       .text	00000000 .Lhypotf_finite
000049a0 l       .text	00000000 .Lhypotf_nonfinite
000048f0 l       .text	00000000 .Lhypotf_a_nonzero
0000499a l       .text	00000000 .Lhypotf_return_b
000048f6 l       .text	00000000 .Lhypotf_b_nonzero
0000499e l       .text	00000000 .Lhypotf_return_a
00004914 l       .text	00000000 .Lhypotf_a_exponent_larger
00004906 l       .text	00000000 .Lhypotf_a_relevant
0000490e l       .text	00000000 .Lhypotf_a_small_check
00004948 l       .text	00000000 .Lhypotf_scale
0000494c l       .text	00000000 .Lhypotf_scale_ready
0000492a l       .text	00000000 .Lhypotf_normalize_subnormals
0000491e l       .text	00000000 .Lhypotf_b_relevant
00004926 l       .text	00000000 .Lhypotf_b_small_check
0000493a l       .text	00000000 .Lhypotf_normalize_b
00004930 l       .text	00000000 .Lhypotf_normalize_a
0000493e l       .text	00000000 .Lhypotf_normalize_b_loop
000049aa l       .text	00000000 .Lhypotf_infinity
000049b4 l       .text	00000000 .Lfmodf_finite
00004a40 l       .text	00000000 .Lfmodf_nonfinite
000049ba l       .text	00000000 .Lfmodf_compare_magnitudes
00004a4c l       .text	00000000 .Lfmodf_nan
00004a32 l       .text	00000000 .Lfmodf_pack
000049ca l       .text	00000000 .Lfmodf_magnitudes_differ
00004a4e l       .text	00000000 .Lfmodf_signed_zero
000049dc l       .text	00000000 .Lfmodf_a_normalized
000049d2 l       .text	00000000 .Lfmodf_normalize_a
000049f0 l       .text	00000000 .Lfmodf_b_normalized
000049e4 l       .text	00000000 .Lfmodf_normalize_b
00004a0a l       .text	00000000 .Lfmodf_subtraction_kept
00004a18 l       .text	00000000 .Lfmodf_prepare_pack
000049f6 l       .text	00000000 .Lfmodf_remainder_loop
00004a34 l       .text	00000000 .Lfmodf_denormalize
00004a30 l       .text	00000000 .Lfmodf_pack_normal
00004a20 l       .text	00000000 .Lfmodf_renormalize
00004bae l       .text	00000000 .Lsys_memcpy_done
00004b92 l       .text	00000000 .Lsys_memcpy_loop
00004b7e l       .text	00000000 .Lsys_memmove_backward_remainder
00004b72 l       .text	00000000 .Lsys_memmove_backward_pairs
00004ba8 l       .text	00000000 .Lsys_memcpy_remainder
00004b9c l       .text	00000000 .Lsys_memcpy_pairs
00004bb8 l       .text	00000000 .Lsys_memcpy_p_padding_done
00004bd6 l       .text	00000000 .Lsys_memcpy_p_done
00004bfc l       .text	00000000 .Lsys_memset_done
00004bf8 l       .text	00000000 .Lsys_memset_remainder
00004bf0 l       .text	00000000 .Lsys_memset_pairs
00004c74 l       .text	00000000 .Lsys_sprite_header_ready
00004c92 l       .text	00000000 .Lsys_sprite_stride_ready
00004cb4 l       .text	00000000 .Lsys_sprite_frame_offset_done
00004cc0 l       .text	00000000 .Lsprite_raw_reject
00004d1a l       .text	00000000 .Lsprite_raw_registers_ready
00004d3e l       .text	00000000 .Lsprite_stride_ready
00004d68 l       .text	00000000 .Lsprite_height_aligned
00004d68 l       .text	00000000 .Lsprite_nonoverwrite_unaligned
00004d6a l       .text	00000000 .Lsprite_final_mask_ready
00004d88 l       .text	00000000 .Lsprite_top_clip_aligned
00004da4 l       .text	00000000 .Lsprite_top_clip_done
00004d90 l       .text	00000000 .Lsprite_apply_top_skip
00004dca l       .text	00000000 .Lsprite_x_nonnegative
00004dc0 l       .text	00000000 .Lsprite_left_skip_ready
00004dce l       .text	00000000 .Lsprite_clip_right
00004dd8 l       .text	00000000 .Lsprite_right_clip_done
00004dde l       .text	00000000 .Lsprite_not_top_row
00004dfe l       .text	00000000 .Lsprite_bottom_count_ready
00004e0a l       .text	00000000 .Lsprite_not_bottom_row
00004e3e l       .text	00000000 .Lsprite_select_not_overwrite
00004e5e l       .text	00000000 .Lsprite_store_mode_dispatch
00004e4e l       .text	00000000 .Lsprite_select_plus_dispatch
00004e58 l       .text	00000000 .Lsprite_select_self_dispatch
0000516e l       .text	00000000 .Lsprite_row_dispatch
00004e72 l       .text	00000000 .Ltext_prepared_bottom_unclipped
00004ea2 l       .text	00000000 .Ltext_prepared_not_bottom
00004ed2 l       .text	00000000 .Ltext_prepared_nonoverwrite_mask
00004ec8 l       .text	00000000 .Ltext_prepared_aligned_overwrite_mask
00004ed8 l       .text	00000000 .Ltext_prepared_low_overwrite
00004ef2 l       .text	00000000 .Ltext_prepared_low_nonoverwrite
00004efc l       .text	00000000 .Ltext_prepared_select_self
00004f02 l       .text	00000000 .Ltext_prepared_store_nonoverwrite_dispatch
00004f1c l       .text	00000000 .Lsprite_overwrite_kind_1853
00004f34 l       .text	00000000 .Lsprite_overwrite_top_1853
00004f28 l       .text	00000000 .Lsprite_overwrite_middle_1853
00004f3a l       .text	00000000 .Lsprite_overwrite_bottom_1853
0000502e l       .text	00000000 .Lsprite_middle_overwrite_partial
00004ff0 l       .text	00000000 .Lsprite_middle_overwrite_full
00004fb0 l       .text	00000000 .Lsprite_top_overwrite_partial
00004f7c l       .text	00000000 .Lsprite_top_overwrite_full
00004fd0 l       .text	00000000 .Lsprite_bottom_overwrite_partial
00004f96 l       .text	00000000 .Lsprite_bottom_overwrite_full
00005056 l       .text	00000000 .Lsprite_top_plus_full
00004f4c l       .text	00000000 .Lsprite_full_middle_1854
00005080 l       .text	00000000 .Lsprite_bottom_plus_full
000050aa l       .text	00000000 .Lsprite_middle_plus_full
000050d8 l       .text	00000000 .Lsprite_top_self_full
00004f60 l       .text	00000000 .Lsprite_full_middle_1855
000050ee l       .text	00000000 .Lsprite_bottom_self_full
00005104 l       .text	00000000 .Lsprite_middle_self_full
0000511e l       .text	00000000 .Lsprite_top_erase_full
00004f74 l       .text	00000000 .Lsprite_full_middle_1856
00005138 l       .text	00000000 .Lsprite_bottom_erase_full
00005152 l       .text	00000000 .Lsprite_middle_erase_full
00004f7c l       .text	00000000 .Lsprite_top_overwrite_full_loop
00005182 l       .text	00000000 .Lsprite_top_done
00004f96 l       .text	00000000 .Lsprite_bottom_overwrite_full_loop
000051ba l       .text	00000000 .Lsprite_bottom_done
00004fb6 l       .text	00000000 .Lsprite_top_overwrite_partial_loop
00004fd6 l       .text	00000000 .Lsprite_bottom_overwrite_partial_loop
00004ffa l       .text	00000000 .Lsprite_middle_overwrite_pair_loop
00005010 l       .text	00000000 .Lsprite_middle_overwrite_one
00005188 l       .text	00000000 .Lsprite_middle_done
00005038 l       .text	00000000 .Lsprite_middle_overwrite_partial_loop
00005056 l       .text	00000000 .Lsprite_top_plus_full_loop
000050aa l       .text	00000000 .Lsprite_middle_plus_full_loop
000050d8 l       .text	00000000 .Lsprite_top_self_full_loop
000050ee l       .text	00000000 .Lsprite_bottom_self_full_loop
00005104 l       .text	00000000 .Lsprite_middle_self_full_loop
0000511e l       .text	00000000 .Lsprite_top_erase_full_loop
00005138 l       .text	00000000 .Lsprite_bottom_erase_full_loop
00005152 l       .text	00000000 .Lsprite_middle_erase_full_loop
0000517c l       .text	00000000 .Lsprite_row_pointer_ready
0000518e l       .text	00000000 .Lsprite_row_complete
000051ba l       .text	00000000 .Lsprite_finish
000051e0 l       .text	00000000 .Lsprite_finish_text
000062ae l       .text	00000000 .Ltext_emit_char_restore
0000522a l       .text	00000000 .Lsys_rect_reject_unpushed
0000522e l       .text	00000000 .Lsys_rect_visible
00005246 l       .text	00000000 .Lsys_rect_x_nonnegative
0000524e l       .text	00000000 .Lsys_rect_y_nonnegative
00005258 l       .text	00000000 .Lsys_rect_width_clipped
00005262 l       .text	00000000 .Lsys_rect_height_clipped
0000528a l       .text	00000000 .Lsys_rect_last_mask_ready
000052c0 l       .text	00000000 .Lsys_rect_multiple_pages
000052ee l       .text	00000000 .Lsys_rect_apply_mask_row
000052da l       .text	00000000 .Lsys_rect_finish
000052d6 l       .text	00000000 .Lsys_rect_last_page
00005312 l       .text	00000000 .Lsys_rect_fill_row
000052cc l       .text	00000000 .Lsys_rect_middle_page
00005304 l       .text	00000000 .Lsys_rect_or_row
000052f8 l       .text	00000000 .Lsys_rect_and_loop
00005306 l       .text	00000000 .Lsys_rect_or_loop
0000531e l       .text	00000000 .Lsys_rect_fill_blocks_setup
00005318 l       .text	00000000 .Lsys_rect_fill_remainder
00005338 l       .text	00000000 .Lsys_rect_fill_done
00005324 l       .text	00000000 .Lsys_rect_fill_block
000053a0 l       .text	00000000 .L114
00005448 l       .text	00000000 .L115
00005524 l       .text	00000000 .Lsys_save_done
00005494 l       .text	00000000 .Lsys_save_have_size
000054c6 l       .text	00000000 .Lsys_save_scan_mismatch
000054d4 l       .text	00000000 .Lsys_save_erase
000054b4 l       .text	00000000 .Lsys_save_skip_payload
0000549c l       .text	00000000 .Lsys_save_scan_header
000054d8 l       .text	00000000 .Lsys_save_append
000054f0 l       .text	00000000 .Lsys_save_write_size_high
00005500 l       .text	00000000 .Lsys_save_write_payload
0000550e l       .text	00000000 .L116
00005520 l       .text	00000000 .Lsys_save_finish_page
00005576 l       .text	00000000 .Lsys_load_done
00005560 l       .text	00000000 .Lsys_load_payload
00005544 l       .text	00000000 .Lsys_load_header
000055ac l       .text	00000000 .Lsys_save_exists_done
000055c8 l       .text	00000000 .Lformat_init_program_source
000055dc l       .text	00000000 .Lformat_source_initialized
000055fe l       .text	00000000 .Lformat_r5_save_done
00005642 l       .text	00000000 .Lformat_text_setup
00005638 l       .text	00000000 .Lformat_debug_setup
00005634 l       .text	00000000 .Lformat_size_zero
00005664 l       .text	00000000 .L117
0000566a l       .text	00000000 .Lformat_finish_nontext
00005674 l       .text	00000000 .Lformat_finish_result
00005684 l       .text	00000000 .Lformat_finish_error
00005688 l       .text	00000000 .Lformat_finish_restore
000056c0 l       .text	00000000 .Lformat_add_count_overflow
000056cc l       .text	00000000 .Lformat_emit_repeat_debug
000056de l       .text	00000000 .Lformat_emit_repeat_buffer
000056fe l       .text	00000000 .Lformat_emit_repeat_done
000056d4 l       .text	00000000 .Lformat_emit_repeat_debug_loop
000056ee l       .text	00000000 .Lformat_emit_repeat_fits
000056f2 l       .text	00000000 .Lformat_emit_repeat_copy
000056f8 l       .text	00000000 .Lformat_emit_repeat_loop
00005708 l       .text	00000000 .Lformat_emit_ram_span_debug
0000571c l       .text	00000000 .Lformat_emit_ram_span_buffer
0000573e l       .text	00000000 .Lformat_emit_span_done
00005710 l       .text	00000000 .Lformat_emit_ram_span_debug_loop
0000572c l       .text	00000000 .Lformat_emit_span_fits
00005730 l       .text	00000000 .Lformat_emit_span_copy
00005736 l       .text	00000000 .Lformat_emit_span_loop
0000574c l       .text	00000000 .Lformat_compute_padding_store
000057ce l       .text	00000000 .Lformat_read_program_chunk_count
000057d6 l       .text	00000000 .Lformat_read_program_chunk_done
000057ba l       .text	00000000 .Lformat_read_program_chunk_loop
00005804 l       .text	00000000 .Lformat_get_char_program
00005814 l       .text	00000000 .Lformat_get_char_cached
000058a2 l       .text	00000000 .L118
000058aa l       .text	00000000 .Lformat_conversion_begin
0000589a l       .text	00000000 .Lformat_main_loop
000058c2 l       .text	00000000 .L119
000058b8 l       .text	00000000 .Lformat_parse_flags
000058cc l       .text	00000000 .L23
000058d6 l       .text	00000000 .L32
000058e0 l       .text	00000000 .L42
000058ea l       .text	00000000 .Lformat_parse_width
00005906 l       .text	00000000 .Lformat_parse_width_digits_entry
00005902 l       .text	00000000 .Lformat_width_star_ready
0000594c l       .text	00000000 .Lformat_parse_precision
00005924 l       .text	00000000 .Lformat_width_multiply
0000593c l       .text	00000000 .Lformat_width_saturate
00005942 l       .text	00000000 .Lformat_width_digit_done
0000590e l       .text	00000000 .Lformat_parse_width_digits
000059b6 l       .text	00000000 .Lformat_parse_length
00005970 l       .text	00000000 .Lformat_parse_precision_digits_entry
0000596a l       .text	00000000 .Lformat_precision_star_negative
0000598e l       .text	00000000 .Lformat_precision_multiply
000059a6 l       .text	00000000 .Lformat_precision_saturate
000059ac l       .text	00000000 .Lformat_precision_digit_done
00005978 l       .text	00000000 .Lformat_parse_precision_digits
000059c8 l       .text	00000000 .Lformat_length_not_h
000059e4 l       .text	00000000 .Lformat_dispatch_conversion
000059d2 l       .text	00000000 .L120
000059dc l       .text	00000000 .L24
000059ee l       .text	00000000 .L121
000059f4 l       .text	00000000 .L25
000059fa l       .text	00000000 .L33
00005a00 l       .text	00000000 .L43
00005a06 l       .text	00000000 .L51
00005a0c l       .text	00000000 .L61
00005a42 l       .text	00000000 .Lformat_integer_dispatch
00005a44 l       .text	00000000 .Lformat_float_dispatch
00005a52 l       .text	00000000 .L122
00005a58 l       .text	00000000 .L123
00005a60 l       .text	00000000 .L26
00005a6c l       .text	00000000 .L124
00005a8e l       .text	00000000 .L125
00005ac0 l       .text	00000000 .Lformat_string_measure_unbounded
00005ad0 l       .text	00000000 .Lformat_string_measured
00005aa6 l       .text	00000000 .Lformat_string_measure_bounded
00005ac2 l       .text	00000000 .Lformat_string_measure_unbounded_loop
00005afa l       .text	00000000 .L126
00005b28 l       .text	00000000 .Lformat_program_string_measure_loop
00005b28 l       .text	00000000 .L127
00005ba4 l       .text	00000000 .Lformat_program_string_measured
00005b3a l       .text	00000000 .Lformat_program_string_measure_choose
00005b58 l       .text	00000000 .Lformat_program_string_measure_read
00005b82 l       .text	00000000 .Lformat_program_string_measure_add
00005b96 l       .text	00000000 .Lformat_program_string_measure_store
00005ba4 l       .text	00000000 .L128
00005c14 l       .text	00000000 .Lformat_program_string_emit_done
00005be4 l       .text	00000000 .Lformat_program_string_emit_read
00005bd0 l       .text	00000000 .Lformat_program_string_emit_loop
00005c1e l       .text	00000000 .L129
00005c4a l       .text	00000000 .Lformat_pointer_store_low16
00005c2e l       .text	00000000 .L130
00005c96 l       .text	00000000 .L131
00005cb0 l       .text	00000000 .Lformat_integer_load_long
00005cb2 l       .text	00000000 .Lformat_integer_loaded
00005cc0 l       .text	00000000 .Lformat_integer_signed
00005cc2 l       .text	00000000 .Lformat_integer_unsigned
00005cca l       .text	00000000 .L132
00005cde l       .text	00000000 .Lformat_integer_mode_ready
00005cd2 l       .text	00000000 .L27
00005cdc l       .text	00000000 .Lformat_integer_decimal_mode
00005d38 l       .text	00000000 .Lformat_integer_magnitude_ready
00005d06 l       .text	00000000 .Lformat_integer_test_sign
00005cfe l       .text	00000000 .Lformat_integer_sign_extend_16
00005d22 l       .text	00000000 .Lformat_integer_positive_sign
00005d32 l       .text	00000000 .Lformat_integer_plus_sign
00005d74 l       .text	00000000 .Lformat_generate_digits_loop
00005d64 l       .text	00000000 .Lformat_generate_zero_digit
00005d64 l       .text	00000000 .L133
00005e0a l       .text	00000000 .Lformat_generate_digits_done
00005d8c l       .text	00000000 .Lformat_generate_hex_digit
00005dcc l       .text	00000000 .Lformat_generate_octal_digit
00005dea l       .text	00000000 .Lformat_store_generated_digit
00005da0 l       .text	00000000 .Lformat_hex_lower_digit
00005da8 l       .text	00000000 .Lformat_hex_numeric_digit
00005daa l       .text	00000000 .Lformat_hex_digit_ready
00005e0a l       .text	00000000 .L134
00005e36 l       .text	00000000 .Lformat_divide_byte_subtract
00005e3e l       .text	00000000 .Lformat_divide_byte_done
00005e2e l       .text	00000000 .Lformat_divide_byte_loop
00005e6c l       .text	00000000 .Lformat_integer_precision_ready
00005ebe l       .text	00000000 .Lformat_integer_prefix_ready
00005e98 l       .text	00000000 .Lformat_integer_check_octal_prefix
00005e90 l       .text	00000000 .Lformat_integer_hex_lower_prefix
00005eb8 l       .text	00000000 .Lformat_integer_set_octal_prefix
00005ef4 l       .text	00000000 .Lformat_integer_content_saturate
00005ede l       .text	00000000 .L135
00005efa l       .text	00000000 .Lformat_integer_content_ready
00005ef0 l       .text	00000000 .L28
00005f10 l       .text	00000000 .Lformat_integer_emit_spaces
00005f12 l       .text	00000000 .Lformat_integer_emit_sign
00005f1c l       .text	00000000 .Lformat_integer_emit_prefix
00005f3c l       .text	00000000 .Lformat_integer_emit_width_zeroes
00005f38 l       .text	00000000 .L136
00005f3a l       .text	00000000 .L29
00005f4e l       .text	00000000 .Lformat_integer_emit_precision_zeroes
00005f7a l       .text	00000000 .Lformat_integer_emit_post
00005f68 l       .text	00000000 .Lformat_integer_emit_digits_loop
00005f84 l       .text	00000000 .Lformat_integer_emit_done
00005f9a l       .text	00000000 .Lsys_set_text_font_nonnull
00005fe0 l       .text	00000000 .Lsys_set_text_mode_done
00005ff4 l       .text	00000000 .Ltext_raw_init_program_source
00006008 l       .text	00000000 .Ltext_raw_source_initialized
0000604c l       .text	00000000 .Lsys_text_raw_loop
000060b0 l       .text	00000000 .Ltext_restart_delay_17
000060b2 l       .text	00000000 .Ltext_restart_delay_16
000060b4 l       .text	00000000 .Ltext_restart_delay_15
000060d2 l       .text	00000000 .Ltext_emit_repeat_done
000060c2 l       .text	00000000 .Ltext_emit_repeat_loop
000060f0 l       .text	00000000 .Ltext_emit_ram_span_done
000060dc l       .text	00000000 .Ltext_emit_ram_span_loop
00006118 l       .text	00000000 .Lformat_emit_char_debug
00006122 l       .text	00000000 .Lformat_emit_char_buffer_or_debug
000060f6 l       .text	00000000 .Ltext_newline_char
00006116 l       .text	00000000 .Ltext_emit_char_lookup_out_of_range
000062be l       .text	00000000 .Ltext_record_delay_16
000061ae l       .text	00000000 .Ltext_height_nonzero
000061da l       .text	00000000 .Ltext_y_below_bottom_edge
000061e8 l       .text	00000000 .Ltext_y_extent_visible
000061f4 l       .text	00000000 .Ltext_width_nonzero
0000622a l       .text	00000000 .Ltext_x_below_right_edge
0000623e l       .text	00000000 .Ltext_x_extent_visible
00006248 l       .text	00000000 .Ltext_top_skip_aligned
0000625a l       .text	00000000 .Ltext_not_top_row
0000626e l       .text	00000000 .Ltext_x_nonnegative
00006274 l       .text	00000000 .Ltext_clip_right
0000627e l       .text	00000000 .Ltext_right_clip_done
000062a6 l       .text	00000000 .Ltext_emit_char_rejected
000062ee l       .text	00000000 .L137
0000630c l       .text	00000000 .L138
00006310 l       .text	00000000 .L210
0000632a l       .text	00000000 .Lformat_float_positive_sign
0000633a l       .text	00000000 .Lformat_float_plus_sign
0000634c l       .text	00000000 .L139
0000635a l       .text	00000000 .L140
00006368 l       .text	00000000 .Lformat_float_decimal_sign
0000638e l       .text	00000000 .Lformat_float_hex_sign
000063a0 l       .text	00000000 .Lformat_float_hex_prefix_upper
000063a2 l       .text	00000000 .Lformat_float_hex_prefix_emit
000063de l       .text	00000000 .Lformat_float_emit_point
000063f2 l       .text	00000000 .L141
00006408 l       .text	00000000 .Lformat_float_emit_nan
0000640e l       .text	00000000 .Lformat_float_special_case
0000641c l       .text	00000000 .Lformat_float_special_store
00006442 l       .text	00000000 .Lformat_float_decimal_precision_ready
0000644e l       .text	00000000 .Lformat_float_decimal_g_precision
00006458 l       .text	00000000 .Lformat_float_decimal_choose_engine
000064a0 l       .text	00000000 .Lformat_float_decimal_engine_f
00006486 l       .text	00000000 .Lformat_float_decimal_engine_e
00006478 l       .text	00000000 .Lformat_float_decimal_engine_g_ready
000064f4 l       .text	00000000 .Lformat_float_decimal_after_engine
00006492 l       .text	00000000 .Lformat_float_decimal_engine_e_ready
000064b2 l       .text	00000000 .Lformat_float_decimal_engine_f_ready
000064d4 l       .text	00000000 .Lformat_float_f_ndigits_clamp
000064e8 l       .text	00000000 .Lformat_float_f_ndigits_one
000064ee l       .text	00000000 .Lformat_float_f_ndigits_eight
00006500 l       .text	00000000 .L142
00006510 l       .text	00000000 .L143
00006514 l       .text	00000000 .L211
0000657c l       .text	00000000 .L212
00006570 l       .text	00000000 .L144
0000659c l       .text	00000000 .Lformat_float_fixed_content_one_integer
000065a0 l       .text	00000000 .Lformat_float_fixed_content_point
000065b0 l       .text	00000000 .Lformat_float_fixed_content_has_point
000065b4 l       .text	00000000 .Lformat_float_fixed_content_sign
000065c0 l       .text	00000000 .L145
000065d4 l       .text	00000000 .Lformat_float_fixed_integer_nonnegative
000065f6 l       .text	00000000 .Lformat_float_fixed_after_integer
000065e2 l       .text	00000000 .L146
00006608 l       .text	00000000 .L147
000066d2 l       .text	00000000 .Lformat_float_fixed_done
0000665e l       .text	00000000 .Lformat_float_fixed_fraction_negative_exp
00006652 l       .text	00000000 .Lformat_float_fixed_fraction_all_zero
00006632 l       .text	00000000 .L148
00006636 l       .text	00000000 .L213
0000667c l       .text	00000000 .L149
000066b0 l       .text	00000000 .L214
000066b4 l       .text	00000000 .L34
000066f6 l       .text	00000000 .Lformat_float_exp_content_point
000066fa l       .text	00000000 .Lformat_float_exp_content_sign
00006706 l       .text	00000000 .L150
00006748 l       .text	00000000 .Lformat_float_exp_after_fraction
0000672e l       .text	00000000 .L151
00006732 l       .text	00000000 .L215
00006754 l       .text	00000000 .Lformat_float_exp_marker_upper
00006756 l       .text	00000000 .Lformat_float_exp_marker_emit
0000677e l       .text	00000000 .Lformat_float_general_digits_ready
00006770 l       .text	00000000 .Lformat_float_general_trim_loop
00006794 l       .text	00000000 .Lformat_float_general_nonnegative_exp
000067da l       .text	00000000 .Lformat_float_general_scientific
0000679c l       .text	00000000 .Lformat_float_general_fixed
000067a6 l       .text	00000000 .Lformat_float_general_fixed_alt
000067a8 l       .text	00000000 .Lformat_float_general_fixed_compute
000067bc l       .text	00000000 .Lformat_float_general_fixed_negative_exp
000067d6 l       .text	00000000 .Lformat_float_general_fixed_precision_ready
000067e4 l       .text	00000000 .Lformat_float_general_scientific_alt
000067e4 l       .text	00000000 .Lformat_float_general_scientific_decrement
0000680c l       .text	00000000 .Lformat_float_exp_two_negative
00006818 l       .text	00000000 .Lformat_float_exp_two_positive
0000681a l       .text	00000000 .Lformat_float_exp_two_prepare
0000682a l       .text	00000000 .Lformat_float_exp_two_digits_ready
00006820 l       .text	00000000 .Lformat_float_exp_two_tens_loop
00006882 l       .text	00000000 .Lformat_float_hex_not_special
00006878 l       .text	00000000 .Lformat_float_hex_inf
0000687a l       .text	00000000 .Lformat_float_hex_special_store
000068aa l       .text	00000000 .Lformat_float_hex_normal
000068be l       .text	00000000 .Lformat_float_hex_subnormal
000068f0 l       .text	00000000 .Lformat_float_hex_normalized
000068d8 l       .text	00000000 .Lformat_float_hex_store_normalized
000068d4 l       .text	00000000 .Lformat_float_hex_subnormal_ready
000068c4 l       .text	00000000 .Lformat_float_hex_subnormal_loop
0000690a l       .text	00000000 .Lformat_float_hex_generate_digits
00006928 l       .text	00000000 .Lformat_float_hex_precision_ready
0000691a l       .text	00000000 .Lformat_float_hex_trim_loop
0000694e l       .text	00000000 .Lformat_float_hex_content_point
00006952 l       .text	00000000 .Lformat_float_hex_content_sign
0000695e l       .text	00000000 .L152
0000696c l       .text	00000000 .Lformat_float_hex_emit_zero_lead
0000696e l       .text	00000000 .Lformat_float_hex_emit_lead
000069a6 l       .text	00000000 .Lformat_float_hex_after_fraction
0000698c l       .text	00000000 .L153
00006990 l       .text	00000000 .L216
000069b2 l       .text	00000000 .Lformat_float_hex_marker_upper
000069b4 l       .text	00000000 .Lformat_float_hex_marker_emit
000069e8 l       .text	00000000 .Lformat_float_hex_round_guard
000069d8 l       .text	00000000 .Lformat_float_hex_round_shift_right
000069ee l       .text	00000000 .Lformat_float_hex_round_decide
00006a00 l       .text	00000000 .Lformat_float_hex_round_realign
000069fa l       .text	00000000 .Lformat_float_hex_round_up
00006a0e l       .text	00000000 .L154
00006a04 l       .text	00000000 .Lformat_float_hex_round_shift_left
00006a30 l       .text	00000000 .Lformat_float_hex_round_store
00006ab4 l       .text	00000000 .Lformat_float_hex_numeric_nibble
00006ab0 l       .text	00000000 .Lformat_float_hex_upper_nibble
00006acc l       .text	00000000 .L155
00006ada l       .text	00000000 .L217
00006af4 l       .text	00000000 .Lformat_float_hex_exp_positive
00006af6 l       .text	00000000 .Lformat_float_hex_exp_prepare
00006b0c l       .text	00000000 .Lformat_float_hex_exp_hundreds_done
00006b02 l       .text	00000000 .Lformat_float_hex_exp_hundreds_loop
00006b1a l       .text	00000000 .Lformat_float_hex_exp_tens_prepare
00006b1c l       .text	00000000 .Lformat_float_hex_exp_tens_init
00006b28 l       .text	00000000 .Lformat_float_hex_exp_tens_done
00006b1e l       .text	00000000 .Lformat_float_hex_exp_tens_loop
00006b30 l       .text	00000000 .Lformat_float_hex_exp_store_tens
00006b36 l       .text	00000000 .Lformat_float_hex_exp_store_ones
00006b5a l       .text	00000000 .Lformat_ftoa_precision_ready
00006b7c l       .text	00000000 .Lformat_ftoa_nonzero
00006b72 l       .text	00000000 .Lformat_ftoa_zero_loop
00006b8c l       .text	00000000 .Lformat_ftoa_class_ready
00006b8a l       .text	00000000 .Lformat_ftoa_inf
00006b94 l       .text	00000000 .L156
00006bd4 l       .text	00000000 .L157
00006bc8 l       .text	00000000 .Lformat_ftoa_mul_byte0
00006bf2 l       .text	00000000 .L158
00006be6 l       .text	00000000 .Lformat_ftoa_mul_byte1
00006c10 l       .text	00000000 .L159
00006c04 l       .text	00000000 .Lformat_ftoa_mul_byte2
00006c2c l       .text	00000000 .L160
00006c22 l       .text	00000000 .Lformat_ftoa_mul_byte3
00006c50 l       .text	00000000 .Lformat_ftoa_scaled
00006c40 l       .text	00000000 .Lformat_ftoa_scale_loop
00006c64 l       .text	00000000 .Lformat_ftoa_subtract_digit
00006ca0 l       .text	00000000 .Lformat_ftoa_store_digit
00006c8a l       .text	00000000 .Lformat_ftoa_first_digit
00006c56 l       .text	00000000 .Lformat_ftoa_digit
00006c9c l       .text	00000000 .Lformat_ftoa_digit_count_ready
00006c96 l       .text	00000000 .L161
00006cae l       .text	00000000 .Lformat_ftoa_write_digit
00006ca6 l       .text	00000000 .Lformat_ftoa_fill_nines
00006cce l       .text	00000000 .Lformat_ftoa_round_up
00006cf4 l       .text	00000000 .Lformat_ftoa_restore
00006cda l       .text	00000000 .L162
00006cec l       .text	00000000 .Lformat_ftoa_round_overflow_fill
00000200 g       .text	00000000 primary_table
00000000 g       .text	00000000 __trampolines_start
00006e04 g       .text	00000000 _etext
00000000 g       .text	00000000 __trampolines_end
00000000 g       .text	00000000 __dtors_end
00004cc2 g       .text	00000000 draw_bitmap_seek_func
00810000 g       .text	00000000 __eeprom_end
00000000 g       .text	000000ac __vectors
00000000 g       .text	00000000 __ctors_start
00000000 g       .text	00000000 __dtors_start
00000000 g       .text	00000000 __ctors_end
00800a0c g       .text	00000000 _end
00000200 g       .text	00000000 abvm_interp



Disassembly of section .text:

00000000 <__vectors>:
       0:	0c 94 75 00 	jmp	0xea	; 0xea <reset_handler>
       4:	0c 94 56 00 	jmp	0xac	; 0xac <default_isr>
       8:	0c 94 56 00 	jmp	0xac	; 0xac <default_isr>
       c:	0c 94 56 00 	jmp	0xac	; 0xac <default_isr>
      10:	0c 94 56 00 	jmp	0xac	; 0xac <default_isr>
      14:	0c 94 56 00 	jmp	0xac	; 0xac <default_isr>
      18:	0c 94 56 00 	jmp	0xac	; 0xac <default_isr>
      1c:	0c 94 56 00 	jmp	0xac	; 0xac <default_isr>
      20:	0c 94 56 00 	jmp	0xac	; 0xac <default_isr>
      24:	0c 94 56 00 	jmp	0xac	; 0xac <default_isr>
      28:	0c 94 56 00 	jmp	0xac	; 0xac <default_isr>
      2c:	0c 94 56 00 	jmp	0xac	; 0xac <default_isr>
      30:	0c 94 56 00 	jmp	0xac	; 0xac <default_isr>
      34:	0c 94 56 00 	jmp	0xac	; 0xac <default_isr>
      38:	0c 94 56 00 	jmp	0xac	; 0xac <default_isr>
      3c:	0c 94 56 00 	jmp	0xac	; 0xac <default_isr>
      40:	0c 94 56 00 	jmp	0xac	; 0xac <default_isr>
      44:	0c 94 56 00 	jmp	0xac	; 0xac <default_isr>
      48:	0c 94 56 00 	jmp	0xac	; 0xac <default_isr>
      4c:	0c 94 56 00 	jmp	0xac	; 0xac <default_isr>
      50:	0c 94 56 00 	jmp	0xac	; 0xac <default_isr>
      54:	0c 94 57 00 	jmp	0xae	; 0xae <timer0_compa_isr>
      58:	0c 94 56 00 	jmp	0xac	; 0xac <default_isr>
      5c:	0c 94 56 00 	jmp	0xac	; 0xac <default_isr>
      60:	0c 94 56 00 	jmp	0xac	; 0xac <default_isr>
      64:	0c 94 56 00 	jmp	0xac	; 0xac <default_isr>
      68:	0c 94 56 00 	jmp	0xac	; 0xac <default_isr>
      6c:	0c 94 56 00 	jmp	0xac	; 0xac <default_isr>
      70:	0c 94 56 00 	jmp	0xac	; 0xac <default_isr>
      74:	0c 94 56 00 	jmp	0xac	; 0xac <default_isr>
      78:	0c 94 56 00 	jmp	0xac	; 0xac <default_isr>
      7c:	0c 94 56 00 	jmp	0xac	; 0xac <default_isr>
      80:	0c 94 56 00 	jmp	0xac	; 0xac <default_isr>
      84:	0c 94 56 00 	jmp	0xac	; 0xac <default_isr>
      88:	0c 94 56 00 	jmp	0xac	; 0xac <default_isr>
      8c:	0c 94 56 00 	jmp	0xac	; 0xac <default_isr>
      90:	0c 94 56 00 	jmp	0xac	; 0xac <default_isr>
      94:	0c 94 56 00 	jmp	0xac	; 0xac <default_isr>
      98:	0c 94 56 00 	jmp	0xac	; 0xac <default_isr>
      9c:	0c 94 56 00 	jmp	0xac	; 0xac <default_isr>
      a0:	0c 94 56 00 	jmp	0xac	; 0xac <default_isr>
      a4:	0c 94 56 00 	jmp	0xac	; 0xac <default_isr>
      a8:	0c 94 56 00 	jmp	0xac	; 0xac <default_isr>

000000ac <default_isr>:
      ac:	ff cf       	rjmp	.-2      	; 0xac <default_isr>

000000ae <timer0_compa_isr>:
      ae:	0f 92       	push	r0
      b0:	0f b6       	in	r0, 0x3f	; 63
      b2:	0f 92       	push	r0
      b4:	00 90 05 0a 	lds	r0, 0x0A05	; 0x800a05 <__DATA_REGION_ORIGIN__+0x9a5>
      b8:	03 94       	inc	r0
      ba:	00 92 05 0a 	sts	0x0A05, r0	; 0x800a05 <__DATA_REGION_ORIGIN__+0x9a5>
      be:	89 f4       	brne	.+34     	; 0xe2 <timer0_compa_isr_done>
      c0:	00 90 06 0a 	lds	r0, 0x0A06	; 0x800a06 <__DATA_REGION_ORIGIN__+0x9a6>
      c4:	03 94       	inc	r0
      c6:	00 92 06 0a 	sts	0x0A06, r0	; 0x800a06 <__DATA_REGION_ORIGIN__+0x9a6>
      ca:	59 f4       	brne	.+22     	; 0xe2 <timer0_compa_isr_done>
      cc:	00 90 07 0a 	lds	r0, 0x0A07	; 0x800a07 <__DATA_REGION_ORIGIN__+0x9a7>
      d0:	03 94       	inc	r0
      d2:	00 92 07 0a 	sts	0x0A07, r0	; 0x800a07 <__DATA_REGION_ORIGIN__+0x9a7>
      d6:	29 f4       	brne	.+10     	; 0xe2 <timer0_compa_isr_done>
      d8:	00 90 08 0a 	lds	r0, 0x0A08	; 0x800a08 <__DATA_REGION_ORIGIN__+0x9a8>
      dc:	03 94       	inc	r0
      de:	00 92 08 0a 	sts	0x0A08, r0	; 0x800a08 <__DATA_REGION_ORIGIN__+0x9a8>

000000e2 <timer0_compa_isr_done>:
      e2:	0f 90       	pop	r0
      e4:	0f be       	out	0x3f, r0	; 63
      e6:	0f 90       	pop	r0
      e8:	18 95       	reti

000000ea <reset_handler>:
      ea:	0c 94 f7 1b 	jmp	0x37ee	; 0x37ee <startup_func>
      ee:	00 00       	nop
      f0:	00 00       	nop
      f2:	00 00       	nop
      f4:	00 00       	nop
      f6:	00 00       	nop
      f8:	00 00       	nop
      fa:	00 00       	nop
      fc:	00 00       	nop
      fe:	00 00       	nop
     100:	00 00       	nop
     102:	00 00       	nop
     104:	00 00       	nop
     106:	00 00       	nop
     108:	00 00       	nop
     10a:	00 00       	nop
     10c:	00 00       	nop
     10e:	00 00       	nop
     110:	00 00       	nop
     112:	00 00       	nop
     114:	00 00       	nop
     116:	00 00       	nop
     118:	00 00       	nop
     11a:	00 00       	nop
     11c:	00 00       	nop
     11e:	00 00       	nop
     120:	00 00       	nop
     122:	00 00       	nop
     124:	00 00       	nop
     126:	00 00       	nop
     128:	00 00       	nop
     12a:	00 00       	nop
     12c:	00 00       	nop
     12e:	00 00       	nop
     130:	00 00       	nop
     132:	00 00       	nop
     134:	00 00       	nop
     136:	00 00       	nop
     138:	00 00       	nop
     13a:	00 00       	nop
     13c:	00 00       	nop
     13e:	00 00       	nop
     140:	00 00       	nop
     142:	00 00       	nop
     144:	00 00       	nop
     146:	00 00       	nop
     148:	00 00       	nop
     14a:	00 00       	nop
     14c:	00 00       	nop
     14e:	00 00       	nop
     150:	00 00       	nop
     152:	00 00       	nop
     154:	00 00       	nop
     156:	00 00       	nop
     158:	00 00       	nop
     15a:	00 00       	nop
     15c:	00 00       	nop
     15e:	00 00       	nop
     160:	00 00       	nop
     162:	00 00       	nop
     164:	00 00       	nop
     166:	00 00       	nop
     168:	00 00       	nop
     16a:	00 00       	nop
     16c:	00 00       	nop
     16e:	00 00       	nop
     170:	00 00       	nop
     172:	00 00       	nop
     174:	00 00       	nop
     176:	00 00       	nop
     178:	00 00       	nop
     17a:	00 00       	nop
     17c:	00 00       	nop
     17e:	00 00       	nop
     180:	00 00       	nop
     182:	00 00       	nop
     184:	00 00       	nop
     186:	00 00       	nop
     188:	00 00       	nop
     18a:	00 00       	nop
     18c:	00 00       	nop
     18e:	00 00       	nop
     190:	00 00       	nop
     192:	00 00       	nop
     194:	00 00       	nop
     196:	00 00       	nop
     198:	00 00       	nop
     19a:	00 00       	nop
     19c:	00 00       	nop
     19e:	00 00       	nop
     1a0:	00 00       	nop
     1a2:	00 00       	nop
     1a4:	00 00       	nop
     1a6:	00 00       	nop
     1a8:	00 00       	nop
     1aa:	00 00       	nop
     1ac:	00 00       	nop
     1ae:	00 00       	nop
     1b0:	00 00       	nop
     1b2:	00 00       	nop
     1b4:	00 00       	nop
     1b6:	00 00       	nop
     1b8:	00 00       	nop
     1ba:	00 00       	nop
     1bc:	00 00       	nop
     1be:	00 00       	nop
     1c0:	00 00       	nop
     1c2:	00 00       	nop
     1c4:	00 00       	nop
     1c6:	00 00       	nop
     1c8:	00 00       	nop
     1ca:	00 00       	nop
     1cc:	00 00       	nop
     1ce:	00 00       	nop
     1d0:	00 00       	nop
     1d2:	00 00       	nop
     1d4:	00 00       	nop
     1d6:	00 00       	nop
     1d8:	00 00       	nop
     1da:	00 00       	nop
     1dc:	00 00       	nop
     1de:	00 00       	nop
     1e0:	00 00       	nop
     1e2:	00 00       	nop
     1e4:	00 00       	nop
     1e6:	00 00       	nop
     1e8:	00 00       	nop
     1ea:	00 00       	nop
     1ec:	00 00       	nop
     1ee:	00 00       	nop
     1f0:	00 00       	nop
     1f2:	00 00       	nop
     1f4:	00 00       	nop
     1f6:	00 00       	nop
     1f8:	00 00       	nop
     1fa:	00 00       	nop
     1fc:	00 00       	nop
     1fe:	00 00       	nop

00000200 <abvm_interp>:
     200:	88 01       	movw	r16, r16
     202:	c0 c5       	rjmp	.+2944   	; 0xd84 <cluster_tail_17_delay_1>
     204:	00 00       	nop
     206:	00 00       	nop

00000208 <primary_01>:
     208:	89 01       	movw	r16, r18
     20a:	bc c5       	rjmp	.+2936   	; 0xd84 <cluster_tail_17_delay_1>
     20c:	00 00       	nop
     20e:	00 00       	nop

00000210 <primary_02>:
     210:	8a 01       	movw	r16, r20
     212:	b8 c5       	rjmp	.+2928   	; 0xd84 <cluster_tail_17_delay_1>
     214:	00 00       	nop
     216:	00 00       	nop

00000218 <primary_03>:
     218:	8b 01       	movw	r16, r22
     21a:	b4 c5       	rjmp	.+2920   	; 0xd84 <cluster_tail_17_delay_1>
     21c:	00 00       	nop
     21e:	00 00       	nop

00000220 <primary_04>:
     220:	98 01       	movw	r18, r16
     222:	b0 c5       	rjmp	.+2912   	; 0xd84 <cluster_tail_17_delay_1>
     224:	00 00       	nop
     226:	00 00       	nop

00000228 <primary_05>:
     228:	99 01       	movw	r18, r18
     22a:	ac c5       	rjmp	.+2904   	; 0xd84 <cluster_tail_17_delay_1>
     22c:	00 00       	nop
     22e:	00 00       	nop

00000230 <primary_06>:
     230:	9a 01       	movw	r18, r20
     232:	a8 c5       	rjmp	.+2896   	; 0xd84 <cluster_tail_17_delay_1>
     234:	00 00       	nop
     236:	00 00       	nop

00000238 <primary_07>:
     238:	9b 01       	movw	r18, r22
     23a:	a4 c5       	rjmp	.+2888   	; 0xd84 <cluster_tail_17_delay_1>
     23c:	00 00       	nop
     23e:	00 00       	nop

00000240 <primary_08>:
     240:	a8 01       	movw	r20, r16
     242:	a0 c5       	rjmp	.+2880   	; 0xd84 <cluster_tail_17_delay_1>
     244:	00 00       	nop
     246:	00 00       	nop

00000248 <primary_09>:
     248:	a9 01       	movw	r20, r18
     24a:	9c c5       	rjmp	.+2872   	; 0xd84 <cluster_tail_17_delay_1>
     24c:	00 00       	nop
     24e:	00 00       	nop

00000250 <primary_0A>:
     250:	aa 01       	movw	r20, r20
     252:	98 c5       	rjmp	.+2864   	; 0xd84 <cluster_tail_17_delay_1>
     254:	00 00       	nop
     256:	00 00       	nop

00000258 <primary_0B>:
     258:	ab 01       	movw	r20, r22
     25a:	94 c5       	rjmp	.+2856   	; 0xd84 <cluster_tail_17_delay_1>
     25c:	00 00       	nop
     25e:	00 00       	nop

00000260 <primary_0C>:
     260:	b8 01       	movw	r22, r16
     262:	90 c5       	rjmp	.+2848   	; 0xd84 <cluster_tail_17_delay_1>
     264:	00 00       	nop
     266:	00 00       	nop

00000268 <primary_0D>:
     268:	b9 01       	movw	r22, r18
     26a:	8c c5       	rjmp	.+2840   	; 0xd84 <cluster_tail_17_delay_1>
     26c:	00 00       	nop
     26e:	00 00       	nop

00000270 <primary_0E>:
     270:	ba 01       	movw	r22, r20
     272:	88 c5       	rjmp	.+2832   	; 0xd84 <cluster_tail_17_delay_1>
     274:	00 00       	nop
     276:	00 00       	nop

00000278 <primary_0F>:
     278:	bb 01       	movw	r22, r22
     27a:	84 c5       	rjmp	.+2824   	; 0xd84 <cluster_tail_17_delay_1>
     27c:	00 00       	nop
     27e:	00 00       	nop

00000280 <primary_10>:
     280:	00 0f       	add	r16, r16
     282:	11 1f       	adc	r17, r17
     284:	80 c5       	rjmp	.+2816   	; 0xd86 <cluster_tail_17>
     286:	00 00       	nop

00000288 <primary_11>:
     288:	02 0f       	add	r16, r18
     28a:	13 1f       	adc	r17, r19
     28c:	7c c5       	rjmp	.+2808   	; 0xd86 <cluster_tail_17>
     28e:	00 00       	nop

00000290 <primary_12>:
     290:	04 0f       	add	r16, r20
     292:	15 1f       	adc	r17, r21
     294:	78 c5       	rjmp	.+2800   	; 0xd86 <cluster_tail_17>
     296:	00 00       	nop

00000298 <primary_13>:
     298:	06 0f       	add	r16, r22
     29a:	17 1f       	adc	r17, r23
     29c:	74 c5       	rjmp	.+2792   	; 0xd86 <cluster_tail_17>
     29e:	00 00       	nop

000002a0 <primary_14>:
     2a0:	20 0f       	add	r18, r16
     2a2:	31 1f       	adc	r19, r17
     2a4:	70 c5       	rjmp	.+2784   	; 0xd86 <cluster_tail_17>
     2a6:	00 00       	nop

000002a8 <primary_15>:
     2a8:	22 0f       	add	r18, r18
     2aa:	33 1f       	adc	r19, r19
     2ac:	6c c5       	rjmp	.+2776   	; 0xd86 <cluster_tail_17>
     2ae:	00 00       	nop

000002b0 <primary_16>:
     2b0:	24 0f       	add	r18, r20
     2b2:	35 1f       	adc	r19, r21
     2b4:	68 c5       	rjmp	.+2768   	; 0xd86 <cluster_tail_17>
     2b6:	00 00       	nop

000002b8 <primary_17>:
     2b8:	26 0f       	add	r18, r22
     2ba:	37 1f       	adc	r19, r23
     2bc:	64 c5       	rjmp	.+2760   	; 0xd86 <cluster_tail_17>
     2be:	00 00       	nop

000002c0 <primary_18>:
     2c0:	40 0f       	add	r20, r16
     2c2:	51 1f       	adc	r21, r17
     2c4:	60 c5       	rjmp	.+2752   	; 0xd86 <cluster_tail_17>
     2c6:	00 00       	nop

000002c8 <primary_19>:
     2c8:	42 0f       	add	r20, r18
     2ca:	53 1f       	adc	r21, r19
     2cc:	5c c5       	rjmp	.+2744   	; 0xd86 <cluster_tail_17>
     2ce:	00 00       	nop

000002d0 <primary_1A>:
     2d0:	44 0f       	add	r20, r20
     2d2:	55 1f       	adc	r21, r21
     2d4:	58 c5       	rjmp	.+2736   	; 0xd86 <cluster_tail_17>
     2d6:	00 00       	nop

000002d8 <primary_1B>:
     2d8:	46 0f       	add	r20, r22
     2da:	57 1f       	adc	r21, r23
     2dc:	54 c5       	rjmp	.+2728   	; 0xd86 <cluster_tail_17>
     2de:	00 00       	nop

000002e0 <primary_1C>:
     2e0:	60 0f       	add	r22, r16
     2e2:	71 1f       	adc	r23, r17
     2e4:	50 c5       	rjmp	.+2720   	; 0xd86 <cluster_tail_17>
     2e6:	00 00       	nop

000002e8 <primary_1D>:
     2e8:	62 0f       	add	r22, r18
     2ea:	73 1f       	adc	r23, r19
     2ec:	4c c5       	rjmp	.+2712   	; 0xd86 <cluster_tail_17>
     2ee:	00 00       	nop

000002f0 <primary_1E>:
     2f0:	64 0f       	add	r22, r20
     2f2:	75 1f       	adc	r23, r21
     2f4:	48 c5       	rjmp	.+2704   	; 0xd86 <cluster_tail_17>
     2f6:	00 00       	nop

000002f8 <primary_1F>:
     2f8:	66 0f       	add	r22, r22
     2fa:	77 1f       	adc	r23, r23
     2fc:	44 c5       	rjmp	.+2696   	; 0xd86 <cluster_tail_17>
     2fe:	00 00       	nop

00000300 <primary_20>:
     300:	00 1b       	sub	r16, r16
     302:	11 0b       	sbc	r17, r17
     304:	40 c5       	rjmp	.+2688   	; 0xd86 <cluster_tail_17>
     306:	00 00       	nop

00000308 <primary_21>:
     308:	02 1b       	sub	r16, r18
     30a:	13 0b       	sbc	r17, r19
     30c:	3c c5       	rjmp	.+2680   	; 0xd86 <cluster_tail_17>
     30e:	00 00       	nop

00000310 <primary_22>:
     310:	04 1b       	sub	r16, r20
     312:	15 0b       	sbc	r17, r21
     314:	38 c5       	rjmp	.+2672   	; 0xd86 <cluster_tail_17>
     316:	00 00       	nop

00000318 <primary_23>:
     318:	06 1b       	sub	r16, r22
     31a:	17 0b       	sbc	r17, r23
     31c:	34 c5       	rjmp	.+2664   	; 0xd86 <cluster_tail_17>
     31e:	00 00       	nop

00000320 <primary_24>:
     320:	20 1b       	sub	r18, r16
     322:	31 0b       	sbc	r19, r17
     324:	30 c5       	rjmp	.+2656   	; 0xd86 <cluster_tail_17>
     326:	00 00       	nop

00000328 <primary_25>:
     328:	22 1b       	sub	r18, r18
     32a:	33 0b       	sbc	r19, r19
     32c:	2c c5       	rjmp	.+2648   	; 0xd86 <cluster_tail_17>
     32e:	00 00       	nop

00000330 <primary_26>:
     330:	24 1b       	sub	r18, r20
     332:	35 0b       	sbc	r19, r21
     334:	28 c5       	rjmp	.+2640   	; 0xd86 <cluster_tail_17>
     336:	00 00       	nop

00000338 <primary_27>:
     338:	26 1b       	sub	r18, r22
     33a:	37 0b       	sbc	r19, r23
     33c:	24 c5       	rjmp	.+2632   	; 0xd86 <cluster_tail_17>
     33e:	00 00       	nop

00000340 <primary_28>:
     340:	40 1b       	sub	r20, r16
     342:	51 0b       	sbc	r21, r17
     344:	20 c5       	rjmp	.+2624   	; 0xd86 <cluster_tail_17>
     346:	00 00       	nop

00000348 <primary_29>:
     348:	42 1b       	sub	r20, r18
     34a:	53 0b       	sbc	r21, r19
     34c:	1c c5       	rjmp	.+2616   	; 0xd86 <cluster_tail_17>
     34e:	00 00       	nop

00000350 <primary_2A>:
     350:	44 1b       	sub	r20, r20
     352:	55 0b       	sbc	r21, r21
     354:	18 c5       	rjmp	.+2608   	; 0xd86 <cluster_tail_17>
     356:	00 00       	nop

00000358 <primary_2B>:
     358:	46 1b       	sub	r20, r22
     35a:	57 0b       	sbc	r21, r23
     35c:	14 c5       	rjmp	.+2600   	; 0xd86 <cluster_tail_17>
     35e:	00 00       	nop

00000360 <primary_2C>:
     360:	60 1b       	sub	r22, r16
     362:	71 0b       	sbc	r23, r17
     364:	10 c5       	rjmp	.+2592   	; 0xd86 <cluster_tail_17>
     366:	00 00       	nop

00000368 <primary_2D>:
     368:	62 1b       	sub	r22, r18
     36a:	73 0b       	sbc	r23, r19
     36c:	0c c5       	rjmp	.+2584   	; 0xd86 <cluster_tail_17>
     36e:	00 00       	nop

00000370 <primary_2E>:
     370:	64 1b       	sub	r22, r20
     372:	75 0b       	sbc	r23, r21
     374:	08 c5       	rjmp	.+2576   	; 0xd86 <cluster_tail_17>
     376:	00 00       	nop

00000378 <primary_2F>:
     378:	66 1b       	sub	r22, r22
     37a:	77 0b       	sbc	r23, r23
     37c:	04 c5       	rjmp	.+2568   	; 0xd86 <cluster_tail_17>
     37e:	00 00       	nop

00000380 <primary_30>:
     380:	00 17       	cp	r16, r16
     382:	11 07       	cpc	r17, r17
     384:	8f b7       	in	r24, 0x3f	; 63
     386:	f2 c4       	rjmp	.+2532   	; 0xd6c <cmov_gate_end>

00000388 <primary_31>:
     388:	02 17       	cp	r16, r18
     38a:	13 07       	cpc	r17, r19
     38c:	8f b7       	in	r24, 0x3f	; 63
     38e:	ee c4       	rjmp	.+2524   	; 0xd6c <cmov_gate_end>

00000390 <primary_32>:
     390:	04 17       	cp	r16, r20
     392:	15 07       	cpc	r17, r21
     394:	8f b7       	in	r24, 0x3f	; 63
     396:	ea c4       	rjmp	.+2516   	; 0xd6c <cmov_gate_end>

00000398 <primary_33>:
     398:	06 17       	cp	r16, r22
     39a:	17 07       	cpc	r17, r23
     39c:	8f b7       	in	r24, 0x3f	; 63
     39e:	e6 c4       	rjmp	.+2508   	; 0xd6c <cmov_gate_end>

000003a0 <primary_34>:
     3a0:	20 17       	cp	r18, r16
     3a2:	31 07       	cpc	r19, r17
     3a4:	8f b7       	in	r24, 0x3f	; 63
     3a6:	e2 c4       	rjmp	.+2500   	; 0xd6c <cmov_gate_end>

000003a8 <primary_35>:
     3a8:	22 17       	cp	r18, r18
     3aa:	33 07       	cpc	r19, r19
     3ac:	8f b7       	in	r24, 0x3f	; 63
     3ae:	de c4       	rjmp	.+2492   	; 0xd6c <cmov_gate_end>

000003b0 <primary_36>:
     3b0:	24 17       	cp	r18, r20
     3b2:	35 07       	cpc	r19, r21
     3b4:	8f b7       	in	r24, 0x3f	; 63
     3b6:	da c4       	rjmp	.+2484   	; 0xd6c <cmov_gate_end>

000003b8 <primary_37>:
     3b8:	26 17       	cp	r18, r22
     3ba:	37 07       	cpc	r19, r23
     3bc:	8f b7       	in	r24, 0x3f	; 63
     3be:	d6 c4       	rjmp	.+2476   	; 0xd6c <cmov_gate_end>

000003c0 <primary_38>:
     3c0:	40 17       	cp	r20, r16
     3c2:	51 07       	cpc	r21, r17
     3c4:	8f b7       	in	r24, 0x3f	; 63
     3c6:	d2 c4       	rjmp	.+2468   	; 0xd6c <cmov_gate_end>

000003c8 <primary_39>:
     3c8:	42 17       	cp	r20, r18
     3ca:	53 07       	cpc	r21, r19
     3cc:	8f b7       	in	r24, 0x3f	; 63
     3ce:	ce c4       	rjmp	.+2460   	; 0xd6c <cmov_gate_end>

000003d0 <primary_3A>:
     3d0:	44 17       	cp	r20, r20
     3d2:	55 07       	cpc	r21, r21
     3d4:	8f b7       	in	r24, 0x3f	; 63
     3d6:	ca c4       	rjmp	.+2452   	; 0xd6c <cmov_gate_end>

000003d8 <primary_3B>:
     3d8:	46 17       	cp	r20, r22
     3da:	57 07       	cpc	r21, r23
     3dc:	8f b7       	in	r24, 0x3f	; 63
     3de:	c6 c4       	rjmp	.+2444   	; 0xd6c <cmov_gate_end>

000003e0 <primary_3C>:
     3e0:	60 17       	cp	r22, r16
     3e2:	71 07       	cpc	r23, r17
     3e4:	8f b7       	in	r24, 0x3f	; 63
     3e6:	c2 c4       	rjmp	.+2436   	; 0xd6c <cmov_gate_end>

000003e8 <primary_3D>:
     3e8:	62 17       	cp	r22, r18
     3ea:	73 07       	cpc	r23, r19
     3ec:	8f b7       	in	r24, 0x3f	; 63
     3ee:	be c4       	rjmp	.+2428   	; 0xd6c <cmov_gate_end>

000003f0 <primary_3E>:
     3f0:	64 17       	cp	r22, r20
     3f2:	75 07       	cpc	r23, r21
     3f4:	8f b7       	in	r24, 0x3f	; 63
     3f6:	ba c4       	rjmp	.+2420   	; 0xd6c <cmov_gate_end>

000003f8 <primary_3F>:
     3f8:	66 17       	cp	r22, r22
     3fa:	77 07       	cpc	r23, r23
     3fc:	8f b7       	in	r24, 0x3f	; 63
     3fe:	b6 c4       	rjmp	.+2412   	; 0xd6c <cmov_gate_end>

00000400 <primary_40>:
     400:	d8 01       	movw	r26, r16
     402:	0c 91       	ld	r16, X
     404:	11 27       	eor	r17, r17
     406:	91 c7       	rjmp	.+3874   	; 0x132a <cluster_a_tail_18_delay_1>

00000408 <primary_41>:
     408:	d9 01       	movw	r26, r18
     40a:	0c 91       	ld	r16, X
     40c:	11 27       	eor	r17, r17
     40e:	8d c7       	rjmp	.+3866   	; 0x132a <cluster_a_tail_18_delay_1>

00000410 <primary_42>:
     410:	da 01       	movw	r26, r20
     412:	0c 91       	ld	r16, X
     414:	11 27       	eor	r17, r17
     416:	89 c7       	rjmp	.+3858   	; 0x132a <cluster_a_tail_18_delay_1>

00000418 <primary_43>:
     418:	db 01       	movw	r26, r22
     41a:	0c 91       	ld	r16, X
     41c:	11 27       	eor	r17, r17
     41e:	85 c7       	rjmp	.+3850   	; 0x132a <cluster_a_tail_18_delay_1>

00000420 <primary_44>:
     420:	d8 01       	movw	r26, r16
     422:	2c 91       	ld	r18, X
     424:	33 27       	eor	r19, r19
     426:	81 c7       	rjmp	.+3842   	; 0x132a <cluster_a_tail_18_delay_1>

00000428 <primary_45>:
     428:	d9 01       	movw	r26, r18
     42a:	2c 91       	ld	r18, X
     42c:	33 27       	eor	r19, r19
     42e:	7d c7       	rjmp	.+3834   	; 0x132a <cluster_a_tail_18_delay_1>

00000430 <primary_46>:
     430:	da 01       	movw	r26, r20
     432:	2c 91       	ld	r18, X
     434:	33 27       	eor	r19, r19
     436:	79 c7       	rjmp	.+3826   	; 0x132a <cluster_a_tail_18_delay_1>

00000438 <primary_47>:
     438:	db 01       	movw	r26, r22
     43a:	2c 91       	ld	r18, X
     43c:	33 27       	eor	r19, r19
     43e:	75 c7       	rjmp	.+3818   	; 0x132a <cluster_a_tail_18_delay_1>

00000440 <primary_48>:
     440:	d8 01       	movw	r26, r16
     442:	4c 91       	ld	r20, X
     444:	55 27       	eor	r21, r21
     446:	71 c7       	rjmp	.+3810   	; 0x132a <cluster_a_tail_18_delay_1>

00000448 <primary_49>:
     448:	d9 01       	movw	r26, r18
     44a:	4c 91       	ld	r20, X
     44c:	55 27       	eor	r21, r21
     44e:	6d c7       	rjmp	.+3802   	; 0x132a <cluster_a_tail_18_delay_1>

00000450 <primary_4A>:
     450:	da 01       	movw	r26, r20
     452:	4c 91       	ld	r20, X
     454:	55 27       	eor	r21, r21
     456:	69 c7       	rjmp	.+3794   	; 0x132a <cluster_a_tail_18_delay_1>

00000458 <primary_4B>:
     458:	db 01       	movw	r26, r22
     45a:	4c 91       	ld	r20, X
     45c:	55 27       	eor	r21, r21
     45e:	65 c7       	rjmp	.+3786   	; 0x132a <cluster_a_tail_18_delay_1>

00000460 <primary_4C>:
     460:	d8 01       	movw	r26, r16
     462:	6c 91       	ld	r22, X
     464:	77 27       	eor	r23, r23
     466:	61 c7       	rjmp	.+3778   	; 0x132a <cluster_a_tail_18_delay_1>

00000468 <primary_4D>:
     468:	d9 01       	movw	r26, r18
     46a:	6c 91       	ld	r22, X
     46c:	77 27       	eor	r23, r23
     46e:	5d c7       	rjmp	.+3770   	; 0x132a <cluster_a_tail_18_delay_1>

00000470 <primary_4E>:
     470:	da 01       	movw	r26, r20
     472:	6c 91       	ld	r22, X
     474:	77 27       	eor	r23, r23
     476:	59 c7       	rjmp	.+3762   	; 0x132a <cluster_a_tail_18_delay_1>

00000478 <primary_4F>:
     478:	db 01       	movw	r26, r22
     47a:	6c 91       	ld	r22, X
     47c:	77 27       	eor	r23, r23
     47e:	55 c7       	rjmp	.+3754   	; 0x132a <cluster_a_tail_18_delay_1>

00000480 <primary_50>:
     480:	d8 01       	movw	r26, r16
     482:	0c 93       	st	X, r16
     484:	8c c4       	rjmp	.+2328   	; 0xd9e <cluster_tail_18_delay_2>
     486:	00 00       	nop

00000488 <primary_51>:
     488:	d8 01       	movw	r26, r16
     48a:	2c 93       	st	X, r18
     48c:	88 c4       	rjmp	.+2320   	; 0xd9e <cluster_tail_18_delay_2>
     48e:	00 00       	nop

00000490 <primary_52>:
     490:	d8 01       	movw	r26, r16
     492:	4c 93       	st	X, r20
     494:	84 c4       	rjmp	.+2312   	; 0xd9e <cluster_tail_18_delay_2>
     496:	00 00       	nop

00000498 <primary_53>:
     498:	d8 01       	movw	r26, r16
     49a:	6c 93       	st	X, r22
     49c:	80 c4       	rjmp	.+2304   	; 0xd9e <cluster_tail_18_delay_2>
     49e:	00 00       	nop

000004a0 <primary_54>:
     4a0:	d9 01       	movw	r26, r18
     4a2:	0c 93       	st	X, r16
     4a4:	7c c4       	rjmp	.+2296   	; 0xd9e <cluster_tail_18_delay_2>
     4a6:	00 00       	nop

000004a8 <primary_55>:
     4a8:	d9 01       	movw	r26, r18
     4aa:	2c 93       	st	X, r18
     4ac:	78 c4       	rjmp	.+2288   	; 0xd9e <cluster_tail_18_delay_2>
     4ae:	00 00       	nop

000004b0 <primary_56>:
     4b0:	d9 01       	movw	r26, r18
     4b2:	4c 93       	st	X, r20
     4b4:	74 c4       	rjmp	.+2280   	; 0xd9e <cluster_tail_18_delay_2>
     4b6:	00 00       	nop

000004b8 <primary_57>:
     4b8:	d9 01       	movw	r26, r18
     4ba:	6c 93       	st	X, r22
     4bc:	70 c4       	rjmp	.+2272   	; 0xd9e <cluster_tail_18_delay_2>
     4be:	00 00       	nop

000004c0 <primary_58>:
     4c0:	da 01       	movw	r26, r20
     4c2:	0c 93       	st	X, r16
     4c4:	6c c4       	rjmp	.+2264   	; 0xd9e <cluster_tail_18_delay_2>
     4c6:	00 00       	nop

000004c8 <primary_59>:
     4c8:	da 01       	movw	r26, r20
     4ca:	2c 93       	st	X, r18
     4cc:	68 c4       	rjmp	.+2256   	; 0xd9e <cluster_tail_18_delay_2>
     4ce:	00 00       	nop

000004d0 <primary_5A>:
     4d0:	da 01       	movw	r26, r20
     4d2:	4c 93       	st	X, r20
     4d4:	64 c4       	rjmp	.+2248   	; 0xd9e <cluster_tail_18_delay_2>
     4d6:	00 00       	nop

000004d8 <primary_5B>:
     4d8:	da 01       	movw	r26, r20
     4da:	6c 93       	st	X, r22
     4dc:	60 c4       	rjmp	.+2240   	; 0xd9e <cluster_tail_18_delay_2>
     4de:	00 00       	nop

000004e0 <primary_5C>:
     4e0:	db 01       	movw	r26, r22
     4e2:	0c 93       	st	X, r16
     4e4:	5c c4       	rjmp	.+2232   	; 0xd9e <cluster_tail_18_delay_2>
     4e6:	00 00       	nop

000004e8 <primary_5D>:
     4e8:	db 01       	movw	r26, r22
     4ea:	2c 93       	st	X, r18
     4ec:	58 c4       	rjmp	.+2224   	; 0xd9e <cluster_tail_18_delay_2>
     4ee:	00 00       	nop

000004f0 <primary_5E>:
     4f0:	db 01       	movw	r26, r22
     4f2:	4c 93       	st	X, r20
     4f4:	54 c4       	rjmp	.+2216   	; 0xd9e <cluster_tail_18_delay_2>
     4f6:	00 00       	nop

000004f8 <primary_5F>:
     4f8:	db 01       	movw	r26, r22
     4fa:	6c 93       	st	X, r22
     4fc:	50 c4       	rjmp	.+2208   	; 0xd9e <cluster_tail_18_delay_2>
     4fe:	00 00       	nop

00000500 <primary_60>:
     500:	d8 01       	movw	r26, r16
     502:	0d 91       	ld	r16, X+
     504:	1c 91       	ld	r17, X
     506:	4f c4       	rjmp	.+2206   	; 0xda6 <cluster_tail_18>

00000508 <primary_61>:
     508:	d9 01       	movw	r26, r18
     50a:	0d 91       	ld	r16, X+
     50c:	1c 91       	ld	r17, X
     50e:	4b c4       	rjmp	.+2198   	; 0xda6 <cluster_tail_18>

00000510 <primary_62>:
     510:	da 01       	movw	r26, r20
     512:	0d 91       	ld	r16, X+
     514:	1c 91       	ld	r17, X
     516:	47 c4       	rjmp	.+2190   	; 0xda6 <cluster_tail_18>

00000518 <primary_63>:
     518:	db 01       	movw	r26, r22
     51a:	0d 91       	ld	r16, X+
     51c:	1c 91       	ld	r17, X
     51e:	43 c4       	rjmp	.+2182   	; 0xda6 <cluster_tail_18>

00000520 <primary_64>:
     520:	d8 01       	movw	r26, r16
     522:	2d 91       	ld	r18, X+
     524:	3c 91       	ld	r19, X
     526:	3f c4       	rjmp	.+2174   	; 0xda6 <cluster_tail_18>

00000528 <primary_65>:
     528:	d9 01       	movw	r26, r18
     52a:	2d 91       	ld	r18, X+
     52c:	3c 91       	ld	r19, X
     52e:	3b c4       	rjmp	.+2166   	; 0xda6 <cluster_tail_18>

00000530 <primary_66>:
     530:	da 01       	movw	r26, r20
     532:	2d 91       	ld	r18, X+
     534:	3c 91       	ld	r19, X
     536:	37 c4       	rjmp	.+2158   	; 0xda6 <cluster_tail_18>

00000538 <primary_67>:
     538:	db 01       	movw	r26, r22
     53a:	2d 91       	ld	r18, X+
     53c:	3c 91       	ld	r19, X
     53e:	33 c4       	rjmp	.+2150   	; 0xda6 <cluster_tail_18>

00000540 <primary_68>:
     540:	d8 01       	movw	r26, r16
     542:	4d 91       	ld	r20, X+
     544:	5c 91       	ld	r21, X
     546:	2f c4       	rjmp	.+2142   	; 0xda6 <cluster_tail_18>

00000548 <primary_69>:
     548:	d9 01       	movw	r26, r18
     54a:	4d 91       	ld	r20, X+
     54c:	5c 91       	ld	r21, X
     54e:	2b c4       	rjmp	.+2134   	; 0xda6 <cluster_tail_18>

00000550 <primary_6A>:
     550:	da 01       	movw	r26, r20
     552:	4d 91       	ld	r20, X+
     554:	5c 91       	ld	r21, X
     556:	27 c4       	rjmp	.+2126   	; 0xda6 <cluster_tail_18>

00000558 <primary_6B>:
     558:	db 01       	movw	r26, r22
     55a:	4d 91       	ld	r20, X+
     55c:	5c 91       	ld	r21, X
     55e:	23 c4       	rjmp	.+2118   	; 0xda6 <cluster_tail_18>

00000560 <primary_6C>:
     560:	d8 01       	movw	r26, r16
     562:	6d 91       	ld	r22, X+
     564:	7c 91       	ld	r23, X
     566:	1f c4       	rjmp	.+2110   	; 0xda6 <cluster_tail_18>

00000568 <primary_6D>:
     568:	d9 01       	movw	r26, r18
     56a:	6d 91       	ld	r22, X+
     56c:	7c 91       	ld	r23, X
     56e:	1b c4       	rjmp	.+2102   	; 0xda6 <cluster_tail_18>

00000570 <primary_6E>:
     570:	da 01       	movw	r26, r20
     572:	6d 91       	ld	r22, X+
     574:	7c 91       	ld	r23, X
     576:	17 c4       	rjmp	.+2094   	; 0xda6 <cluster_tail_18>

00000578 <primary_6F>:
     578:	db 01       	movw	r26, r22
     57a:	6d 91       	ld	r22, X+
     57c:	7c 91       	ld	r23, X
     57e:	13 c4       	rjmp	.+2086   	; 0xda6 <cluster_tail_18>

00000580 <primary_70>:
     580:	d8 01       	movw	r26, r16
     582:	0d 93       	st	X+, r16
     584:	1c 93       	st	X, r17
     586:	0f c4       	rjmp	.+2078   	; 0xda6 <cluster_tail_18>

00000588 <primary_71>:
     588:	d8 01       	movw	r26, r16
     58a:	2d 93       	st	X+, r18
     58c:	3c 93       	st	X, r19
     58e:	0b c4       	rjmp	.+2070   	; 0xda6 <cluster_tail_18>

00000590 <primary_72>:
     590:	d8 01       	movw	r26, r16
     592:	4d 93       	st	X+, r20
     594:	5c 93       	st	X, r21
     596:	07 c4       	rjmp	.+2062   	; 0xda6 <cluster_tail_18>

00000598 <primary_73>:
     598:	d8 01       	movw	r26, r16
     59a:	6d 93       	st	X+, r22
     59c:	7c 93       	st	X, r23
     59e:	03 c4       	rjmp	.+2054   	; 0xda6 <cluster_tail_18>

000005a0 <primary_74>:
     5a0:	d9 01       	movw	r26, r18
     5a2:	0d 93       	st	X+, r16
     5a4:	1c 93       	st	X, r17
     5a6:	ff c3       	rjmp	.+2046   	; 0xda6 <cluster_tail_18>

000005a8 <primary_75>:
     5a8:	d9 01       	movw	r26, r18
     5aa:	2d 93       	st	X+, r18
     5ac:	3c 93       	st	X, r19
     5ae:	fb c3       	rjmp	.+2038   	; 0xda6 <cluster_tail_18>

000005b0 <primary_76>:
     5b0:	d9 01       	movw	r26, r18
     5b2:	4d 93       	st	X+, r20
     5b4:	5c 93       	st	X, r21
     5b6:	f7 c3       	rjmp	.+2030   	; 0xda6 <cluster_tail_18>

000005b8 <primary_77>:
     5b8:	d9 01       	movw	r26, r18
     5ba:	6d 93       	st	X+, r22
     5bc:	7c 93       	st	X, r23
     5be:	f3 c3       	rjmp	.+2022   	; 0xda6 <cluster_tail_18>

000005c0 <primary_78>:
     5c0:	da 01       	movw	r26, r20
     5c2:	0d 93       	st	X+, r16
     5c4:	1c 93       	st	X, r17
     5c6:	ef c3       	rjmp	.+2014   	; 0xda6 <cluster_tail_18>

000005c8 <primary_79>:
     5c8:	da 01       	movw	r26, r20
     5ca:	2d 93       	st	X+, r18
     5cc:	3c 93       	st	X, r19
     5ce:	eb c3       	rjmp	.+2006   	; 0xda6 <cluster_tail_18>

000005d0 <primary_7A>:
     5d0:	da 01       	movw	r26, r20
     5d2:	4d 93       	st	X+, r20
     5d4:	5c 93       	st	X, r21
     5d6:	e7 c3       	rjmp	.+1998   	; 0xda6 <cluster_tail_18>

000005d8 <primary_7B>:
     5d8:	da 01       	movw	r26, r20
     5da:	6d 93       	st	X+, r22
     5dc:	7c 93       	st	X, r23
     5de:	e3 c3       	rjmp	.+1990   	; 0xda6 <cluster_tail_18>

000005e0 <primary_7C>:
     5e0:	db 01       	movw	r26, r22
     5e2:	0d 93       	st	X+, r16
     5e4:	1c 93       	st	X, r17
     5e6:	df c3       	rjmp	.+1982   	; 0xda6 <cluster_tail_18>

000005e8 <primary_7D>:
     5e8:	db 01       	movw	r26, r22
     5ea:	2d 93       	st	X+, r18
     5ec:	3c 93       	st	X, r19
     5ee:	db c3       	rjmp	.+1974   	; 0xda6 <cluster_tail_18>

000005f0 <primary_7E>:
     5f0:	db 01       	movw	r26, r22
     5f2:	4d 93       	st	X+, r20
     5f4:	5c 93       	st	X, r21
     5f6:	d7 c3       	rjmp	.+1966   	; 0xda6 <cluster_tail_18>

000005f8 <primary_7F>:
     5f8:	db 01       	movw	r26, r22
     5fa:	6d 93       	st	X+, r22
     5fc:	7c 93       	st	X, r23
     5fe:	d3 c3       	rjmp	.+1958   	; 0xda6 <cluster_tail_18>

00000600 <primary_80>:
     600:	00 23       	and	r16, r16
     602:	11 23       	and	r17, r17
     604:	c0 c3       	rjmp	.+1920   	; 0xd86 <cluster_tail_17>
     606:	00 00       	nop

00000608 <primary_81>:
     608:	02 23       	and	r16, r18
     60a:	13 23       	and	r17, r19
     60c:	bc c3       	rjmp	.+1912   	; 0xd86 <cluster_tail_17>
     60e:	00 00       	nop

00000610 <primary_82>:
     610:	04 23       	and	r16, r20
     612:	15 23       	and	r17, r21
     614:	b8 c3       	rjmp	.+1904   	; 0xd86 <cluster_tail_17>
     616:	00 00       	nop

00000618 <primary_83>:
     618:	06 23       	and	r16, r22
     61a:	17 23       	and	r17, r23
     61c:	b4 c3       	rjmp	.+1896   	; 0xd86 <cluster_tail_17>
     61e:	00 00       	nop

00000620 <primary_84>:
     620:	20 23       	and	r18, r16
     622:	31 23       	and	r19, r17
     624:	b0 c3       	rjmp	.+1888   	; 0xd86 <cluster_tail_17>
     626:	00 00       	nop

00000628 <primary_85>:
     628:	22 23       	and	r18, r18
     62a:	33 23       	and	r19, r19
     62c:	ac c3       	rjmp	.+1880   	; 0xd86 <cluster_tail_17>
     62e:	00 00       	nop

00000630 <primary_86>:
     630:	24 23       	and	r18, r20
     632:	35 23       	and	r19, r21
     634:	a8 c3       	rjmp	.+1872   	; 0xd86 <cluster_tail_17>
     636:	00 00       	nop

00000638 <primary_87>:
     638:	26 23       	and	r18, r22
     63a:	37 23       	and	r19, r23
     63c:	a4 c3       	rjmp	.+1864   	; 0xd86 <cluster_tail_17>
     63e:	00 00       	nop

00000640 <primary_88>:
     640:	40 23       	and	r20, r16
     642:	51 23       	and	r21, r17
     644:	a0 c3       	rjmp	.+1856   	; 0xd86 <cluster_tail_17>
     646:	00 00       	nop

00000648 <primary_89>:
     648:	42 23       	and	r20, r18
     64a:	53 23       	and	r21, r19
     64c:	9c c3       	rjmp	.+1848   	; 0xd86 <cluster_tail_17>
     64e:	00 00       	nop

00000650 <primary_8A>:
     650:	44 23       	and	r20, r20
     652:	55 23       	and	r21, r21
     654:	98 c3       	rjmp	.+1840   	; 0xd86 <cluster_tail_17>
     656:	00 00       	nop

00000658 <primary_8B>:
     658:	46 23       	and	r20, r22
     65a:	57 23       	and	r21, r23
     65c:	94 c3       	rjmp	.+1832   	; 0xd86 <cluster_tail_17>
     65e:	00 00       	nop

00000660 <primary_8C>:
     660:	60 23       	and	r22, r16
     662:	71 23       	and	r23, r17
     664:	90 c3       	rjmp	.+1824   	; 0xd86 <cluster_tail_17>
     666:	00 00       	nop

00000668 <primary_8D>:
     668:	62 23       	and	r22, r18
     66a:	73 23       	and	r23, r19
     66c:	8c c3       	rjmp	.+1816   	; 0xd86 <cluster_tail_17>
     66e:	00 00       	nop

00000670 <primary_8E>:
     670:	64 23       	and	r22, r20
     672:	75 23       	and	r23, r21
     674:	88 c3       	rjmp	.+1808   	; 0xd86 <cluster_tail_17>
     676:	00 00       	nop

00000678 <primary_8F>:
     678:	66 23       	and	r22, r22
     67a:	77 23       	and	r23, r23
     67c:	84 c3       	rjmp	.+1800   	; 0xd86 <cluster_tail_17>
     67e:	00 00       	nop

00000680 <primary_90>:
     680:	00 2b       	or	r16, r16
     682:	11 2b       	or	r17, r17
     684:	80 c3       	rjmp	.+1792   	; 0xd86 <cluster_tail_17>
     686:	00 00       	nop

00000688 <primary_91>:
     688:	02 2b       	or	r16, r18
     68a:	13 2b       	or	r17, r19
     68c:	7c c3       	rjmp	.+1784   	; 0xd86 <cluster_tail_17>
     68e:	00 00       	nop

00000690 <primary_92>:
     690:	04 2b       	or	r16, r20
     692:	15 2b       	or	r17, r21
     694:	78 c3       	rjmp	.+1776   	; 0xd86 <cluster_tail_17>
     696:	00 00       	nop

00000698 <primary_93>:
     698:	06 2b       	or	r16, r22
     69a:	17 2b       	or	r17, r23
     69c:	74 c3       	rjmp	.+1768   	; 0xd86 <cluster_tail_17>
     69e:	00 00       	nop

000006a0 <primary_94>:
     6a0:	20 2b       	or	r18, r16
     6a2:	31 2b       	or	r19, r17
     6a4:	70 c3       	rjmp	.+1760   	; 0xd86 <cluster_tail_17>
     6a6:	00 00       	nop

000006a8 <primary_95>:
     6a8:	22 2b       	or	r18, r18
     6aa:	33 2b       	or	r19, r19
     6ac:	6c c3       	rjmp	.+1752   	; 0xd86 <cluster_tail_17>
     6ae:	00 00       	nop

000006b0 <primary_96>:
     6b0:	24 2b       	or	r18, r20
     6b2:	35 2b       	or	r19, r21
     6b4:	68 c3       	rjmp	.+1744   	; 0xd86 <cluster_tail_17>
     6b6:	00 00       	nop

000006b8 <primary_97>:
     6b8:	26 2b       	or	r18, r22
     6ba:	37 2b       	or	r19, r23
     6bc:	64 c3       	rjmp	.+1736   	; 0xd86 <cluster_tail_17>
     6be:	00 00       	nop

000006c0 <primary_98>:
     6c0:	40 2b       	or	r20, r16
     6c2:	51 2b       	or	r21, r17
     6c4:	60 c3       	rjmp	.+1728   	; 0xd86 <cluster_tail_17>
     6c6:	00 00       	nop

000006c8 <primary_99>:
     6c8:	42 2b       	or	r20, r18
     6ca:	53 2b       	or	r21, r19
     6cc:	5c c3       	rjmp	.+1720   	; 0xd86 <cluster_tail_17>
     6ce:	00 00       	nop

000006d0 <primary_9A>:
     6d0:	44 2b       	or	r20, r20
     6d2:	55 2b       	or	r21, r21
     6d4:	58 c3       	rjmp	.+1712   	; 0xd86 <cluster_tail_17>
     6d6:	00 00       	nop

000006d8 <primary_9B>:
     6d8:	46 2b       	or	r20, r22
     6da:	57 2b       	or	r21, r23
     6dc:	54 c3       	rjmp	.+1704   	; 0xd86 <cluster_tail_17>
     6de:	00 00       	nop

000006e0 <primary_9C>:
     6e0:	60 2b       	or	r22, r16
     6e2:	71 2b       	or	r23, r17
     6e4:	50 c3       	rjmp	.+1696   	; 0xd86 <cluster_tail_17>
     6e6:	00 00       	nop

000006e8 <primary_9D>:
     6e8:	62 2b       	or	r22, r18
     6ea:	73 2b       	or	r23, r19
     6ec:	4c c3       	rjmp	.+1688   	; 0xd86 <cluster_tail_17>
     6ee:	00 00       	nop

000006f0 <primary_9E>:
     6f0:	64 2b       	or	r22, r20
     6f2:	75 2b       	or	r23, r21
     6f4:	48 c3       	rjmp	.+1680   	; 0xd86 <cluster_tail_17>
     6f6:	00 00       	nop

000006f8 <primary_9F>:
     6f8:	66 2b       	or	r22, r22
     6fa:	77 2b       	or	r23, r23
     6fc:	44 c3       	rjmp	.+1672   	; 0xd86 <cluster_tail_17>
     6fe:	00 00       	nop

00000700 <primary_A0>:
     700:	00 27       	eor	r16, r16
     702:	11 27       	eor	r17, r17
     704:	40 c3       	rjmp	.+1664   	; 0xd86 <cluster_tail_17>
     706:	00 00       	nop

00000708 <primary_A1>:
     708:	02 27       	eor	r16, r18
     70a:	13 27       	eor	r17, r19
     70c:	3c c3       	rjmp	.+1656   	; 0xd86 <cluster_tail_17>
     70e:	00 00       	nop

00000710 <primary_A2>:
     710:	04 27       	eor	r16, r20
     712:	15 27       	eor	r17, r21
     714:	38 c3       	rjmp	.+1648   	; 0xd86 <cluster_tail_17>
     716:	00 00       	nop

00000718 <primary_A3>:
     718:	06 27       	eor	r16, r22
     71a:	17 27       	eor	r17, r23
     71c:	34 c3       	rjmp	.+1640   	; 0xd86 <cluster_tail_17>
     71e:	00 00       	nop

00000720 <primary_A4>:
     720:	20 27       	eor	r18, r16
     722:	31 27       	eor	r19, r17
     724:	30 c3       	rjmp	.+1632   	; 0xd86 <cluster_tail_17>
     726:	00 00       	nop

00000728 <primary_A5>:
     728:	22 27       	eor	r18, r18
     72a:	33 27       	eor	r19, r19
     72c:	2c c3       	rjmp	.+1624   	; 0xd86 <cluster_tail_17>
     72e:	00 00       	nop

00000730 <primary_A6>:
     730:	24 27       	eor	r18, r20
     732:	35 27       	eor	r19, r21
     734:	28 c3       	rjmp	.+1616   	; 0xd86 <cluster_tail_17>
     736:	00 00       	nop

00000738 <primary_A7>:
     738:	26 27       	eor	r18, r22
     73a:	37 27       	eor	r19, r23
     73c:	24 c3       	rjmp	.+1608   	; 0xd86 <cluster_tail_17>
     73e:	00 00       	nop

00000740 <primary_A8>:
     740:	40 27       	eor	r20, r16
     742:	51 27       	eor	r21, r17
     744:	20 c3       	rjmp	.+1600   	; 0xd86 <cluster_tail_17>
     746:	00 00       	nop

00000748 <primary_A9>:
     748:	42 27       	eor	r20, r18
     74a:	53 27       	eor	r21, r19
     74c:	1c c3       	rjmp	.+1592   	; 0xd86 <cluster_tail_17>
     74e:	00 00       	nop

00000750 <primary_AA>:
     750:	44 27       	eor	r20, r20
     752:	55 27       	eor	r21, r21
     754:	18 c3       	rjmp	.+1584   	; 0xd86 <cluster_tail_17>
     756:	00 00       	nop

00000758 <primary_AB>:
     758:	46 27       	eor	r20, r22
     75a:	57 27       	eor	r21, r23
     75c:	14 c3       	rjmp	.+1576   	; 0xd86 <cluster_tail_17>
     75e:	00 00       	nop

00000760 <primary_AC>:
     760:	60 27       	eor	r22, r16
     762:	71 27       	eor	r23, r17
     764:	10 c3       	rjmp	.+1568   	; 0xd86 <cluster_tail_17>
     766:	00 00       	nop

00000768 <primary_AD>:
     768:	62 27       	eor	r22, r18
     76a:	73 27       	eor	r23, r19
     76c:	0c c3       	rjmp	.+1560   	; 0xd86 <cluster_tail_17>
     76e:	00 00       	nop

00000770 <primary_AE>:
     770:	64 27       	eor	r22, r20
     772:	75 27       	eor	r23, r21
     774:	08 c3       	rjmp	.+1552   	; 0xd86 <cluster_tail_17>
     776:	00 00       	nop

00000778 <primary_AF>:
     778:	66 27       	eor	r22, r22
     77a:	77 27       	eor	r23, r23
     77c:	04 c3       	rjmp	.+1544   	; 0xd86 <cluster_tail_17>
     77e:	00 00       	nop

00000780 <primary_B0_push16_r0>:
     780:	9a 92       	st	-Y, r9
     782:	8a 92       	st	-Y, r8
     784:	0e c3       	rjmp	.+1564   	; 0xda2 <push16_stack_check>
     786:	00 00       	nop

00000788 <primary_B1_push16_r1>:
     788:	ba 92       	st	-Y, r11
     78a:	aa 92       	st	-Y, r10
     78c:	0a c3       	rjmp	.+1556   	; 0xda2 <push16_stack_check>
     78e:	00 00       	nop

00000790 <primary_B2_push16_r2>:
     790:	da 92       	st	-Y, r13
     792:	ca 92       	st	-Y, r12
     794:	06 c3       	rjmp	.+1548   	; 0xda2 <push16_stack_check>
     796:	00 00       	nop

00000798 <primary_B3_push16_r3>:
     798:	fa 92       	st	-Y, r15
     79a:	ea 92       	st	-Y, r14
     79c:	02 c3       	rjmp	.+1540   	; 0xda2 <push16_stack_check>
     79e:	00 00       	nop

000007a0 <primary_B4_push16_r4>:
     7a0:	1a 93       	st	-Y, r17
     7a2:	0a 93       	st	-Y, r16
     7a4:	fe c2       	rjmp	.+1532   	; 0xda2 <push16_stack_check>
     7a6:	00 00       	nop

000007a8 <primary_B5_push16_r5>:
     7a8:	3a 93       	st	-Y, r19
     7aa:	2a 93       	st	-Y, r18
     7ac:	fa c2       	rjmp	.+1524   	; 0xda2 <push16_stack_check>
     7ae:	00 00       	nop

000007b0 <primary_B6_push16_r6>:
     7b0:	5a 93       	st	-Y, r21
     7b2:	4a 93       	st	-Y, r20
     7b4:	f6 c2       	rjmp	.+1516   	; 0xda2 <push16_stack_check>
     7b6:	00 00       	nop

000007b8 <primary_B7_push16_r7>:
     7b8:	7a 93       	st	-Y, r23
     7ba:	6a 93       	st	-Y, r22
     7bc:	f2 c2       	rjmp	.+1508   	; 0xda2 <push16_stack_check>
     7be:	00 00       	nop

000007c0 <primary_B8_pop16_r0>:
     7c0:	89 90       	ld	r8, Y+
     7c2:	99 90       	ld	r9, Y+
     7c4:	b2 c5       	rjmp	.+2916   	; 0x132a <cluster_a_tail_18_delay_1>
     7c6:	00 00       	nop

000007c8 <primary_B9_pop16_r1>:
     7c8:	a9 90       	ld	r10, Y+
     7ca:	b9 90       	ld	r11, Y+
     7cc:	ae c5       	rjmp	.+2908   	; 0x132a <cluster_a_tail_18_delay_1>
     7ce:	00 00       	nop

000007d0 <primary_BA_pop16_r2>:
     7d0:	c9 90       	ld	r12, Y+
     7d2:	d9 90       	ld	r13, Y+
     7d4:	aa c5       	rjmp	.+2900   	; 0x132a <cluster_a_tail_18_delay_1>
     7d6:	00 00       	nop

000007d8 <primary_BB_pop16_r3>:
     7d8:	e9 90       	ld	r14, Y+
     7da:	f9 90       	ld	r15, Y+
     7dc:	a6 c5       	rjmp	.+2892   	; 0x132a <cluster_a_tail_18_delay_1>
     7de:	00 00       	nop

000007e0 <primary_BC_pop16_r4>:
     7e0:	09 91       	ld	r16, Y+
     7e2:	19 91       	ld	r17, Y+
     7e4:	a2 c5       	rjmp	.+2884   	; 0x132a <cluster_a_tail_18_delay_1>
     7e6:	00 00       	nop

000007e8 <primary_BD_pop16_r5>:
     7e8:	29 91       	ld	r18, Y+
     7ea:	39 91       	ld	r19, Y+
     7ec:	9e c5       	rjmp	.+2876   	; 0x132a <cluster_a_tail_18_delay_1>
     7ee:	00 00       	nop

000007f0 <primary_BE_pop16_r6>:
     7f0:	49 91       	ld	r20, Y+
     7f2:	59 91       	ld	r21, Y+
     7f4:	9a c5       	rjmp	.+2868   	; 0x132a <cluster_a_tail_18_delay_1>
     7f6:	00 00       	nop

000007f8 <primary_BF_pop16_r7>:
     7f8:	69 91       	ld	r22, Y+
     7fa:	79 91       	ld	r23, Y+
     7fc:	96 c5       	rjmp	.+2860   	; 0x132a <cluster_a_tail_18_delay_1>
     7fe:	00 00       	nop

00000800 <primary_R4_ldi8_r4>:
     800:	ed ef       	ldi	r30, 0xFD	; 253
     802:	f6 e0       	ldi	r31, 0x06	; 6
     804:	00 00       	nop
     806:	d8 c2       	rjmp	.+1456   	; 0xdb8 <fetch_imm8_then_ijmp>

00000808 <primary_R5_ldi8_r5>:
     808:	e0 e0       	ldi	r30, 0x00	; 0
     80a:	f7 e0       	ldi	r31, 0x07	; 7
     80c:	00 00       	nop
     80e:	d4 c2       	rjmp	.+1448   	; 0xdb8 <fetch_imm8_then_ijmp>

00000810 <primary_R6_ldi8_r6>:
     810:	e3 e0       	ldi	r30, 0x03	; 3
     812:	f7 e0       	ldi	r31, 0x07	; 7
     814:	00 00       	nop
     816:	d0 c2       	rjmp	.+1440   	; 0xdb8 <fetch_imm8_then_ijmp>

00000818 <primary_R7_ldi8_r7>:
     818:	e6 e0       	ldi	r30, 0x06	; 6
     81a:	f7 e0       	ldi	r31, 0x07	; 7
     81c:	00 00       	nop
     81e:	cc c2       	rjmp	.+1432   	; 0xdb8 <fetch_imm8_then_ijmp>

00000820 <primary_C4_ldi16_r4>:
     820:	e9 e0       	ldi	r30, 0x09	; 9
     822:	f7 e0       	ldi	r31, 0x07	; 7
     824:	00 00       	nop
     826:	d7 c2       	rjmp	.+1454   	; 0xdd6 <fetch_imm16_then_ijmp>

00000828 <primary_C5_ldi16_r5>:
     828:	ec e0       	ldi	r30, 0x0C	; 12
     82a:	f7 e0       	ldi	r31, 0x07	; 7
     82c:	00 00       	nop
     82e:	d3 c2       	rjmp	.+1446   	; 0xdd6 <fetch_imm16_then_ijmp>

00000830 <primary_C6_ldi16_r6>:
     830:	ef e0       	ldi	r30, 0x0F	; 15
     832:	f7 e0       	ldi	r31, 0x07	; 7
     834:	00 00       	nop
     836:	cf c2       	rjmp	.+1438   	; 0xdd6 <fetch_imm16_then_ijmp>

00000838 <primary_C7_ldi16_r7>:
     838:	e2 e1       	ldi	r30, 0x12	; 18
     83a:	f7 e0       	ldi	r31, 0x07	; 7
     83c:	00 00       	nop
     83e:	cb c2       	rjmp	.+1430   	; 0xdd6 <fetch_imm16_then_ijmp>

00000840 <primary_C8_addi_s8_r4>:
     840:	e5 e1       	ldi	r30, 0x15	; 21
     842:	f7 e0       	ldi	r31, 0x07	; 7
     844:	00 00       	nop
     846:	be c2       	rjmp	.+1404   	; 0xdc4 <fetch_simm8_then_ijmp>

00000848 <primary_C9_addi_s8_r5>:
     848:	e8 e1       	ldi	r30, 0x18	; 24
     84a:	f7 e0       	ldi	r31, 0x07	; 7
     84c:	00 00       	nop
     84e:	ba c2       	rjmp	.+1396   	; 0xdc4 <fetch_simm8_then_ijmp>

00000850 <primary_CA_addi_s8_r6>:
     850:	eb e1       	ldi	r30, 0x1B	; 27
     852:	f7 e0       	ldi	r31, 0x07	; 7
     854:	00 00       	nop
     856:	b6 c2       	rjmp	.+1388   	; 0xdc4 <fetch_simm8_then_ijmp>

00000858 <primary_CB_addi_s8_r7>:
     858:	ee e1       	ldi	r30, 0x1E	; 30
     85a:	f7 e0       	ldi	r31, 0x07	; 7
     85c:	00 00       	nop
     85e:	b2 c2       	rjmp	.+1380   	; 0xdc4 <fetch_simm8_then_ijmp>

00000860 <primary_CC_cmpi_s8_r4>:
     860:	e1 e2       	ldi	r30, 0x21	; 33
     862:	f7 e0       	ldi	r31, 0x07	; 7
     864:	00 00       	nop
     866:	ae c2       	rjmp	.+1372   	; 0xdc4 <fetch_simm8_then_ijmp>

00000868 <primary_CD_cmpi_s8_r5>:
     868:	e5 e2       	ldi	r30, 0x25	; 37
     86a:	f7 e0       	ldi	r31, 0x07	; 7
     86c:	00 00       	nop
     86e:	aa c2       	rjmp	.+1364   	; 0xdc4 <fetch_simm8_then_ijmp>

00000870 <primary_CE_cmpi_s8_r6>:
     870:	e9 e2       	ldi	r30, 0x29	; 41
     872:	f7 e0       	ldi	r31, 0x07	; 7
     874:	00 00       	nop
     876:	a6 c2       	rjmp	.+1356   	; 0xdc4 <fetch_simm8_then_ijmp>

00000878 <primary_CF_cmpi_s8_r7>:
     878:	ed e2       	ldi	r30, 0x2D	; 45
     87a:	f7 e0       	ldi	r31, 0x07	; 7
     87c:	00 00       	nop
     87e:	a2 c2       	rjmp	.+1348   	; 0xdc4 <fetch_simm8_then_ijmp>

00000880 <primary_D0_breq8_rel8>:
     880:	43 0c       	add	r4, r3
     882:	52 1c       	adc	r5, r2
     884:	62 1c       	adc	r6, r2
     886:	ed c2       	rjmp	.+1498   	; 0xe62 <breq8_rel8_decode_func>

00000888 <primary_D1_brne8_rel8>:
     888:	43 0c       	add	r4, r3
     88a:	52 1c       	adc	r5, r2
     88c:	62 1c       	adc	r6, r2
     88e:	f1 c2       	rjmp	.+1506   	; 0xe72 <brne8_rel8_decode_func>

00000890 <primary_D2_brult8_rel8>:
     890:	43 0c       	add	r4, r3
     892:	52 1c       	adc	r5, r2
     894:	62 1c       	adc	r6, r2
     896:	f5 c2       	rjmp	.+1514   	; 0xe82 <brult8_rel8_decode_func>

00000898 <primary_D3_brslt8_rel8>:
     898:	43 0c       	add	r4, r3
     89a:	52 1c       	adc	r5, r2
     89c:	62 1c       	adc	r6, r2
     89e:	f9 c2       	rjmp	.+1522   	; 0xe92 <brslt8_rel8_decode_func>

000008a0 <primary_D4_jmp8_rel8>:
     8a0:	43 0c       	add	r4, r3
     8a2:	52 1c       	adc	r5, r2
     8a4:	62 1c       	adc	r6, r2
     8a6:	34 c3       	rjmp	.+1640   	; 0xf10 <branch_rel16_block_end>

000008a8 <primary_D5_call8_rel8>:
     8a8:	43 0c       	add	r4, r3
     8aa:	52 1c       	adc	r5, r2
     8ac:	62 1c       	adc	r6, r2
     8ae:	3c c3       	rjmp	.+1656   	; 0xf28 <call8_rel8_func>

000008b0 <primary_D6_adjsp>:
     8b0:	43 0c       	add	r4, r3
     8b2:	52 1c       	adc	r5, r2
     8b4:	62 1c       	adc	r6, r2
     8b6:	47 c3       	rjmp	.+1678   	; 0xf46 <adjsp_simm8_func>

000008b8 <primary_D7_sys>:
     8b8:	43 0c       	add	r4, r3
     8ba:	52 1c       	adc	r5, r2
     8bc:	62 1c       	adc	r6, r2
     8be:	84 c3       	rjmp	.+1800   	; 0xfc8 <sys_decode_func>

000008c0 <primary_D7_sys_end>:
     8c0:	43 0c       	add	r4, r3
     8c2:	52 1c       	adc	r5, r2
     8c4:	62 1c       	adc	r6, r2
     8c6:	ed c2       	rjmp	.+1498   	; 0xea2 <bruge8_rel8_decode_func>

000008c8 <primary_D9_brsge8_rel8>:
     8c8:	43 0c       	add	r4, r3
     8ca:	52 1c       	adc	r5, r2
     8cc:	62 1c       	adc	r6, r2
     8ce:	f1 c2       	rjmp	.+1506   	; 0xeb2 <brsge8_rel8_decode_func>

000008d0 <primary_DA_breq16_rel16>:
     8d0:	92 e0       	ldi	r25, 0x02	; 2
     8d2:	43 0c       	add	r4, r3
     8d4:	52 1c       	adc	r5, r2
     8d6:	03 c3       	rjmp	.+1542   	; 0xede <branch_rel16_decode_func>

000008d8 <primary_DB_brne16_rel16>:
     8d8:	92 e0       	ldi	r25, 0x02	; 2
     8da:	43 0c       	add	r4, r3
     8dc:	52 1c       	adc	r5, r2
     8de:	ff c2       	rjmp	.+1534   	; 0xede <branch_rel16_decode_func>

000008e0 <primary_DC_brult16_rel16>:
     8e0:	91 e0       	ldi	r25, 0x01	; 1
     8e2:	43 0c       	add	r4, r3
     8e4:	52 1c       	adc	r5, r2
     8e6:	fb c2       	rjmp	.+1526   	; 0xede <branch_rel16_decode_func>

000008e8 <primary_DD_bruge16_rel16>:
     8e8:	91 e0       	ldi	r25, 0x01	; 1
     8ea:	43 0c       	add	r4, r3
     8ec:	52 1c       	adc	r5, r2
     8ee:	f7 c2       	rjmp	.+1518   	; 0xede <branch_rel16_decode_func>

000008f0 <primary_DE_brslt16_rel16>:
     8f0:	90 e1       	ldi	r25, 0x10	; 16
     8f2:	43 0c       	add	r4, r3
     8f4:	52 1c       	adc	r5, r2
     8f6:	f3 c2       	rjmp	.+1510   	; 0xede <branch_rel16_decode_func>

000008f8 <primary_DF_brsge16_rel16>:
     8f8:	90 e1       	ldi	r25, 0x10	; 16
     8fa:	43 0c       	add	r4, r3
     8fc:	52 1c       	adc	r5, r2
     8fe:	ef c2       	rjmp	.+1502   	; 0xede <branch_rel16_decode_func>

00000900 <primary_E0_jmp16>:
     900:	43 0c       	add	r4, r3
     902:	52 1c       	adc	r5, r2
     904:	62 1c       	adc	r6, r2
     906:	2c c3       	rjmp	.+1624   	; 0xf60 <jmp_call_rel16_func>

00000908 <primary_E1_call16>:
     908:	43 0c       	add	r4, r3
     90a:	52 1c       	adc	r5, r2
     90c:	62 1c       	adc	r6, r2
     90e:	28 c3       	rjmp	.+1616   	; 0xf60 <jmp_call_rel16_func>

00000910 <primary_E2_jmpf>:
     910:	00 00       	nop
     912:	00 00       	nop
     914:	00 00       	nop
     916:	3e c3       	rjmp	.+1660   	; 0xf94 <jmp_call_far_func>

00000918 <primary_E3_callf>:
     918:	47 0c       	add	r4, r7
     91a:	52 1c       	adc	r5, r2
     91c:	62 1c       	adc	r6, r2
     91e:	3a c3       	rjmp	.+1652   	; 0xf94 <jmp_call_far_func>

00000920 <primary_E4_jmpp_q0>:
     920:	24 01       	movw	r4, r8
     922:	6a 2c       	mov	r6, r10
     924:	00 c0       	rjmp	.+0      	; 0x926 <primary_E4_jmpp_q0+0x6>
     926:	c0 c4       	rjmp	.+2432   	; 0x12a8 <jmpp_seek_and_dispatch_func>

00000928 <primary_E5_jmpp_q1>:
     928:	26 01       	movw	r4, r12
     92a:	6e 2c       	mov	r6, r14
     92c:	00 c0       	rjmp	.+0      	; 0x92e <primary_E5_jmpp_q1+0x6>
     92e:	bc c4       	rjmp	.+2424   	; 0x12a8 <jmpp_seek_and_dispatch_func>

00000930 <primary_E6_jmpp_q2>:
     930:	28 01       	movw	r4, r16
     932:	62 2e       	mov	r6, r18
     934:	00 c0       	rjmp	.+0      	; 0x936 <primary_E6_jmpp_q2+0x6>
     936:	b8 c4       	rjmp	.+2416   	; 0x12a8 <jmpp_seek_and_dispatch_func>

00000938 <primary_E7_jmpp_q3>:
     938:	2a 01       	movw	r4, r20
     93a:	66 2e       	mov	r6, r22
     93c:	00 c0       	rjmp	.+0      	; 0x93e <primary_E7_jmpp_q3+0x6>
     93e:	b4 c4       	rjmp	.+2408   	; 0x12a8 <jmpp_seek_and_dispatch_func>

00000940 <primary_E8_callp_q0>:
     940:	c4 01       	movw	r24, r8
     942:	aa 2d       	mov	r26, r10
     944:	43 0c       	add	r4, r3
     946:	b1 c4       	rjmp	.+2402   	; 0x12aa <push_pc_seek_and_dispatch_func>

00000948 <primary_E9_callp_q1>:
     948:	c6 01       	movw	r24, r12
     94a:	ae 2d       	mov	r26, r14
     94c:	43 0c       	add	r4, r3
     94e:	ad c4       	rjmp	.+2394   	; 0x12aa <push_pc_seek_and_dispatch_func>

00000950 <primary_EA_callp_q2>:
     950:	c8 01       	movw	r24, r16
     952:	a2 2f       	mov	r26, r18
     954:	43 0c       	add	r4, r3
     956:	a9 c4       	rjmp	.+2386   	; 0x12aa <push_pc_seek_and_dispatch_func>

00000958 <primary_EB_callp_q3>:
     958:	ca 01       	movw	r24, r20
     95a:	a6 2f       	mov	r26, r22
     95c:	43 0c       	add	r4, r3
     95e:	a5 c4       	rjmp	.+2378   	; 0x12aa <push_pc_seek_and_dispatch_func>

00000960 <primary_EC_divrem16_page>:
     960:	2b c1       	rjmp	.+598    	; 0xbb8 <ec_divrem16_entry>
     962:	00 00       	nop
     964:	00 00       	nop
     966:	00 00       	nop

00000968 <primary_ED_displaced_load>:
     968:	92 e0       	ldi	r25, 0x02	; 2
     96a:	49 0e       	add	r4, r25
     96c:	52 1c       	adc	r5, r2
     96e:	48 c0       	rjmp	.+144    	; 0xa00 <displaced_memory_entry>

00000970 <primary_EE_displaced_store>:
     970:	92 e0       	ldi	r25, 0x02	; 2
     972:	49 0e       	add	r4, r25
     974:	52 1c       	adc	r5, r2
     976:	44 c0       	rjmp	.+136    	; 0xa00 <displaced_memory_entry>

00000978 <primary_EF_ret>:
     978:	49 90       	ld	r4, Y+
     97a:	59 90       	ld	r5, Y+
     97c:	69 90       	ld	r6, Y+
     97e:	9c c4       	rjmp	.+2360   	; 0x12b8 <seek_and_dispatch_func>

00000980 <primary_F0_cold_veneer_page>:
     980:	9e e6       	ldi	r25, 0x6E	; 110
     982:	ec e6       	ldi	r30, 0x6C	; 108
     984:	fc e0       	ldi	r31, 0x0C	; 12
     986:	cb c1       	rjmp	.+918    	; 0xd1e <bounded_page_decoder_start>

00000988 <primary_F1_dense_2word_page>:
     988:	90 e9       	ldi	r25, 0x90	; 144
     98a:	ea ed       	ldi	r30, 0xDA	; 218
     98c:	fc e0       	ldi	r31, 0x0C	; 12
     98e:	b9 c1       	rjmp	.+882    	; 0xd02 <bounded_width_2_decode>

00000990 <primary_F2_dense_3word_page_a>:
     990:	9c e6       	ldi	r25, 0x6C	; 108
     992:	ea ef       	ldi	r30, 0xFA	; 250
     994:	fd e0       	ldi	r31, 0x0D	; 13
     996:	c5 c1       	rjmp	.+906    	; 0xd22 <secondary_width_1_stub_end>

00000998 <primary_F3_dense_3word_page_b>:
     998:	90 e8       	ldi	r25, 0x80	; 128
     99a:	ee e3       	ldi	r30, 0x3E	; 62
     99c:	ff e0       	ldi	r31, 0x0F	; 15
     99e:	c1 c1       	rjmp	.+898    	; 0xd22 <secondary_width_1_stub_end>

000009a0 <primary_F4_dense_3word_page_c>:
     9a0:	98 eb       	ldi	r25, 0xB8	; 184
     9a2:	e9 ed       	ldi	r30, 0xD9	; 217
     9a4:	f0 e1       	ldi	r31, 0x10	; 16
     9a6:	bd c1       	rjmp	.+890    	; 0xd22 <secondary_width_1_stub_end>

000009a8 <primary_F5_dense_4word_page_a>:
     9a8:	90 e6       	ldi	r25, 0x60	; 96
     9aa:	e1 e0       	ldi	r30, 0x01	; 1
     9ac:	f3 e1       	ldi	r31, 0x13	; 19
     9ae:	bb c1       	rjmp	.+886    	; 0xd26 <secondary_width_3_stub_end>

000009b0 <primary_F6_dense_4word_page_b>:
     9b0:	90 e5       	ldi	r25, 0x50	; 80
     9b2:	e1 e8       	ldi	r30, 0x81	; 129
     9b4:	f4 e1       	ldi	r31, 0x14	; 20
     9b6:	b7 c1       	rjmp	.+878    	; 0xd26 <secondary_width_3_stub_end>

000009b8 <primary_F7_dense_5word_page_a>:
     9b8:	90 e9       	ldi	r25, 0x90	; 144
     9ba:	e1 ec       	ldi	r30, 0xC1	; 193
     9bc:	f5 e1       	ldi	r31, 0x15	; 21
     9be:	b5 c1       	rjmp	.+874    	; 0xd2a <secondary_width_4_stub_end>

000009c0 <primary_F8_simple_condition_page>:
     9c0:	90 e3       	ldi	r25, 0x30	; 48
     9c2:	e8 ea       	ldi	r30, 0xA8	; 168
     9c4:	f8 e1       	ldi	r31, 0x18	; 24
     9c6:	b1 c1       	rjmp	.+866    	; 0xd2a <secondary_width_4_stub_end>

000009c8 <primary_F9_runtime_bitwise_page>:
     9c8:	62 c1       	rjmp	.+708    	; 0xc8e <ec_divrem16_end>
     9ca:	00 00       	nop
     9cc:	00 00       	nop
     9ce:	00 00       	nop

000009d0 <primary_FA_shift_page>:
     9d0:	00 00       	nop
     9d2:	e5 ea       	ldi	r30, 0xA5	; 165
     9d4:	f9 e1       	ldi	r31, 0x19	; 25
     9d6:	81 c1       	rjmp	.+770    	; 0xcda <f9_bitop_end>

000009d8 <primary_FB_cmov_eq_ne_page>:
     9d8:	b2 e0       	ldi	r27, 0x02	; 2
     9da:	e9 e9       	ldi	r30, 0x99	; 153
     9dc:	fa e1       	ldi	r31, 0x1A	; 26
     9de:	b3 c1       	rjmp	.+870    	; 0xd46 <bounded_page_decoder_end>

000009e0 <primary_FC_cmov_ult_uge_page>:
     9e0:	b1 e0       	ldi	r27, 0x01	; 1
     9e2:	e9 e9       	ldi	r30, 0x99	; 153
     9e4:	fa e1       	ldi	r31, 0x1A	; 26
     9e6:	af c1       	rjmp	.+862    	; 0xd46 <bounded_page_decoder_end>

000009e8 <primary_FD_cmov_slt_sge_page>:
     9e8:	b0 e1       	ldi	r27, 0x10	; 16
     9ea:	e9 e9       	ldi	r30, 0x99	; 153
     9ec:	fa e1       	ldi	r31, 0x1A	; 26
     9ee:	ab c1       	rjmp	.+854    	; 0xd46 <bounded_page_decoder_end>

000009f0 <primary_FE_mul16_page>:
     9f0:	90 e4       	ldi	r25, 0x40	; 64
     9f2:	e9 e1       	ldi	r30, 0x19	; 25
     9f4:	fb e1       	ldi	r31, 0x1B	; 27
     9f6:	85 c1       	rjmp	.+778    	; 0xd02 <bounded_width_2_decode>

000009f8 <primary_FF_floating_page>:
     9f8:	28 c0       	rjmp	.+80     	; 0xa4a <displaced_memory_end>
     9fa:	00 00       	nop
     9fc:	00 00       	nop
     9fe:	00 00       	nop

00000a00 <displaced_memory_entry>:
     a00:	62 1c       	adc	r6, r2
     a02:	81 fb       	bst	r24, 1
     a04:	bb 27       	eor	r27, r27
     a06:	9e b5       	in	r25, 0x2e	; 46
     a08:	2e bc       	out	0x2e, r2	; 46
     a0a:	90 fd       	sbrc	r25, 0
     a0c:	7c c4       	rjmp	.+2296   	; 0x1306 <invalid_secondary_instruction_func>
     a0e:	a9 2f       	mov	r26, r25
     a10:	ae 70       	andi	r26, 0x0E	; 14
     a12:	a8 5f       	subi	r26, 0xF8	; 248
     a14:	ed 91       	ld	r30, X+
     a16:	fc 91       	ld	r31, X
     a18:	a9 2f       	mov	r26, r25
     a1a:	a2 95       	swap	r26
     a1c:	ae 70       	andi	r26, 0x0E	; 14
     a1e:	a8 5f       	subi	r26, 0xF8	; 248
     a20:	b0 97       	sbiw	r30, 0x20	; 32
     a22:	f8 94       	cli
     a24:	2e bc       	out	0x2e, r2	; 46
     a26:	8e b5       	in	r24, 0x2e	; 46
     a28:	78 94       	sei
     a2a:	e8 0f       	add	r30, r24
     a2c:	f2 1d       	adc	r31, r2
     a2e:	3e f0       	brts	.+14     	; 0xa3e <displaced_memory_store>

00000a30 <displaced_memory_load>:
     a30:	01 90       	ld	r0, Z+
     a32:	11 24       	eor	r1, r1
     a34:	94 fd       	sbrc	r25, 4
     a36:	10 80       	ld	r1, Z
     a38:	0d 92       	st	X+, r0
     a3a:	1c 92       	st	X, r1
     a3c:	77 c4       	rjmp	.+2286   	; 0x132c <cluster_a_tail_18>

00000a3e <displaced_memory_store>:
     a3e:	0d 90       	ld	r0, X+
     a40:	1c 90       	ld	r1, X
     a42:	01 92       	st	Z+, r0
     a44:	94 fd       	sbrc	r25, 4
     a46:	10 82       	st	Z, r1
     a48:	71 c4       	rjmp	.+2274   	; 0x132c <cluster_a_tail_18>

00000a4a <displaced_memory_end>:
     a4a:	43 0c       	add	r4, r3
     a4c:	52 1c       	adc	r5, r2
     a4e:	62 1c       	adc	r6, r2
     a50:	bb 27       	eor	r27, r27
     a52:	ee e3       	ldi	r30, 0x3E	; 62
     a54:	f8 94       	cli
     a56:	2e bc       	out	0x2e, r2	; 46
     a58:	8e b5       	in	r24, 0x2e	; 46
     a5a:	78 94       	sei
     a5c:	8c 37       	cpi	r24, 0x7C	; 124
     a5e:	30 f0       	brcs	.+12     	; 0xa6c <ff_defined_short>
     a60:	80 3c       	cpi	r24, 0xC0	; 192
     a62:	08 f4       	brcc	.+2      	; 0xa66 <.Lff_check_extended>
     a64:	65 c0       	rjmp	.+202    	; 0xb30 <ff_invalid>

00000a66 <.Lff_check_extended>:
     a66:	8a 3c       	cpi	r24, 0xCA	; 202
     a68:	c8 f1       	brcs	.+114    	; 0xadc <ff_extended>
     a6a:	62 c0       	rjmp	.+196    	; 0xb30 <ff_invalid>

00000a6c <ff_defined_short>:
     a6c:	80 36       	cpi	r24, 0x60	; 96
     a6e:	08 f1       	brcs	.+66     	; 0xab2 <ff_binary_arithmetic>
     a70:	88 36       	cpi	r24, 0x68	; 104
     a72:	08 f0       	brcs	.+2      	; 0xa76 <ff_sign_operation>
     a74:	0d c0       	rjmp	.+26     	; 0xa90 <ff_unary_math>

00000a76 <ff_sign_operation>:
     a76:	a8 2f       	mov	r26, r24
     a78:	a3 70       	andi	r26, 0x03	; 3
     a7a:	aa 0f       	add	r26, r26
     a7c:	aa 0f       	add	r26, r26
     a7e:	a5 5f       	subi	r26, 0xF5	; 245
     a80:	9c 91       	ld	r25, X
     a82:	82 fd       	sbrc	r24, 2
     a84:	02 c0       	rjmp	.+4      	; 0xa8a <ff_fabs_apply>
     a86:	90 58       	subi	r25, 0x80	; 128
     a88:	01 c0       	rjmp	.+2      	; 0xa8c <ff_store_sign_byte>

00000a8a <ff_fabs_apply>:
     a8a:	9f 77       	andi	r25, 0x7F	; 127

00000a8c <ff_store_sign_byte>:
     a8c:	9c 93       	st	X, r25
     a8e:	8b c1       	rjmp	.+790    	; 0xda6 <cluster_tail_18>

00000a90 <ff_unary_math>:
     a90:	a8 2f       	mov	r26, r24
     a92:	a8 56       	subi	r26, 0x68	; 104
     a94:	a6 95       	lsr	r26
     a96:	a6 95       	lsr	r26
     a98:	aa 23       	and	r26, r26
     a9a:	21 f4       	brne	.+8      	; 0xaa4 <.Lff_direct_round_prepare>
     a9c:	e4 ef       	ldi	r30, 0xF4	; 244
     a9e:	f1 e2       	ldi	r31, 0x21	; 33
     aa0:	0c 94 17 1f 	jmp	0x3e2e	; 0x3e2e <ff_binary_marshal_table_end>

00000aa4 <.Lff_direct_round_prepare>:
     aa4:	aa 95       	dec	r26
     aa6:	ab bd       	out	0x2b, r26	; 43
     aa8:	98 2f       	mov	r25, r24
     aaa:	93 70       	andi	r25, 0x03	; 3
     aac:	9a bd       	out	0x2a, r25	; 42
     aae:	0c 94 03 1e 	jmp	0x3c06	; 0x3c06 <ff_direct_round_load_q>

00000ab2 <ff_binary_arithmetic>:
     ab2:	a8 2f       	mov	r26, r24
     ab4:	a2 95       	swap	r26
     ab6:	a7 70       	andi	r26, 0x07	; 7
     ab8:	a4 30       	cpi	r26, 0x04	; 4
     aba:	20 f4       	brcc	.+8      	; 0xac4 <.Lff_direct_minmax_prepare>
     abc:	f3 e1       	ldi	r31, 0x13	; 19
     abe:	47 d4       	rcall	.+2190   	; 0x134e <ff_load_helper_target>
     ac0:	0c 94 ab 1e 	jmp	0x3d56	; 0x3d56 <ff_bridge_binary_q_to_q>

00000ac4 <.Lff_direct_minmax_prepare>:
     ac4:	98 2f       	mov	r25, r24
     ac6:	9f 70       	andi	r25, 0x0F	; 15
     ac8:	84 fd       	sbrc	r24, 4
     aca:	90 64       	ori	r25, 0x40	; 64
     acc:	9b bd       	out	0x2b, r25	; 43
     ace:	98 2f       	mov	r25, r24
     ad0:	96 95       	lsr	r25
     ad2:	96 95       	lsr	r25
     ad4:	93 70       	andi	r25, 0x03	; 3
     ad6:	9a bd       	out	0x2a, r25	; 42
     ad8:	0c 94 52 1d 	jmp	0x3aa4	; 0x3aa4 <ff_direct_load_left_q>

00000adc <ff_extended>:
     adc:	43 0c       	add	r4, r3
     ade:	52 1c       	adc	r5, r2
     ae0:	62 1c       	adc	r6, r2
     ae2:	98 2f       	mov	r25, r24
     ae4:	90 5c       	subi	r25, 0xC0	; 192
     ae6:	00 00       	nop
     ae8:	8e b5       	in	r24, 0x2e	; 46
     aea:	2e bc       	out	0x2e, r2	; 46
     aec:	a8 2f       	mov	r26, r24
     aee:	94 30       	cpi	r25, 0x04	; 4
     af0:	20 f0       	brcs	.+8      	; 0xafa <.Lff_validate_rqspec>
     af2:	98 30       	cpi	r25, 0x08	; 8
     af4:	20 f0       	brcs	.+8      	; 0xafe <.Lff_validate_qqspec>
     af6:	99 30       	cpi	r25, 0x09	; 9
     af8:	20 f0       	brcs	.+8      	; 0xb02 <.Lff_validate_rqqspec>

00000afa <.Lff_validate_rqspec>:
     afa:	ac 78       	andi	r26, 0x8C	; 140
     afc:	03 c0       	rjmp	.+6      	; 0xb04 <.Lff_validate_done>

00000afe <.Lff_validate_qqspec>:
     afe:	a0 7f       	andi	r26, 0xF0	; 240
     b00:	01 c0       	rjmp	.+2      	; 0xb04 <.Lff_validate_done>

00000b02 <.Lff_validate_rqqspec>:
     b02:	a0 78       	andi	r26, 0x80	; 128

00000b04 <.Lff_validate_done>:
     b04:	a9 f4       	brne	.+42     	; 0xb30 <ff_invalid>
     b06:	98 30       	cpi	r25, 0x08	; 8
     b08:	a1 f0       	breq	.+40     	; 0xb32 <ff_compare>
     b0a:	e8 f4       	brcc	.+58     	; 0xb46 <ff_classify>
     b0c:	a9 2f       	mov	r26, r25
     b0e:	a3 70       	andi	r26, 0x03	; 3
     b10:	e6 e4       	ldi	r30, 0x46	; 70
     b12:	f3 e1       	ldi	r31, 0x13	; 19
     b14:	1c d4       	rcall	.+2104   	; 0x134e <ff_load_helper_target>
     b16:	94 30       	cpi	r25, 0x04	; 4
     b18:	48 f4       	brcc	.+18     	; 0xb2c <.Lff_conversion_q_to_q>
     b1a:	92 30       	cpi	r25, 0x02	; 2
     b1c:	28 f4       	brcc	.+10     	; 0xb28 <.Lff_conversion_q_to_r16>
     b1e:	90 fd       	sbrc	r25, 0
     b20:	0c 94 65 1f 	jmp	0x3eca	; 0x3eca <ff_bridge_r16_to_q_u>
     b24:	0c 94 60 1f 	jmp	0x3ec0	; 0x3ec0 <ff_bridge_r16_to_q_s>

00000b28 <.Lff_conversion_q_to_r16>:
     b28:	0c 94 23 1f 	jmp	0x3e46	; 0x3e46 <ff_bridge_q_to_r16>

00000b2c <.Lff_conversion_q_to_q>:
     b2c:	0c 94 1c 1f 	jmp	0x3e38	; 0x3e38 <ff_bridge_q_to_q>

00000b30 <ff_invalid>:
     b30:	ea c3       	rjmp	.+2004   	; 0x1306 <invalid_secondary_instruction_func>

00000b32 <ff_compare>:
     b32:	98 2f       	mov	r25, r24
     b34:	92 95       	swap	r25
     b36:	97 70       	andi	r25, 0x07	; 7
     b38:	9a bd       	out	0x2a, r25	; 42
     b3a:	98 2f       	mov	r25, r24
     b3c:	9f 70       	andi	r25, 0x0F	; 15
     b3e:	90 68       	ori	r25, 0x80	; 128
     b40:	9b bd       	out	0x2b, r25	; 43
     b42:	0c 94 52 1d 	jmp	0x3aa4	; 0x3aa4 <ff_direct_load_left_q>

00000b46 <ff_classify>:
     b46:	e8 2f       	mov	r30, r24
     b48:	e2 95       	swap	r30
     b4a:	e7 70       	andi	r30, 0x07	; 7
     b4c:	a8 2f       	mov	r26, r24
     b4e:	a3 70       	andi	r26, 0x03	; 3
     b50:	aa 0f       	add	r26, r26
     b52:	aa 0f       	add	r26, r26
     b54:	a8 5f       	subi	r26, 0xF8	; 248
     b56:	bb 27       	eor	r27, r27
     b58:	0d 90       	ld	r0, X+
     b5a:	1d 90       	ld	r1, X+
     b5c:	9d 91       	ld	r25, X+
     b5e:	ac 91       	ld	r26, X
     b60:	89 2f       	mov	r24, r25
     b62:	8f 77       	andi	r24, 0x7F	; 127
     b64:	01 28       	or	r0, r1
     b66:	08 2a       	or	r0, r24
     b68:	8a 2f       	mov	r24, r26
     b6a:	88 0f       	add	r24, r24
     b6c:	97 fd       	sbrc	r25, 7
     b6e:	81 60       	ori	r24, 0x01	; 1
     b70:	21 f0       	breq	.+8      	; 0xb7a <.Lff_class_exp_zero>
     b72:	8f 3f       	cpi	r24, 0xFF	; 255
     b74:	39 f0       	breq	.+14     	; 0xb84 <.Lff_class_exp_max>
     b76:	98 e0       	ldi	r25, 0x08	; 8
     b78:	0d c0       	rjmp	.+26     	; 0xb94 <.Lff_class_numeric>

00000b7a <.Lff_class_exp_zero>:
     b7a:	96 e0       	ldi	r25, 0x06	; 6
     b7c:	00 20       	and	r0, r0
     b7e:	51 f0       	breq	.+20     	; 0xb94 <.Lff_class_numeric>
     b80:	93 95       	inc	r25
     b82:	08 c0       	rjmp	.+16     	; 0xb94 <.Lff_class_numeric>

00000b84 <.Lff_class_exp_max>:
     b84:	00 20       	and	r0, r0
     b86:	11 f4       	brne	.+4      	; 0xb8c <.Lff_class_nan>
     b88:	99 e0       	ldi	r25, 0x09	; 9
     b8a:	04 c0       	rjmp	.+8      	; 0xb94 <.Lff_class_numeric>

00000b8c <.Lff_class_nan>:
     b8c:	96 fb       	bst	r25, 6
     b8e:	99 27       	eor	r25, r25
     b90:	90 f9       	bld	r25, 0
     b92:	04 c0       	rjmp	.+8      	; 0xb9c <.Lff_class_build_mask>

00000b94 <.Lff_class_numeric>:
     b94:	a7 ff       	sbrs	r26, 7
     b96:	02 c0       	rjmp	.+4      	; 0xb9c <.Lff_class_build_mask>
     b98:	91 95       	neg	r25
     b9a:	95 5f       	subi	r25, 0xF5	; 245

00000b9c <.Lff_class_build_mask>:
     b9c:	81 e0       	ldi	r24, 0x01	; 1
     b9e:	aa 27       	eor	r26, r26
     ba0:	93 95       	inc	r25

00000ba2 <.Lff_class_shift_loop>:
     ba2:	9a 95       	dec	r25
     ba4:	19 f0       	breq	.+6      	; 0xbac <.Lff_class_store>
     ba6:	88 0f       	add	r24, r24
     ba8:	aa 1f       	adc	r26, r26
     baa:	fb cf       	rjmp	.-10     	; 0xba2 <.Lff_class_shift_loop>

00000bac <.Lff_class_store>:
     bac:	ee 0f       	add	r30, r30
     bae:	e8 5f       	subi	r30, 0xF8	; 248
     bb0:	ff 27       	eor	r31, r31
     bb2:	81 93       	st	Z+, r24
     bb4:	a0 83       	st	Z, r26
     bb6:	ba c3       	rjmp	.+1908   	; 0x132c <cluster_a_tail_18>

00000bb8 <ec_divrem16_entry>:
     bb8:	43 0c       	add	r4, r3
     bba:	52 1c       	adc	r5, r2
     bbc:	62 1c       	adc	r6, r2
     bbe:	b2 2d       	mov	r27, r2
     bc0:	f2 2d       	mov	r31, r2
     bc2:	f8 94       	cli
     bc4:	2e bc       	out	0x2e, r2	; 46
     bc6:	8e b5       	in	r24, 0x2e	; 46
     bc8:	78 94       	sei
     bca:	e8 2f       	mov	r30, r24
     bcc:	e6 95       	lsr	r30
     bce:	e6 95       	lsr	r30
     bd0:	ee 70       	andi	r30, 0x0E	; 14
     bd2:	e8 5f       	subi	r30, 0xF8	; 248
     bd4:	a8 2f       	mov	r26, r24
     bd6:	aa 0f       	add	r26, r26
     bd8:	ae 70       	andi	r26, 0x0E	; 14
     bda:	a8 5f       	subi	r26, 0xF8	; 248
     bdc:	00 80       	ld	r0, Z
     bde:	11 80       	ldd	r1, Z+1	; 0x01
     be0:	80 7c       	andi	r24, 0xC0	; 192
     be2:	e8 2b       	or	r30, r24
     be4:	8d 91       	ld	r24, X+
     be6:	9c 91       	ld	r25, X
     be8:	dc 01       	movw	r26, r24
     bea:	c0 01       	movw	r24, r0
     bec:	fa 2f       	mov	r31, r26
     bee:	fb 2b       	or	r31, r27
     bf0:	a9 f1       	breq	.+106    	; 0xc5c <.Lec_divrem16_zero>
     bf2:	e7 ff       	sbrs	r30, 7
     bf4:	0f c0       	rjmp	.+30     	; 0xc14 <.Lec_divrem16_magnitudes_ready>
     bf6:	f9 2f       	mov	r31, r25
     bf8:	e6 ff       	sbrs	r30, 6
     bfa:	fb 27       	eor	r31, r27
     bfc:	f7 fd       	sbrc	r31, 7
     bfe:	e0 62       	ori	r30, 0x20	; 32
     c00:	97 ff       	sbrs	r25, 7
     c02:	03 c0       	rjmp	.+6      	; 0xc0a <.Lec_divrem16_dividend_positive>
     c04:	81 95       	neg	r24
     c06:	92 1d       	adc	r25, r2
     c08:	91 95       	neg	r25

00000c0a <.Lec_divrem16_dividend_positive>:
     c0a:	b7 ff       	sbrs	r27, 7
     c0c:	03 c0       	rjmp	.+6      	; 0xc14 <.Lec_divrem16_magnitudes_ready>
     c0e:	a1 95       	neg	r26
     c10:	b2 1d       	adc	r27, r2
     c12:	b1 95       	neg	r27

00000c14 <.Lec_divrem16_magnitudes_ready>:
     c14:	00 24       	eor	r0, r0
     c16:	11 24       	eor	r1, r1
     c18:	f9 2f       	mov	r31, r25
     c1a:	fb 2b       	or	r31, r27
     c1c:	41 f1       	breq	.+80     	; 0xc6e <.Lec_divrem16_8bit>
     c1e:	f8 e0       	ldi	r31, 0x08	; 8

00000c20 <.Lec_divrem16_loop16>:
     c20:	88 0f       	add	r24, r24
     c22:	99 1f       	adc	r25, r25
     c24:	00 1c       	adc	r0, r0
     c26:	11 1c       	adc	r1, r1
     c28:	0a 16       	cp	r0, r26
     c2a:	1b 06       	cpc	r1, r27
     c2c:	18 f0       	brcs	.+6      	; 0xc34 <.Lec_divrem16_no_subtract16_a>
     c2e:	0a 1a       	sub	r0, r26
     c30:	1b 0a       	sbc	r1, r27
     c32:	81 60       	ori	r24, 0x01	; 1

00000c34 <.Lec_divrem16_no_subtract16_a>:
     c34:	88 0f       	add	r24, r24
     c36:	99 1f       	adc	r25, r25
     c38:	00 1c       	adc	r0, r0
     c3a:	11 1c       	adc	r1, r1
     c3c:	0a 16       	cp	r0, r26
     c3e:	1b 06       	cpc	r1, r27
     c40:	18 f0       	brcs	.+6      	; 0xc48 <.Lec_divrem16_no_subtract16_b>
     c42:	0a 1a       	sub	r0, r26
     c44:	1b 0a       	sbc	r1, r27
     c46:	81 60       	ori	r24, 0x01	; 1

00000c48 <.Lec_divrem16_no_subtract16_b>:
     c48:	fa 95       	dec	r31
     c4a:	51 f7       	brne	.-44     	; 0xc20 <.Lec_divrem16_loop16>

00000c4c <.Lec_divrem16_select_result>:
     c4c:	e6 fd       	sbrc	r30, 6
     c4e:	c0 01       	movw	r24, r0
     c50:	e5 ff       	sbrs	r30, 5
     c52:	08 c0       	rjmp	.+16     	; 0xc64 <.Lec_divrem16_store>
     c54:	81 95       	neg	r24
     c56:	92 1d       	adc	r25, r2
     c58:	91 95       	neg	r25
     c5a:	04 c0       	rjmp	.+8      	; 0xc64 <.Lec_divrem16_store>

00000c5c <.Lec_divrem16_zero>:
     c5c:	e6 fd       	sbrc	r30, 6
     c5e:	02 c0       	rjmp	.+4      	; 0xc64 <.Lec_divrem16_store>
     c60:	8f ef       	ldi	r24, 0xFF	; 255
     c62:	9f ef       	ldi	r25, 0xFF	; 255

00000c64 <.Lec_divrem16_store>:
     c64:	ef 71       	andi	r30, 0x1F	; 31
     c66:	f2 2d       	mov	r31, r2
     c68:	81 93       	st	Z+, r24
     c6a:	90 83       	st	Z, r25
     c6c:	5f c3       	rjmp	.+1726   	; 0x132c <cluster_a_tail_18>

00000c6e <.Lec_divrem16_8bit>:
     c6e:	f4 e0       	ldi	r31, 0x04	; 4

00000c70 <.Lec_divrem16_loop8>:
     c70:	88 0f       	add	r24, r24
     c72:	00 1c       	adc	r0, r0
     c74:	0a 16       	cp	r0, r26
     c76:	10 f0       	brcs	.+4      	; 0xc7c <.Lec_divrem16_no_subtract8_a>
     c78:	0a 1a       	sub	r0, r26
     c7a:	81 60       	ori	r24, 0x01	; 1

00000c7c <.Lec_divrem16_no_subtract8_a>:
     c7c:	88 0f       	add	r24, r24
     c7e:	00 1c       	adc	r0, r0
     c80:	0a 16       	cp	r0, r26
     c82:	10 f0       	brcs	.+4      	; 0xc88 <.Lec_divrem16_no_subtract8_b>
     c84:	0a 1a       	sub	r0, r26
     c86:	81 60       	ori	r24, 0x01	; 1

00000c88 <.Lec_divrem16_no_subtract8_b>:
     c88:	fa 95       	dec	r31
     c8a:	91 f7       	brne	.-28     	; 0xc70 <.Lec_divrem16_loop8>
     c8c:	df cf       	rjmp	.-66     	; 0xc4c <.Lec_divrem16_select_result>

00000c8e <ec_divrem16_end>:
     c8e:	43 0c       	add	r4, r3
     c90:	52 1c       	adc	r5, r2
     c92:	62 1c       	adc	r6, r2
     c94:	b2 2d       	mov	r27, r2
     c96:	f2 2d       	mov	r31, r2
     c98:	f8 94       	cli
     c9a:	2e bc       	out	0x2e, r2	; 46
     c9c:	8e b5       	in	r24, 0x2e	; 46
     c9e:	78 94       	sei
     ca0:	a8 2f       	mov	r26, r24
     ca2:	a2 95       	swap	r26
     ca4:	ae 70       	andi	r26, 0x0E	; 14
     ca6:	a8 5f       	subi	r26, 0xF8	; 248
     ca8:	e8 2f       	mov	r30, r24
     caa:	e6 95       	lsr	r30
     cac:	ee 70       	andi	r30, 0x0E	; 14
     cae:	e8 5f       	subi	r30, 0xF8	; 248
     cb0:	86 95       	lsr	r24
     cb2:	0d 90       	ld	r0, X+
     cb4:	1c 90       	ld	r1, X
     cb6:	91 91       	ld	r25, Z+
     cb8:	f0 81       	ld	r31, Z
     cba:	80 fd       	sbrc	r24, 0
     cbc:	09 c0       	rjmp	.+18     	; 0xcd0 <.Lf9_high_operation>
     cbe:	18 f4       	brcc	.+6      	; 0xcc6 <.Lf9_and>
     cc0:	09 2a       	or	r0, r25
     cc2:	1f 2a       	or	r1, r31
     cc4:	02 c0       	rjmp	.+4      	; 0xcca <.Lf9_store>

00000cc6 <.Lf9_and>:
     cc6:	09 22       	and	r0, r25
     cc8:	1f 22       	and	r1, r31

00000cca <.Lf9_store>:
     cca:	1c 92       	st	X, r1
     ccc:	0e 92       	st	-X, r0
     cce:	2e c3       	rjmp	.+1628   	; 0x132c <cluster_a_tail_18>

00000cd0 <.Lf9_high_operation>:
     cd0:	18 f0       	brcs	.+6      	; 0xcd8 <.Lf9_invalid>
     cd2:	09 26       	eor	r0, r25
     cd4:	1f 26       	eor	r1, r31
     cd6:	f9 cf       	rjmp	.-14     	; 0xcca <.Lf9_store>

00000cd8 <.Lf9_invalid>:
     cd8:	16 c3       	rjmp	.+1580   	; 0x1306 <invalid_secondary_instruction_func>

00000cda <f9_bitop_end>:
     cda:	43 0c       	add	r4, r3
     cdc:	52 1c       	adc	r5, r2
     cde:	f8 94       	cli
     ce0:	2e bc       	out	0x2e, r2	; 46
     ce2:	8e b5       	in	r24, 0x2e	; 46
     ce4:	78 94       	sei
     ce6:	62 1c       	adc	r6, r2
     ce8:	80 33       	cpi	r24, 0x30	; 48
     cea:	38 f0       	brcs	.+14     	; 0xcfa <.Lfa_register_count>
     cec:	a8 2f       	mov	r26, r24
     cee:	82 95       	swap	r24
     cf0:	8f 70       	andi	r24, 0x0F	; 15
     cf2:	70 97       	sbiw	r30, 0x10	; 16
     cf4:	e8 0f       	add	r30, r24
     cf6:	f2 1d       	adc	r31, r2
     cf8:	09 94       	ijmp

00000cfa <.Lfa_register_count>:
     cfa:	88 0f       	add	r24, r24
     cfc:	e8 0f       	add	r30, r24
     cfe:	f2 1d       	adc	r31, r2
     d00:	09 94       	ijmp

00000d02 <bounded_width_2_decode>:
     d02:	43 0c       	add	r4, r3
     d04:	52 1c       	adc	r5, r2
     d06:	f8 94       	cli
     d08:	2e bc       	out	0x2e, r2	; 46
     d0a:	8e b5       	in	r24, 0x2e	; 46
     d0c:	78 94       	sei
     d0e:	62 1c       	adc	r6, r2
     d10:	89 17       	cp	r24, r25
     d12:	c0 f4       	brcc	.+48     	; 0xd44 <invalid_secondary>
     d14:	e8 0f       	add	r30, r24
     d16:	f2 1d       	adc	r31, r2
     d18:	e8 0f       	add	r30, r24
     d1a:	f2 1d       	adc	r31, r2
     d1c:	09 94       	ijmp

00000d1e <bounded_page_decoder_start>:
     d1e:	a1 e0       	ldi	r26, 0x01	; 1
     d20:	06 c0       	rjmp	.+12     	; 0xd2e <bounded_page_decode>

00000d22 <secondary_width_1_stub_end>:
     d22:	a3 e0       	ldi	r26, 0x03	; 3
     d24:	04 c0       	rjmp	.+8      	; 0xd2e <bounded_page_decode>

00000d26 <secondary_width_3_stub_end>:
     d26:	a4 e0       	ldi	r26, 0x04	; 4
     d28:	02 c0       	rjmp	.+4      	; 0xd2e <bounded_page_decode>

00000d2a <secondary_width_4_stub_end>:
     d2a:	a5 e0       	ldi	r26, 0x05	; 5
     d2c:	00 c0       	rjmp	.+0      	; 0xd2e <bounded_page_decode>

00000d2e <bounded_page_decode>:
     d2e:	8e b5       	in	r24, 0x2e	; 46
     d30:	2e bc       	out	0x2e, r2	; 46
     d32:	43 0c       	add	r4, r3
     d34:	52 1c       	adc	r5, r2
     d36:	62 1c       	adc	r6, r2
     d38:	89 17       	cp	r24, r25
     d3a:	20 f4       	brcc	.+8      	; 0xd44 <invalid_secondary>

00000d3c <bounded_page_valid>:
     d3c:	8a 9f       	mul	r24, r26
     d3e:	e0 0d       	add	r30, r0
     d40:	f1 1d       	adc	r31, r1
     d42:	09 94       	ijmp

00000d44 <invalid_secondary>:
     d44:	e0 c2       	rjmp	.+1472   	; 0x1306 <invalid_secondary_instruction_func>

00000d46 <bounded_page_decoder_end>:
     d46:	43 0c       	add	r4, r3
     d48:	52 1c       	adc	r5, r2
     d4a:	62 1c       	adc	r6, r2
     d4c:	ae b5       	in	r26, 0x2e	; 46
     d4e:	2e bc       	out	0x2e, r2	; 46
     d50:	a0 38       	cpi	r26, 0x80	; 128
     d52:	58 f4       	brcc	.+22     	; 0xd6a <cmov_invalid>
     d54:	9e b3       	in	r25, 0x1e	; 30
     d56:	a6 fd       	sbrc	r26, 6
     d58:	90 95       	com	r25
     d5a:	9b 23       	and	r25, r27
     d5c:	29 f0       	breq	.+10     	; 0xd68 <cmov_no_move>
     d5e:	af 73       	andi	r26, 0x3F	; 63
     d60:	aa 0f       	add	r26, r26
     d62:	ea 0f       	add	r30, r26
     d64:	f2 1d       	adc	r31, r2
     d66:	09 94       	ijmp

00000d68 <cmov_no_move>:
     d68:	d0 c2       	rjmp	.+1440   	; 0x130a <cluster_a_tail>

00000d6a <cmov_invalid>:
     d6a:	ec cf       	rjmp	.-40     	; 0xd44 <invalid_secondary>

00000d6c <cmov_gate_end>:
     d6c:	00 00       	nop

00000d6e <flags_commit_18>:
     d6e:	8e bb       	out	0x1e, r24	; 30
     d70:	43 0c       	add	r4, r3
     d72:	8e b5       	in	r24, 0x2e	; 46
     d74:	2e bc       	out	0x2e, r2	; 46
     d76:	52 1c       	adc	r5, r2
     d78:	62 1c       	adc	r6, r2
     d7a:	87 9d       	mul	r24, r7
     d7c:	f0 01       	movw	r30, r0
     d7e:	ff 5f       	subi	r31, 0xFF	; 255
     d80:	09 94       	ijmp

00000d82 <cmpi_s8_flags_commit_17>:
     d82:	8e bb       	out	0x1e, r24	; 30

00000d84 <cluster_tail_17_delay_1>:
     d84:	00 00       	nop

00000d86 <cluster_tail_17>:
     d86:	43 0c       	add	r4, r3
     d88:	52 1c       	adc	r5, r2
     d8a:	62 1c       	adc	r6, r2
     d8c:	f8 94       	cli
     d8e:	2e bc       	out	0x2e, r2	; 46
     d90:	8e b5       	in	r24, 0x2e	; 46
     d92:	78 94       	sei
     d94:	87 9d       	mul	r24, r7
     d96:	f0 01       	movw	r30, r0
     d98:	ff 5f       	subi	r31, 0xFF	; 255
     d9a:	09 94       	ijmp

00000d9c <cluster_tail_18_delay_3>:
     d9c:	00 00       	nop

00000d9e <cluster_tail_18_delay_2>:
     d9e:	03 c0       	rjmp	.+6      	; 0xda6 <cluster_tail_18>

00000da0 <stack_overflow_func>:
     da0:	ff cf       	rjmp	.-2      	; 0xda0 <stack_overflow_func>

00000da2 <push16_stack_check>:
     da2:	d9 30       	cpi	r29, 0x09	; 9
     da4:	e8 f3       	brcs	.-6      	; 0xda0 <stack_overflow_func>

00000da6 <cluster_tail_18>:
     da6:	43 0c       	add	r4, r3
     da8:	8e b5       	in	r24, 0x2e	; 46
     daa:	2e bc       	out	0x2e, r2	; 46
     dac:	52 1c       	adc	r5, r2
     dae:	62 1c       	adc	r6, r2
     db0:	87 9d       	mul	r24, r7
     db2:	f0 01       	movw	r30, r0
     db4:	ff 5f       	subi	r31, 0xFF	; 255
     db6:	09 94       	ijmp

00000db8 <fetch_imm8_then_ijmp>:
     db8:	43 0c       	add	r4, r3
     dba:	52 1c       	adc	r5, r2
     dbc:	62 1c       	adc	r6, r2
     dbe:	8e b5       	in	r24, 0x2e	; 46
     dc0:	2e bc       	out	0x2e, r2	; 46
     dc2:	09 94       	ijmp

00000dc4 <fetch_simm8_then_ijmp>:
     dc4:	43 0c       	add	r4, r3
     dc6:	52 1c       	adc	r5, r2
     dc8:	62 1c       	adc	r6, r2
     dca:	8e b5       	in	r24, 0x2e	; 46
     dcc:	2e bc       	out	0x2e, r2	; 46
     dce:	99 27       	eor	r25, r25
     dd0:	87 fd       	sbrc	r24, 7
     dd2:	90 95       	com	r25
     dd4:	09 94       	ijmp

00000dd6 <fetch_imm16_then_ijmp>:
     dd6:	43 0c       	add	r4, r3
     dd8:	52 1c       	adc	r5, r2
     dda:	62 1c       	adc	r6, r2
     ddc:	8e b5       	in	r24, 0x2e	; 46
     dde:	2e bc       	out	0x2e, r2	; 46
     de0:	43 0c       	add	r4, r3
     de2:	52 1c       	adc	r5, r2
     de4:	62 1c       	adc	r6, r2
     de6:	88 d2       	rcall	.+1296   	; 0x12f8 <interp_delay_12>
     de8:	f8 94       	cli
     dea:	2e bc       	out	0x2e, r2	; 46
     dec:	9e b5       	in	r25, 0x2e	; 46
     dee:	78 94       	sei
     df0:	09 94       	ijmp

00000df2 <immediate_result_tail_reverse_delay_6>:
     df2:	00 c0       	rjmp	.+0      	; 0xdf4 <immediate_result_tail_reverse_delay_4>

00000df4 <immediate_result_tail_reverse_delay_4>:
     df4:	00 00       	nop

00000df6 <immediate_result_tail_reverse_delay_3>:
     df6:	00 00       	nop
     df8:	c6 cf       	rjmp	.-116    	; 0xd86 <cluster_tail_17>

00000dfa <ldi8_r4_apply>:
     dfa:	08 2f       	mov	r16, r24
     dfc:	11 27       	eor	r17, r17
     dfe:	f9 cf       	rjmp	.-14     	; 0xdf2 <immediate_result_tail_reverse_delay_6>

00000e00 <ldi8_r5_apply>:
     e00:	28 2f       	mov	r18, r24
     e02:	33 27       	eor	r19, r19
     e04:	f6 cf       	rjmp	.-20     	; 0xdf2 <immediate_result_tail_reverse_delay_6>

00000e06 <ldi8_r6_apply>:
     e06:	48 2f       	mov	r20, r24
     e08:	55 27       	eor	r21, r21
     e0a:	f3 cf       	rjmp	.-26     	; 0xdf2 <immediate_result_tail_reverse_delay_6>

00000e0c <ldi8_r7_apply>:
     e0c:	68 2f       	mov	r22, r24
     e0e:	77 27       	eor	r23, r23
     e10:	f0 cf       	rjmp	.-32     	; 0xdf2 <immediate_result_tail_reverse_delay_6>

00000e12 <ldi16_r4_apply>:
     e12:	08 2f       	mov	r16, r24
     e14:	19 2f       	mov	r17, r25
     e16:	ee cf       	rjmp	.-36     	; 0xdf4 <immediate_result_tail_reverse_delay_4>

00000e18 <ldi16_r5_apply>:
     e18:	28 2f       	mov	r18, r24
     e1a:	39 2f       	mov	r19, r25
     e1c:	eb cf       	rjmp	.-42     	; 0xdf4 <immediate_result_tail_reverse_delay_4>

00000e1e <ldi16_r6_apply>:
     e1e:	48 2f       	mov	r20, r24
     e20:	59 2f       	mov	r21, r25
     e22:	e8 cf       	rjmp	.-48     	; 0xdf4 <immediate_result_tail_reverse_delay_4>

00000e24 <ldi16_r7_apply>:
     e24:	68 2f       	mov	r22, r24
     e26:	79 2f       	mov	r23, r25
     e28:	e5 cf       	rjmp	.-54     	; 0xdf4 <immediate_result_tail_reverse_delay_4>

00000e2a <addi_s8_r4_apply>:
     e2a:	08 0f       	add	r16, r24
     e2c:	19 1f       	adc	r17, r25
     e2e:	e3 cf       	rjmp	.-58     	; 0xdf6 <immediate_result_tail_reverse_delay_3>

00000e30 <addi_s8_r5_apply>:
     e30:	28 0f       	add	r18, r24
     e32:	39 1f       	adc	r19, r25
     e34:	e0 cf       	rjmp	.-64     	; 0xdf6 <immediate_result_tail_reverse_delay_3>

00000e36 <addi_s8_r6_apply>:
     e36:	48 0f       	add	r20, r24
     e38:	59 1f       	adc	r21, r25
     e3a:	dd cf       	rjmp	.-70     	; 0xdf6 <immediate_result_tail_reverse_delay_3>

00000e3c <addi_s8_r7_apply>:
     e3c:	68 0f       	add	r22, r24
     e3e:	79 1f       	adc	r23, r25
     e40:	da cf       	rjmp	.-76     	; 0xdf6 <immediate_result_tail_reverse_delay_3>

00000e42 <cmpi_s8_r4_apply>:
     e42:	08 17       	cp	r16, r24
     e44:	19 07       	cpc	r17, r25
     e46:	8f b7       	in	r24, 0x3f	; 63
     e48:	9c cf       	rjmp	.-200    	; 0xd82 <cmpi_s8_flags_commit_17>

00000e4a <cmpi_s8_r5_apply>:
     e4a:	28 17       	cp	r18, r24
     e4c:	39 07       	cpc	r19, r25
     e4e:	8f b7       	in	r24, 0x3f	; 63
     e50:	98 cf       	rjmp	.-208    	; 0xd82 <cmpi_s8_flags_commit_17>

00000e52 <cmpi_s8_r6_apply>:
     e52:	48 17       	cp	r20, r24
     e54:	59 07       	cpc	r21, r25
     e56:	8f b7       	in	r24, 0x3f	; 63
     e58:	94 cf       	rjmp	.-216    	; 0xd82 <cmpi_s8_flags_commit_17>

00000e5a <cmpi_s8_r7_apply>:
     e5a:	68 17       	cp	r22, r24
     e5c:	79 07       	cpc	r23, r25
     e5e:	8f b7       	in	r24, 0x3f	; 63
     e60:	90 cf       	rjmp	.-224    	; 0xd82 <cmpi_s8_flags_commit_17>

00000e62 <breq8_rel8_decode_func>:
     e62:	00 c0       	rjmp	.+0      	; 0xe64 <breq8_rel8_decode_func+0x2>
     e64:	f8 94       	cli
     e66:	2e bc       	out	0x2e, r2	; 46
     e68:	8e b5       	in	r24, 0x2e	; 46
     e6a:	78 94       	sei
     e6c:	f1 9b       	sbis	0x1e, 1	; 30
     e6e:	29 c0       	rjmp	.+82     	; 0xec2 <branch_rel8_not_taken_func>
     e70:	2c c0       	rjmp	.+88     	; 0xeca <branch_rel8_taken_func>

00000e72 <brne8_rel8_decode_func>:
     e72:	00 c0       	rjmp	.+0      	; 0xe74 <brne8_rel8_decode_func+0x2>
     e74:	f8 94       	cli
     e76:	2e bc       	out	0x2e, r2	; 46
     e78:	8e b5       	in	r24, 0x2e	; 46
     e7a:	78 94       	sei
     e7c:	f1 99       	sbic	0x1e, 1	; 30
     e7e:	21 c0       	rjmp	.+66     	; 0xec2 <branch_rel8_not_taken_func>
     e80:	24 c0       	rjmp	.+72     	; 0xeca <branch_rel8_taken_func>

00000e82 <brult8_rel8_decode_func>:
     e82:	00 c0       	rjmp	.+0      	; 0xe84 <brult8_rel8_decode_func+0x2>
     e84:	f8 94       	cli
     e86:	2e bc       	out	0x2e, r2	; 46
     e88:	8e b5       	in	r24, 0x2e	; 46
     e8a:	78 94       	sei
     e8c:	f0 9b       	sbis	0x1e, 0	; 30
     e8e:	19 c0       	rjmp	.+50     	; 0xec2 <branch_rel8_not_taken_func>
     e90:	1c c0       	rjmp	.+56     	; 0xeca <branch_rel8_taken_func>

00000e92 <brslt8_rel8_decode_func>:
     e92:	00 c0       	rjmp	.+0      	; 0xe94 <brslt8_rel8_decode_func+0x2>
     e94:	f8 94       	cli
     e96:	2e bc       	out	0x2e, r2	; 46
     e98:	8e b5       	in	r24, 0x2e	; 46
     e9a:	78 94       	sei
     e9c:	f4 9b       	sbis	0x1e, 4	; 30
     e9e:	11 c0       	rjmp	.+34     	; 0xec2 <branch_rel8_not_taken_func>
     ea0:	14 c0       	rjmp	.+40     	; 0xeca <branch_rel8_taken_func>

00000ea2 <bruge8_rel8_decode_func>:
     ea2:	00 c0       	rjmp	.+0      	; 0xea4 <bruge8_rel8_decode_func+0x2>
     ea4:	f8 94       	cli
     ea6:	2e bc       	out	0x2e, r2	; 46
     ea8:	8e b5       	in	r24, 0x2e	; 46
     eaa:	78 94       	sei
     eac:	f0 99       	sbic	0x1e, 0	; 30
     eae:	09 c0       	rjmp	.+18     	; 0xec2 <branch_rel8_not_taken_func>
     eb0:	0c c0       	rjmp	.+24     	; 0xeca <branch_rel8_taken_func>

00000eb2 <brsge8_rel8_decode_func>:
     eb2:	00 c0       	rjmp	.+0      	; 0xeb4 <brsge8_rel8_decode_func+0x2>
     eb4:	f8 94       	cli
     eb6:	2e bc       	out	0x2e, r2	; 46
     eb8:	8e b5       	in	r24, 0x2e	; 46
     eba:	78 94       	sei
     ebc:	f4 99       	sbic	0x1e, 4	; 30
     ebe:	01 c0       	rjmp	.+2      	; 0xec2 <branch_rel8_not_taken_func>
     ec0:	04 c0       	rjmp	.+8      	; 0xeca <branch_rel8_taken_func>

00000ec2 <branch_rel8_not_taken_func>:
     ec2:	00 c0       	rjmp	.+0      	; 0xec4 <branch_rel8_not_taken_func+0x2>
     ec4:	00 c0       	rjmp	.+0      	; 0xec6 <branch_rel8_not_taken_func+0x4>
     ec6:	00 c0       	rjmp	.+0      	; 0xec8 <branch_rel8_not_taken_func+0x6>
     ec8:	5e cf       	rjmp	.-324    	; 0xd86 <cluster_tail_17>

00000eca <branch_rel8_taken_func>:
     eca:	99 27       	eor	r25, r25
     ecc:	87 fd       	sbrc	r24, 7
     ece:	90 95       	com	r25
     ed0:	43 0c       	add	r4, r3
     ed2:	52 1c       	adc	r5, r2
     ed4:	62 1c       	adc	r6, r2
     ed6:	48 0e       	add	r4, r24
     ed8:	59 1e       	adc	r5, r25
     eda:	69 1e       	adc	r6, r25
     edc:	ed c1       	rjmp	.+986    	; 0x12b8 <seek_and_dispatch_func>

00000ede <branch_rel16_decode_func>:
     ede:	62 1c       	adc	r6, r2
     ee0:	be b3       	in	r27, 0x1e	; 30
     ee2:	f8 94       	cli
     ee4:	2e bc       	out	0x2e, r2	; 46
     ee6:	ae b5       	in	r26, 0x2e	; 46
     ee8:	78 94       	sei
     eea:	43 0c       	add	r4, r3
     eec:	52 1c       	adc	r5, r2
     eee:	62 1c       	adc	r6, r2
     ef0:	80 fd       	sbrc	r24, 0
     ef2:	b0 95       	com	r27
     ef4:	b9 23       	and	r27, r25
     ef6:	41 f4       	brne	.+16     	; 0xf08 <branch_rel16_taken_func>

00000ef8 <branch_rel16_not_taken_func>:
     ef8:	00 c0       	rjmp	.+0      	; 0xefa <branch_rel16_not_taken_func+0x2>
     efa:	00 c0       	rjmp	.+0      	; 0xefc <branch_rel16_not_taken_func+0x4>
     efc:	00 c0       	rjmp	.+0      	; 0xefe <branch_rel16_not_taken_func+0x6>
     efe:	f8 94       	cli
     f00:	2e bc       	out	0x2e, r2	; 46
     f02:	8e b5       	in	r24, 0x2e	; 46
     f04:	78 94       	sei
     f06:	dd cf       	rjmp	.-70     	; 0xec2 <branch_rel8_not_taken_func>

00000f08 <branch_rel16_taken_func>:
     f08:	43 0c       	add	r4, r3
     f0a:	52 1c       	adc	r5, r2
     f0c:	62 1c       	adc	r6, r2
     f0e:	38 c0       	rjmp	.+112    	; 0xf80 <rel16_read_high>

00000f10 <branch_rel16_block_end>:
     f10:	c8 95       	lpm
     f12:	ae b5       	in	r26, 0x2e	; 46
     f14:	99 27       	eor	r25, r25
     f16:	a7 fd       	sbrc	r26, 7
     f18:	90 95       	com	r25
     f1a:	43 0c       	add	r4, r3
     f1c:	52 1c       	adc	r5, r2
     f1e:	62 1c       	adc	r6, r2
     f20:	4a 0e       	add	r4, r26
     f22:	59 1e       	adc	r5, r25
     f24:	69 1e       	adc	r6, r25
     f26:	c8 c1       	rjmp	.+912    	; 0x12b8 <seek_and_dispatch_func>

00000f28 <call8_rel8_func>:
     f28:	c8 95       	lpm
     f2a:	ae b5       	in	r26, 0x2e	; 46
     f2c:	99 27       	eor	r25, r25
     f2e:	a7 fd       	sbrc	r26, 7
     f30:	90 95       	com	r25
     f32:	43 0c       	add	r4, r3
     f34:	52 1c       	adc	r5, r2
     f36:	62 1c       	adc	r6, r2
     f38:	6a 92       	st	-Y, r6
     f3a:	5a 92       	st	-Y, r5
     f3c:	4a 92       	st	-Y, r4
     f3e:	4a 0e       	add	r4, r26
     f40:	59 1e       	adc	r5, r25
     f42:	69 1e       	adc	r6, r25
     f44:	b9 c1       	rjmp	.+882    	; 0x12b8 <seek_and_dispatch_func>

00000f46 <adjsp_simm8_func>:
     f46:	00 c0       	rjmp	.+0      	; 0xf48 <adjsp_simm8_func+0x2>
     f48:	f8 94       	cli
     f4a:	2e bc       	out	0x2e, r2	; 46
     f4c:	8e b5       	in	r24, 0x2e	; 46
     f4e:	78 94       	sei
     f50:	99 27       	eor	r25, r25
     f52:	87 fd       	sbrc	r24, 7
     f54:	90 95       	com	r25
     f56:	c8 0f       	add	r28, r24
     f58:	d9 1f       	adc	r29, r25
     f5a:	00 c0       	rjmp	.+0      	; 0xf5c <adjsp_simm8_func+0x16>
     f5c:	00 c0       	rjmp	.+0      	; 0xf5e <adjsp_simm8_func+0x18>
     f5e:	13 cf       	rjmp	.-474    	; 0xd86 <cluster_tail_17>

00000f60 <jmp_call_rel16_func>:
     f60:	43 0c       	add	r4, r3
     f62:	52 1c       	adc	r5, r2
     f64:	f8 94       	cli
     f66:	2e bc       	out	0x2e, r2	; 46
     f68:	ae b5       	in	r26, 0x2e	; 46
     f6a:	78 94       	sei
     f6c:	62 1c       	adc	r6, r2
     f6e:	43 0c       	add	r4, r3
     f70:	52 1c       	adc	r5, r2
     f72:	62 1c       	adc	r6, r2
     f74:	80 ff       	sbrs	r24, 0
     f76:	0c 94 c8 07 	jmp	0xf90	; 0xf90 <jmp_rel16_wait>
     f7a:	6a 92       	st	-Y, r6
     f7c:	5a 92       	st	-Y, r5
     f7e:	4a 92       	st	-Y, r4

00000f80 <rel16_read_high>:
     f80:	99 27       	eor	r25, r25
     f82:	be b5       	in	r27, 0x2e	; 46
     f84:	b7 fd       	sbrc	r27, 7
     f86:	90 95       	com	r25
     f88:	4a 0e       	add	r4, r26
     f8a:	5b 1e       	adc	r5, r27
     f8c:	69 1e       	adc	r6, r25
     f8e:	94 c1       	rjmp	.+808    	; 0x12b8 <seek_and_dispatch_func>

00000f90 <jmp_rel16_wait>:
     f90:	c8 95       	lpm
     f92:	f6 cf       	rjmp	.-20     	; 0xf80 <rel16_read_high>

00000f94 <jmp_call_far_func>:
     f94:	b8 2f       	mov	r27, r24
     f96:	00 00       	nop
     f98:	f8 94       	cli
     f9a:	2e bc       	out	0x2e, r2	; 46
     f9c:	8e b5       	in	r24, 0x2e	; 46
     f9e:	78 94       	sei
     fa0:	b0 ff       	sbrs	r27, 0
     fa2:	0c 94 e2 07 	jmp	0xfc4	; 0xfc4 <jmp_far_wait>
     fa6:	6a 92       	st	-Y, r6
     fa8:	5a 92       	st	-Y, r5
     faa:	4a 92       	st	-Y, r4
     fac:	00 c0       	rjmp	.+0      	; 0xfae <jmp_call_far_func+0x1a>
     fae:	00 c0       	rjmp	.+0      	; 0xfb0 <far_launch_high>

00000fb0 <far_launch_high>:
     fb0:	f8 94       	cli
     fb2:	2e bc       	out	0x2e, r2	; 46
     fb4:	9e b5       	in	r25, 0x2e	; 46
     fb6:	78 94       	sei
     fb8:	9d d1       	rcall	.+826    	; 0x12f4 <interp_delay_14>
     fba:	ae b5       	in	r26, 0x2e	; 46
     fbc:	48 2e       	mov	r4, r24
     fbe:	59 2e       	mov	r5, r25
     fc0:	6a 2e       	mov	r6, r26
     fc2:	7a c1       	rjmp	.+756    	; 0x12b8 <seek_and_dispatch_func>

00000fc4 <jmp_far_wait>:
     fc4:	9d d1       	rcall	.+826    	; 0x1300 <interp_delay_7>
     fc6:	f4 cf       	rjmp	.-24     	; 0xfb0 <far_launch_high>

00000fc8 <sys_decode_func>:
     fc8:	ed ee       	ldi	r30, 0xED	; 237
     fca:	f7 e0       	ldi	r31, 0x07	; 7
     fcc:	f8 94       	cli
     fce:	2e bc       	out	0x2e, r2	; 46
     fd0:	8e b5       	in	r24, 0x2e	; 46
     fd2:	78 94       	sei

00000fd4 <sys_dispatch_func>:
     fd4:	e8 0f       	add	r30, r24
     fd6:	f2 1d       	adc	r31, r2
     fd8:	09 94       	ijmp

00000fda <sys_dispatch_table>:
     fda:	2b c1       	rjmp	.+598    	; 0x1232 <sys_debug_putc_func>
     fdc:	2d c1       	rjmp	.+602    	; 0x1238 <sys_debug_break_func>
     fde:	2e c1       	rjmp	.+604    	; 0x123c <sys_millis_func>
     fe0:	34 c1       	rjmp	.+616    	; 0x124a <sys_millis32_func>
     fe2:	3e c1       	rjmp	.+636    	; 0x1260 <sys_libm_func>
     fe4:	3d c1       	rjmp	.+634    	; 0x1260 <sys_libm_func>
     fe6:	3c c1       	rjmp	.+632    	; 0x1260 <sys_libm_func>
     fe8:	3b c1       	rjmp	.+630    	; 0x1260 <sys_libm_func>
     fea:	3a c1       	rjmp	.+628    	; 0x1260 <sys_libm_func>
     fec:	39 c1       	rjmp	.+626    	; 0x1260 <sys_libm_func>
     fee:	38 c1       	rjmp	.+624    	; 0x1260 <sys_libm_func>
     ff0:	37 c1       	rjmp	.+622    	; 0x1260 <sys_libm_func>
     ff2:	36 c1       	rjmp	.+620    	; 0x1260 <sys_libm_func>
     ff4:	35 c1       	rjmp	.+618    	; 0x1260 <sys_libm_func>
     ff6:	34 c1       	rjmp	.+616    	; 0x1260 <sys_libm_func>
     ff8:	f0 c0       	rjmp	.+480    	; 0x11da <sys_dispatch_table_end>
     ffa:	f1 c0       	rjmp	.+482    	; 0x11de <sys_memcpy_p_func>
     ffc:	f2 c0       	rjmp	.+484    	; 0x11e2 <sys_memset_func>
     ffe:	f3 c0       	rjmp	.+486    	; 0x11e6 <sys_memmove_func>
    1000:	2b c3       	rjmp	.+1622   	; 0x1658 <sys_memcmp_p_impl>
    1002:	43 c3       	rjmp	.+1670   	; 0x168a <sys_strcmp_p_impl>
    1004:	54 c3       	rjmp	.+1704   	; 0x16ae <sys_strlen_p_impl>
    1006:	78 c3       	rjmp	.+1776   	; 0x16f8 <sys_strncpy_p_impl>
    1008:	86 c3       	rjmp	.+1804   	; 0x1716 <sys_strncat_p_impl>
    100a:	99 c3       	rjmp	.+1842   	; 0x173e <sys_memcmp_impl>
    100c:	a4 c3       	rjmp	.+1864   	; 0x1756 <sys_strcmp_impl>
    100e:	ac c3       	rjmp	.+1880   	; 0x1768 <sys_strlen_impl>
    1010:	bf c3       	rjmp	.+1918   	; 0x1790 <sys_strncpy_impl>
    1012:	c9 c3       	rjmp	.+1938   	; 0x17a6 <sys_strncat_impl>
    1014:	d5 c3       	rjmp	.+1962   	; 0x17c0 <sys_display_impl>
    1016:	e9 c0       	rjmp	.+466    	; 0x11ea <sys_draw_sprite_func>
    1018:	e8 c0       	rjmp	.+464    	; 0x11ea <sys_draw_sprite_func>
    101a:	e7 c0       	rjmp	.+462    	; 0x11ea <sys_draw_sprite_func>
    101c:	e6 c0       	rjmp	.+460    	; 0x11ea <sys_draw_sprite_func>
    101e:	e9 c0       	rjmp	.+466    	; 0x11f2 <sys_set_sprite_func>
    1020:	ea c0       	rjmp	.+468    	; 0x11f6 <sys_draw_func>
    1022:	e9 c0       	rjmp	.+466    	; 0x11f6 <sys_draw_func>
    1024:	e8 c0       	rjmp	.+464    	; 0x11f6 <sys_draw_func>
    1026:	e7 c0       	rjmp	.+462    	; 0x11f6 <sys_draw_func>
    1028:	ea c0       	rjmp	.+468    	; 0x11fe <sys_draw_filled_rect_func>
    102a:	e9 c0       	rjmp	.+466    	; 0x11fe <sys_draw_filled_rect_func>
    102c:	ea c0       	rjmp	.+468    	; 0x1202 <sys_platform_func>
    102e:	e9 c0       	rjmp	.+466    	; 0x1202 <sys_platform_func>
    1030:	e8 c0       	rjmp	.+464    	; 0x1202 <sys_platform_func>
    1032:	e7 c0       	rjmp	.+462    	; 0x1202 <sys_platform_func>
    1034:	e6 c0       	rjmp	.+460    	; 0x1202 <sys_platform_func>
    1036:	e5 c0       	rjmp	.+458    	; 0x1202 <sys_platform_func>
    1038:	e6 c0       	rjmp	.+460    	; 0x1206 <sys_format_func>
    103a:	e5 c0       	rjmp	.+458    	; 0x1206 <sys_format_func>
    103c:	e7 c0       	rjmp	.+462    	; 0x120c <sys_set_text_font_func>
    103e:	e8 c0       	rjmp	.+464    	; 0x1210 <sys_set_text_mode_func>
    1040:	e9 c0       	rjmp	.+466    	; 0x1214 <sys_draw_text_func>
    1042:	eb c0       	rjmp	.+470    	; 0x121a <sys_draw_text_p_func>
    1044:	ed c0       	rjmp	.+474    	; 0x1220 <sys_draw_textfv_func>
    1046:	ef c0       	rjmp	.+478    	; 0x1226 <sys_draw_textfv_p_func>
    1048:	f1 c0       	rjmp	.+482    	; 0x122c <sys_debug_printfv_p_func>
    104a:	5e c1       	rjmp	.+700    	; 0x1308 <invalid_syscall_func>
    104c:	5d c1       	rjmp	.+698    	; 0x1308 <invalid_syscall_func>
    104e:	5c c1       	rjmp	.+696    	; 0x1308 <invalid_syscall_func>
    1050:	5b c1       	rjmp	.+694    	; 0x1308 <invalid_syscall_func>
    1052:	5a c1       	rjmp	.+692    	; 0x1308 <invalid_syscall_func>
    1054:	59 c1       	rjmp	.+690    	; 0x1308 <invalid_syscall_func>
    1056:	58 c1       	rjmp	.+688    	; 0x1308 <invalid_syscall_func>
    1058:	57 c1       	rjmp	.+686    	; 0x1308 <invalid_syscall_func>
    105a:	56 c1       	rjmp	.+684    	; 0x1308 <invalid_syscall_func>
    105c:	55 c1       	rjmp	.+682    	; 0x1308 <invalid_syscall_func>
    105e:	54 c1       	rjmp	.+680    	; 0x1308 <invalid_syscall_func>
    1060:	53 c1       	rjmp	.+678    	; 0x1308 <invalid_syscall_func>
    1062:	52 c1       	rjmp	.+676    	; 0x1308 <invalid_syscall_func>
    1064:	51 c1       	rjmp	.+674    	; 0x1308 <invalid_syscall_func>
    1066:	50 c1       	rjmp	.+672    	; 0x1308 <invalid_syscall_func>
    1068:	4f c1       	rjmp	.+670    	; 0x1308 <invalid_syscall_func>
    106a:	4e c1       	rjmp	.+668    	; 0x1308 <invalid_syscall_func>
    106c:	4d c1       	rjmp	.+666    	; 0x1308 <invalid_syscall_func>
    106e:	4c c1       	rjmp	.+664    	; 0x1308 <invalid_syscall_func>
    1070:	4b c1       	rjmp	.+662    	; 0x1308 <invalid_syscall_func>
    1072:	4a c1       	rjmp	.+660    	; 0x1308 <invalid_syscall_func>
    1074:	49 c1       	rjmp	.+658    	; 0x1308 <invalid_syscall_func>
    1076:	48 c1       	rjmp	.+656    	; 0x1308 <invalid_syscall_func>
    1078:	47 c1       	rjmp	.+654    	; 0x1308 <invalid_syscall_func>
    107a:	46 c1       	rjmp	.+652    	; 0x1308 <invalid_syscall_func>
    107c:	45 c1       	rjmp	.+650    	; 0x1308 <invalid_syscall_func>
    107e:	44 c1       	rjmp	.+648    	; 0x1308 <invalid_syscall_func>
    1080:	43 c1       	rjmp	.+646    	; 0x1308 <invalid_syscall_func>
    1082:	42 c1       	rjmp	.+644    	; 0x1308 <invalid_syscall_func>
    1084:	41 c1       	rjmp	.+642    	; 0x1308 <invalid_syscall_func>
    1086:	40 c1       	rjmp	.+640    	; 0x1308 <invalid_syscall_func>
    1088:	3f c1       	rjmp	.+638    	; 0x1308 <invalid_syscall_func>
    108a:	3e c1       	rjmp	.+636    	; 0x1308 <invalid_syscall_func>
    108c:	3d c1       	rjmp	.+634    	; 0x1308 <invalid_syscall_func>
    108e:	3c c1       	rjmp	.+632    	; 0x1308 <invalid_syscall_func>
    1090:	3b c1       	rjmp	.+630    	; 0x1308 <invalid_syscall_func>
    1092:	3a c1       	rjmp	.+628    	; 0x1308 <invalid_syscall_func>
    1094:	39 c1       	rjmp	.+626    	; 0x1308 <invalid_syscall_func>
    1096:	38 c1       	rjmp	.+624    	; 0x1308 <invalid_syscall_func>
    1098:	37 c1       	rjmp	.+622    	; 0x1308 <invalid_syscall_func>
    109a:	36 c1       	rjmp	.+620    	; 0x1308 <invalid_syscall_func>
    109c:	35 c1       	rjmp	.+618    	; 0x1308 <invalid_syscall_func>
    109e:	34 c1       	rjmp	.+616    	; 0x1308 <invalid_syscall_func>
    10a0:	33 c1       	rjmp	.+614    	; 0x1308 <invalid_syscall_func>
    10a2:	32 c1       	rjmp	.+612    	; 0x1308 <invalid_syscall_func>
    10a4:	31 c1       	rjmp	.+610    	; 0x1308 <invalid_syscall_func>
    10a6:	30 c1       	rjmp	.+608    	; 0x1308 <invalid_syscall_func>
    10a8:	2f c1       	rjmp	.+606    	; 0x1308 <invalid_syscall_func>
    10aa:	2e c1       	rjmp	.+604    	; 0x1308 <invalid_syscall_func>
    10ac:	2d c1       	rjmp	.+602    	; 0x1308 <invalid_syscall_func>
    10ae:	2c c1       	rjmp	.+600    	; 0x1308 <invalid_syscall_func>
    10b0:	2b c1       	rjmp	.+598    	; 0x1308 <invalid_syscall_func>
    10b2:	2a c1       	rjmp	.+596    	; 0x1308 <invalid_syscall_func>
    10b4:	29 c1       	rjmp	.+594    	; 0x1308 <invalid_syscall_func>
    10b6:	28 c1       	rjmp	.+592    	; 0x1308 <invalid_syscall_func>
    10b8:	27 c1       	rjmp	.+590    	; 0x1308 <invalid_syscall_func>
    10ba:	26 c1       	rjmp	.+588    	; 0x1308 <invalid_syscall_func>
    10bc:	25 c1       	rjmp	.+586    	; 0x1308 <invalid_syscall_func>
    10be:	24 c1       	rjmp	.+584    	; 0x1308 <invalid_syscall_func>
    10c0:	23 c1       	rjmp	.+582    	; 0x1308 <invalid_syscall_func>
    10c2:	22 c1       	rjmp	.+580    	; 0x1308 <invalid_syscall_func>
    10c4:	21 c1       	rjmp	.+578    	; 0x1308 <invalid_syscall_func>
    10c6:	20 c1       	rjmp	.+576    	; 0x1308 <invalid_syscall_func>
    10c8:	1f c1       	rjmp	.+574    	; 0x1308 <invalid_syscall_func>
    10ca:	1e c1       	rjmp	.+572    	; 0x1308 <invalid_syscall_func>
    10cc:	1d c1       	rjmp	.+570    	; 0x1308 <invalid_syscall_func>
    10ce:	1c c1       	rjmp	.+568    	; 0x1308 <invalid_syscall_func>
    10d0:	1b c1       	rjmp	.+566    	; 0x1308 <invalid_syscall_func>
    10d2:	1a c1       	rjmp	.+564    	; 0x1308 <invalid_syscall_func>
    10d4:	19 c1       	rjmp	.+562    	; 0x1308 <invalid_syscall_func>
    10d6:	18 c1       	rjmp	.+560    	; 0x1308 <invalid_syscall_func>
    10d8:	17 c1       	rjmp	.+558    	; 0x1308 <invalid_syscall_func>
    10da:	16 c1       	rjmp	.+556    	; 0x1308 <invalid_syscall_func>
    10dc:	15 c1       	rjmp	.+554    	; 0x1308 <invalid_syscall_func>
    10de:	14 c1       	rjmp	.+552    	; 0x1308 <invalid_syscall_func>
    10e0:	13 c1       	rjmp	.+550    	; 0x1308 <invalid_syscall_func>
    10e2:	12 c1       	rjmp	.+548    	; 0x1308 <invalid_syscall_func>
    10e4:	11 c1       	rjmp	.+546    	; 0x1308 <invalid_syscall_func>
    10e6:	10 c1       	rjmp	.+544    	; 0x1308 <invalid_syscall_func>
    10e8:	0f c1       	rjmp	.+542    	; 0x1308 <invalid_syscall_func>
    10ea:	0e c1       	rjmp	.+540    	; 0x1308 <invalid_syscall_func>
    10ec:	0d c1       	rjmp	.+538    	; 0x1308 <invalid_syscall_func>
    10ee:	0c c1       	rjmp	.+536    	; 0x1308 <invalid_syscall_func>
    10f0:	0b c1       	rjmp	.+534    	; 0x1308 <invalid_syscall_func>
    10f2:	0a c1       	rjmp	.+532    	; 0x1308 <invalid_syscall_func>
    10f4:	09 c1       	rjmp	.+530    	; 0x1308 <invalid_syscall_func>
    10f6:	08 c1       	rjmp	.+528    	; 0x1308 <invalid_syscall_func>
    10f8:	07 c1       	rjmp	.+526    	; 0x1308 <invalid_syscall_func>
    10fa:	06 c1       	rjmp	.+524    	; 0x1308 <invalid_syscall_func>
    10fc:	05 c1       	rjmp	.+522    	; 0x1308 <invalid_syscall_func>
    10fe:	04 c1       	rjmp	.+520    	; 0x1308 <invalid_syscall_func>
    1100:	03 c1       	rjmp	.+518    	; 0x1308 <invalid_syscall_func>
    1102:	02 c1       	rjmp	.+516    	; 0x1308 <invalid_syscall_func>
    1104:	01 c1       	rjmp	.+514    	; 0x1308 <invalid_syscall_func>
    1106:	00 c1       	rjmp	.+512    	; 0x1308 <invalid_syscall_func>
    1108:	ff c0       	rjmp	.+510    	; 0x1308 <invalid_syscall_func>
    110a:	fe c0       	rjmp	.+508    	; 0x1308 <invalid_syscall_func>
    110c:	fd c0       	rjmp	.+506    	; 0x1308 <invalid_syscall_func>
    110e:	fc c0       	rjmp	.+504    	; 0x1308 <invalid_syscall_func>
    1110:	fb c0       	rjmp	.+502    	; 0x1308 <invalid_syscall_func>
    1112:	fa c0       	rjmp	.+500    	; 0x1308 <invalid_syscall_func>
    1114:	f9 c0       	rjmp	.+498    	; 0x1308 <invalid_syscall_func>
    1116:	f8 c0       	rjmp	.+496    	; 0x1308 <invalid_syscall_func>
    1118:	f7 c0       	rjmp	.+494    	; 0x1308 <invalid_syscall_func>
    111a:	f6 c0       	rjmp	.+492    	; 0x1308 <invalid_syscall_func>
    111c:	f5 c0       	rjmp	.+490    	; 0x1308 <invalid_syscall_func>
    111e:	f4 c0       	rjmp	.+488    	; 0x1308 <invalid_syscall_func>
    1120:	f3 c0       	rjmp	.+486    	; 0x1308 <invalid_syscall_func>
    1122:	f2 c0       	rjmp	.+484    	; 0x1308 <invalid_syscall_func>
    1124:	f1 c0       	rjmp	.+482    	; 0x1308 <invalid_syscall_func>
    1126:	f0 c0       	rjmp	.+480    	; 0x1308 <invalid_syscall_func>
    1128:	ef c0       	rjmp	.+478    	; 0x1308 <invalid_syscall_func>
    112a:	ee c0       	rjmp	.+476    	; 0x1308 <invalid_syscall_func>
    112c:	ed c0       	rjmp	.+474    	; 0x1308 <invalid_syscall_func>
    112e:	ec c0       	rjmp	.+472    	; 0x1308 <invalid_syscall_func>
    1130:	eb c0       	rjmp	.+470    	; 0x1308 <invalid_syscall_func>
    1132:	ea c0       	rjmp	.+468    	; 0x1308 <invalid_syscall_func>
    1134:	e9 c0       	rjmp	.+466    	; 0x1308 <invalid_syscall_func>
    1136:	e8 c0       	rjmp	.+464    	; 0x1308 <invalid_syscall_func>
    1138:	e7 c0       	rjmp	.+462    	; 0x1308 <invalid_syscall_func>
    113a:	e6 c0       	rjmp	.+460    	; 0x1308 <invalid_syscall_func>
    113c:	e5 c0       	rjmp	.+458    	; 0x1308 <invalid_syscall_func>
    113e:	e4 c0       	rjmp	.+456    	; 0x1308 <invalid_syscall_func>
    1140:	e3 c0       	rjmp	.+454    	; 0x1308 <invalid_syscall_func>
    1142:	e2 c0       	rjmp	.+452    	; 0x1308 <invalid_syscall_func>
    1144:	e1 c0       	rjmp	.+450    	; 0x1308 <invalid_syscall_func>
    1146:	e0 c0       	rjmp	.+448    	; 0x1308 <invalid_syscall_func>
    1148:	df c0       	rjmp	.+446    	; 0x1308 <invalid_syscall_func>
    114a:	de c0       	rjmp	.+444    	; 0x1308 <invalid_syscall_func>
    114c:	dd c0       	rjmp	.+442    	; 0x1308 <invalid_syscall_func>
    114e:	dc c0       	rjmp	.+440    	; 0x1308 <invalid_syscall_func>
    1150:	db c0       	rjmp	.+438    	; 0x1308 <invalid_syscall_func>
    1152:	da c0       	rjmp	.+436    	; 0x1308 <invalid_syscall_func>
    1154:	d9 c0       	rjmp	.+434    	; 0x1308 <invalid_syscall_func>
    1156:	d8 c0       	rjmp	.+432    	; 0x1308 <invalid_syscall_func>
    1158:	d7 c0       	rjmp	.+430    	; 0x1308 <invalid_syscall_func>
    115a:	d6 c0       	rjmp	.+428    	; 0x1308 <invalid_syscall_func>
    115c:	d5 c0       	rjmp	.+426    	; 0x1308 <invalid_syscall_func>
    115e:	d4 c0       	rjmp	.+424    	; 0x1308 <invalid_syscall_func>
    1160:	d3 c0       	rjmp	.+422    	; 0x1308 <invalid_syscall_func>
    1162:	d2 c0       	rjmp	.+420    	; 0x1308 <invalid_syscall_func>
    1164:	d1 c0       	rjmp	.+418    	; 0x1308 <invalid_syscall_func>
    1166:	d0 c0       	rjmp	.+416    	; 0x1308 <invalid_syscall_func>
    1168:	cf c0       	rjmp	.+414    	; 0x1308 <invalid_syscall_func>
    116a:	ce c0       	rjmp	.+412    	; 0x1308 <invalid_syscall_func>
    116c:	cd c0       	rjmp	.+410    	; 0x1308 <invalid_syscall_func>
    116e:	cc c0       	rjmp	.+408    	; 0x1308 <invalid_syscall_func>
    1170:	cb c0       	rjmp	.+406    	; 0x1308 <invalid_syscall_func>
    1172:	ca c0       	rjmp	.+404    	; 0x1308 <invalid_syscall_func>
    1174:	c9 c0       	rjmp	.+402    	; 0x1308 <invalid_syscall_func>
    1176:	c8 c0       	rjmp	.+400    	; 0x1308 <invalid_syscall_func>
    1178:	c7 c0       	rjmp	.+398    	; 0x1308 <invalid_syscall_func>
    117a:	c6 c0       	rjmp	.+396    	; 0x1308 <invalid_syscall_func>
    117c:	c5 c0       	rjmp	.+394    	; 0x1308 <invalid_syscall_func>
    117e:	c4 c0       	rjmp	.+392    	; 0x1308 <invalid_syscall_func>
    1180:	c3 c0       	rjmp	.+390    	; 0x1308 <invalid_syscall_func>
    1182:	c2 c0       	rjmp	.+388    	; 0x1308 <invalid_syscall_func>
    1184:	c1 c0       	rjmp	.+386    	; 0x1308 <invalid_syscall_func>
    1186:	c0 c0       	rjmp	.+384    	; 0x1308 <invalid_syscall_func>
    1188:	bf c0       	rjmp	.+382    	; 0x1308 <invalid_syscall_func>
    118a:	be c0       	rjmp	.+380    	; 0x1308 <invalid_syscall_func>
    118c:	bd c0       	rjmp	.+378    	; 0x1308 <invalid_syscall_func>
    118e:	bc c0       	rjmp	.+376    	; 0x1308 <invalid_syscall_func>
    1190:	bb c0       	rjmp	.+374    	; 0x1308 <invalid_syscall_func>
    1192:	ba c0       	rjmp	.+372    	; 0x1308 <invalid_syscall_func>
    1194:	b9 c0       	rjmp	.+370    	; 0x1308 <invalid_syscall_func>
    1196:	b8 c0       	rjmp	.+368    	; 0x1308 <invalid_syscall_func>
    1198:	b7 c0       	rjmp	.+366    	; 0x1308 <invalid_syscall_func>
    119a:	b6 c0       	rjmp	.+364    	; 0x1308 <invalid_syscall_func>
    119c:	b5 c0       	rjmp	.+362    	; 0x1308 <invalid_syscall_func>
    119e:	b4 c0       	rjmp	.+360    	; 0x1308 <invalid_syscall_func>
    11a0:	b3 c0       	rjmp	.+358    	; 0x1308 <invalid_syscall_func>
    11a2:	b2 c0       	rjmp	.+356    	; 0x1308 <invalid_syscall_func>
    11a4:	b1 c0       	rjmp	.+354    	; 0x1308 <invalid_syscall_func>
    11a6:	b0 c0       	rjmp	.+352    	; 0x1308 <invalid_syscall_func>
    11a8:	af c0       	rjmp	.+350    	; 0x1308 <invalid_syscall_func>
    11aa:	ae c0       	rjmp	.+348    	; 0x1308 <invalid_syscall_func>
    11ac:	ad c0       	rjmp	.+346    	; 0x1308 <invalid_syscall_func>
    11ae:	ac c0       	rjmp	.+344    	; 0x1308 <invalid_syscall_func>
    11b0:	ab c0       	rjmp	.+342    	; 0x1308 <invalid_syscall_func>
    11b2:	aa c0       	rjmp	.+340    	; 0x1308 <invalid_syscall_func>
    11b4:	a9 c0       	rjmp	.+338    	; 0x1308 <invalid_syscall_func>
    11b6:	a8 c0       	rjmp	.+336    	; 0x1308 <invalid_syscall_func>
    11b8:	a7 c0       	rjmp	.+334    	; 0x1308 <invalid_syscall_func>
    11ba:	a6 c0       	rjmp	.+332    	; 0x1308 <invalid_syscall_func>
    11bc:	a5 c0       	rjmp	.+330    	; 0x1308 <invalid_syscall_func>
    11be:	a4 c0       	rjmp	.+328    	; 0x1308 <invalid_syscall_func>
    11c0:	a3 c0       	rjmp	.+326    	; 0x1308 <invalid_syscall_func>
    11c2:	a2 c0       	rjmp	.+324    	; 0x1308 <invalid_syscall_func>
    11c4:	a1 c0       	rjmp	.+322    	; 0x1308 <invalid_syscall_func>
    11c6:	a0 c0       	rjmp	.+320    	; 0x1308 <invalid_syscall_func>
    11c8:	9f c0       	rjmp	.+318    	; 0x1308 <invalid_syscall_func>
    11ca:	9e c0       	rjmp	.+316    	; 0x1308 <invalid_syscall_func>
    11cc:	9d c0       	rjmp	.+314    	; 0x1308 <invalid_syscall_func>
    11ce:	9c c0       	rjmp	.+312    	; 0x1308 <invalid_syscall_func>
    11d0:	9b c0       	rjmp	.+310    	; 0x1308 <invalid_syscall_func>
    11d2:	9a c0       	rjmp	.+308    	; 0x1308 <invalid_syscall_func>
    11d4:	99 c0       	rjmp	.+306    	; 0x1308 <invalid_syscall_func>
    11d6:	98 c0       	rjmp	.+304    	; 0x1308 <invalid_syscall_func>
    11d8:	97 c0       	rjmp	.+302    	; 0x1308 <invalid_syscall_func>

000011da <sys_dispatch_table_end>:
    11da:	0c 94 c3 25 	jmp	0x4b86	; 0x4b86 <sys_memcpy_impl>

000011de <sys_memcpy_p_func>:
    11de:	0c 94 d9 25 	jmp	0x4bb2	; 0x4bb2 <sys_memcpy_p_impl>

000011e2 <sys_memset_func>:
    11e2:	0c 94 ed 25 	jmp	0x4bda	; 0x4bda <sys_memset_impl>

000011e6 <sys_memmove_func>:
    11e6:	0c 94 a0 25 	jmp	0x4b40	; 0x4b40 <avrlibm_embedded_end>

000011ea <sys_draw_sprite_func>:
    11ea:	8e 51       	subi	r24, 0x1E	; 30
    11ec:	b8 2f       	mov	r27, r24
    11ee:	0c 94 26 26 	jmp	0x4c4c	; 0x4c4c <sys_draw_sprite_header_impl>

000011f2 <sys_set_sprite_func>:
    11f2:	0c 94 00 26 	jmp	0x4c00	; 0x4c00 <sys_set_sprite_impl>

000011f6 <sys_draw_func>:
    11f6:	83 52       	subi	r24, 0x23	; 35
    11f8:	b8 2f       	mov	r27, r24
    11fa:	0c 94 15 26 	jmp	0x4c2a	; 0x4c2a <sys_draw_cached_impl>

000011fe <sys_draw_filled_rect_func>:
    11fe:	0c 94 fe 28 	jmp	0x51fc	; 0x51fc <sys_draw_filled_rect_impl>

00001202 <sys_platform_func>:
    1202:	0c 94 9d 29 	jmp	0x533a	; 0x533a <sys_draw_filled_rect_end>

00001206 <sys_format_func>:
    1206:	8f 52       	subi	r24, 0x2F	; 47
    1208:	0c 94 dc 2a 	jmp	0x55b8	; 0x55b8 <sys_format_impl>

0000120c <sys_set_text_font_func>:
    120c:	0c 94 c3 2f 	jmp	0x5f86	; 0x5f86 <sys_set_text_font_impl>

00001210 <sys_set_text_mode_func>:
    1210:	0c 94 e9 2f 	jmp	0x5fd2	; 0x5fd2 <sys_set_text_mode_impl>

00001214 <sys_draw_text_func>:
    1214:	80 e1       	ldi	r24, 0x10	; 16
    1216:	0c 94 f2 2f 	jmp	0x5fe4	; 0x5fe4 <sys_text_raw_impl>

0000121a <sys_draw_text_p_func>:
    121a:	81 e1       	ldi	r24, 0x11	; 17
    121c:	0c 94 f2 2f 	jmp	0x5fe4	; 0x5fe4 <sys_text_raw_impl>

00001220 <sys_draw_textfv_func>:
    1220:	80 e1       	ldi	r24, 0x10	; 16
    1222:	0c 94 dc 2a 	jmp	0x55b8	; 0x55b8 <sys_format_impl>

00001226 <sys_draw_textfv_p_func>:
    1226:	81 e1       	ldi	r24, 0x11	; 17
    1228:	0c 94 dc 2a 	jmp	0x55b8	; 0x55b8 <sys_format_impl>

0000122c <sys_debug_printfv_p_func>:
    122c:	81 e2       	ldi	r24, 0x21	; 33
    122e:	0c 94 dc 2a 	jmp	0x55b8	; 0x55b8 <sys_format_impl>

00001232 <sys_debug_putc_func>:
    1232:	00 93 f1 00 	sts	0x00F1, r16	; 0x8000f1 <__DATA_REGION_ORIGIN__+0x91>
    1236:	a7 cd       	rjmp	.-1202   	; 0xd86 <cluster_tail_17>

00001238 <sys_debug_break_func>:
    1238:	98 95       	break
    123a:	a4 cd       	rjmp	.-1208   	; 0xd84 <cluster_tail_17_delay_1>

0000123c <sys_millis_func>:
    123c:	f8 94       	cli
    123e:	00 91 05 0a 	lds	r16, 0x0A05	; 0x800a05 <__DATA_REGION_ORIGIN__+0x9a5>
    1242:	10 91 06 0a 	lds	r17, 0x0A06	; 0x800a06 <__DATA_REGION_ORIGIN__+0x9a6>
    1246:	78 94       	sei
    1248:	ae cd       	rjmp	.-1188   	; 0xda6 <cluster_tail_18>

0000124a <sys_millis32_func>:
    124a:	f8 94       	cli
    124c:	00 91 05 0a 	lds	r16, 0x0A05	; 0x800a05 <__DATA_REGION_ORIGIN__+0x9a5>
    1250:	10 91 06 0a 	lds	r17, 0x0A06	; 0x800a06 <__DATA_REGION_ORIGIN__+0x9a6>
    1254:	20 91 07 0a 	lds	r18, 0x0A07	; 0x800a07 <__DATA_REGION_ORIGIN__+0x9a7>
    1258:	30 91 08 0a 	lds	r19, 0x0A08	; 0x800a08 <__DATA_REGION_ORIGIN__+0x9a8>
    125c:	78 94       	sei
    125e:	a3 cd       	rjmp	.-1210   	; 0xda6 <cluster_tail_18>

00001260 <sys_libm_func>:
    1260:	84 50       	subi	r24, 0x04	; 4
    1262:	88 0f       	add	r24, r24
    1264:	e2 e9       	ldi	r30, 0x92	; 146
    1266:	f2 e1       	ldi	r31, 0x12	; 18
    1268:	e8 0f       	add	r30, r24
    126a:	f2 1d       	adc	r31, r2
    126c:	05 90       	lpm	r0, Z+
    126e:	f4 91       	lpm	r31, Z
    1270:	e0 2d       	mov	r30, r0
    1272:	4f 93       	push	r20
    1274:	5f 93       	push	r21
    1276:	6f 93       	push	r22
    1278:	7f 93       	push	r23
    127a:	c9 01       	movw	r24, r18
    127c:	9a 01       	movw	r18, r20
    127e:	ab 01       	movw	r20, r22
    1280:	b8 01       	movw	r22, r16
    1282:	09 95       	icall
    1284:	8b 01       	movw	r16, r22
    1286:	9c 01       	movw	r18, r24
    1288:	7f 91       	pop	r23
    128a:	6f 91       	pop	r22
    128c:	5f 91       	pop	r21
    128e:	4f 91       	pop	r20
    1290:	8a cd       	rjmp	.-1260   	; 0xda6 <cluster_tail_18>

00001292 <sys_libm_target_table>:
    1292:	b3 22       	and	r11, r19
    1294:	b9 22       	and	r11, r25
    1296:	e4 22       	and	r14, r20
    1298:	1f 23       	and	r17, r31
    129a:	aa 23       	and	r26, r26
    129c:	18 24       	eor	r1, r8
    129e:	dd 23       	and	r29, r29
    12a0:	1e 24       	eor	r1, r14
    12a2:	24 24       	eor	r2, r4
    12a4:	70 24       	eor	r7, r0
    12a6:	d6 24       	eor	r13, r6

000012a8 <jmpp_seek_and_dispatch_func>:
    12a8:	07 c0       	rjmp	.+14     	; 0x12b8 <seek_and_dispatch_func>

000012aa <push_pc_seek_and_dispatch_func>:
    12aa:	52 1c       	adc	r5, r2
    12ac:	62 1c       	adc	r6, r2
    12ae:	6a 92       	st	-Y, r6
    12b0:	5a 92       	st	-Y, r5
    12b2:	4a 92       	st	-Y, r4
    12b4:	2c 01       	movw	r4, r24
    12b6:	6a 2e       	mov	r6, r26

000012b8 <seek_and_dispatch_func>:
    12b8:	59 9a       	sbi	0x0b, 1	; 11

000012ba <seek_and_dispatch_func_disabled>:
    12ba:	e3 e0       	ldi	r30, 0x03	; 3
    12bc:	59 98       	cbi	0x0b, 1	; 11
    12be:	ee bd       	out	0x2e, r30	; 46
    12c0:	a0 91 00 0a 	lds	r26, 0x0A00	; 0x800a00 <__DATA_REGION_ORIGIN__+0x9a0>
    12c4:	a5 0d       	add	r26, r5
    12c6:	b0 91 01 0a 	lds	r27, 0x0A01	; 0x800a01 <__DATA_REGION_ORIGIN__+0x9a1>
    12ca:	b6 1d       	adc	r27, r6
    12cc:	16 d0       	rcall	.+44     	; 0x12fa <interp_delay_11>
    12ce:	be bd       	out	0x2e, r27	; 46
    12d0:	0e d0       	rcall	.+28     	; 0x12ee <interp_delay_17>
    12d2:	ae bd       	out	0x2e, r26	; 46
    12d4:	0c d0       	rcall	.+24     	; 0x12ee <interp_delay_17>
    12d6:	4e bc       	out	0x2e, r4	; 46
    12d8:	0b d0       	rcall	.+22     	; 0x12f0 <interp_delay_16>
    12da:	2e bc       	out	0x2e, r2	; 46
    12dc:	0a d0       	rcall	.+20     	; 0x12f2 <interp_delay_15>
    12de:	f8 94       	cli
    12e0:	2e bc       	out	0x2e, r2	; 46
    12e2:	8e b5       	in	r24, 0x2e	; 46
    12e4:	78 94       	sei
    12e6:	87 9d       	mul	r24, r7
    12e8:	f0 01       	movw	r30, r0
    12ea:	ff 5f       	subi	r31, 0xFF	; 255
    12ec:	09 94       	ijmp

000012ee <interp_delay_17>:
    12ee:	00 00       	nop

000012f0 <interp_delay_16>:
    12f0:	00 00       	nop

000012f2 <interp_delay_15>:
    12f2:	00 00       	nop

000012f4 <interp_delay_14>:
    12f4:	00 00       	nop

000012f6 <interp_delay_13>:
    12f6:	00 00       	nop

000012f8 <interp_delay_12>:
    12f8:	00 00       	nop

000012fa <interp_delay_11>:
    12fa:	00 00       	nop

000012fc <interp_delay_10>:
    12fc:	00 00       	nop

000012fe <interp_delay_9>:
    12fe:	00 c0       	rjmp	.+0      	; 0x1300 <interp_delay_7>

00001300 <interp_delay_7>:
    1300:	08 95       	ret

00001302 <unimplemented_instruction_func>:
    1302:	ff cf       	rjmp	.-2      	; 0x1302 <unimplemented_instruction_func>

00001304 <invalid_primary_instruction_func>:
    1304:	ff cf       	rjmp	.-2      	; 0x1304 <invalid_primary_instruction_func>

00001306 <invalid_secondary_instruction_func>:
    1306:	ff cf       	rjmp	.-2      	; 0x1306 <invalid_secondary_instruction_func>

00001308 <invalid_syscall_func>:
    1308:	ff cf       	rjmp	.-2      	; 0x1308 <invalid_syscall_func>

0000130a <cluster_a_tail>:
    130a:	00 00       	nop

0000130c <cluster_a_tail_17_delay_2>:
    130c:	01 c0       	rjmp	.+2      	; 0x1310 <cluster_a_tail_17>

0000130e <cluster_a_start>:
    130e:	00 00       	nop

00001310 <cluster_a_tail_17>:
    1310:	43 0c       	add	r4, r3
    1312:	52 1c       	adc	r5, r2
    1314:	62 1c       	adc	r6, r2
    1316:	f8 94       	cli
    1318:	2e bc       	out	0x2e, r2	; 46
    131a:	8e b5       	in	r24, 0x2e	; 46
    131c:	78 94       	sei
    131e:	87 9d       	mul	r24, r7
    1320:	f0 01       	movw	r30, r0
    1322:	ff 5f       	subi	r31, 0xFF	; 255
    1324:	09 94       	ijmp

00001326 <cluster_a_tail_18_delay_2>:
    1326:	02 c0       	rjmp	.+4      	; 0x132c <cluster_a_tail_18>

00001328 <flags_commit_a_18_delay_1>:
    1328:	8e bb       	out	0x1e, r24	; 30

0000132a <cluster_a_tail_18_delay_1>:
    132a:	00 00       	nop

0000132c <cluster_a_tail_18>:
    132c:	43 0c       	add	r4, r3
    132e:	8e b5       	in	r24, 0x2e	; 46
    1330:	2e bc       	out	0x2e, r2	; 46
    1332:	52 1c       	adc	r5, r2
    1334:	62 1c       	adc	r6, r2
    1336:	87 9d       	mul	r24, r7
    1338:	f0 01       	movw	r30, r0
    133a:	ff 5f       	subi	r31, 0xFF	; 255
    133c:	09 94       	ijmp

0000133e <cluster_a_end>:
    133e:	f7 1f       	adc	r31, r23
    1340:	f6 1f       	adc	r31, r22
    1342:	8f 21       	and	r24, r15
    1344:	5a 20       	and	r5, r10

00001346 <ff_conversion_helper_targets>:
    1346:	f5 20       	and	r15, r5
    1348:	f3 20       	and	r15, r3
    134a:	c2 20       	and	r12, r2
    134c:	c7 20       	and	r12, r7

0000134e <ff_load_helper_target>:
    134e:	aa 0f       	add	r26, r26
    1350:	ea 0f       	add	r30, r26
    1352:	f2 1d       	adc	r31, r2
    1354:	05 90       	lpm	r0, Z+
    1356:	a4 91       	lpm	r26, Z
    1358:	e0 2d       	mov	r30, r0
    135a:	fa 2f       	mov	r31, r26
    135c:	08 95       	ret

0000135e <f0_fetch_s8>:
    135e:	8e b5       	in	r24, 0x2e	; 46
    1360:	2e bc       	out	0x2e, r2	; 46
    1362:	43 0c       	add	r4, r3
    1364:	52 1c       	adc	r5, r2
    1366:	62 1c       	adc	r6, r2
    1368:	08 95       	ret

0000136a <f0_fetch_stack_u8_decode_r_to_xz>:
    136a:	a8 2f       	mov	r26, r24
    136c:	8e b5       	in	r24, 0x2e	; 46
    136e:	2e bc       	out	0x2e, r2	; 46
    1370:	43 0c       	add	r4, r3
    1372:	52 1c       	adc	r5, r2
    1374:	62 1c       	adc	r6, r2
    1376:	a7 70       	andi	r26, 0x07	; 7
    1378:	aa 0f       	add	r26, r26
    137a:	a8 5f       	subi	r26, 0xF8	; 248
    137c:	b2 2d       	mov	r27, r2
    137e:	fe 01       	movw	r30, r28
    1380:	e8 0f       	add	r30, r24
    1382:	f2 1d       	adc	r31, r2
    1384:	08 95       	ret

00001386 <f0_fetch_addr16>:
    1386:	8e b5       	in	r24, 0x2e	; 46
    1388:	2e bc       	out	0x2e, r2	; 46
    138a:	92 e0       	ldi	r25, 0x02	; 2
    138c:	49 0e       	add	r4, r25
    138e:	52 1c       	adc	r5, r2
    1390:	62 1c       	adc	r6, r2
    1392:	00 c0       	rjmp	.+0      	; 0x1394 <f0_fetch_addr16+0xe>
    1394:	00 c0       	rjmp	.+0      	; 0x1396 <f0_fetch_addr16+0x10>
    1396:	00 c0       	rjmp	.+0      	; 0x1398 <f0_fetch_addr16+0x12>
    1398:	00 c0       	rjmp	.+0      	; 0x139a <f0_fetch_addr16+0x14>
    139a:	00 c0       	rjmp	.+0      	; 0x139c <f0_fetch_addr16+0x16>
    139c:	00 c0       	rjmp	.+0      	; 0x139e <f0_fetch_addr16+0x18>
    139e:	9e b5       	in	r25, 0x2e	; 46
    13a0:	2e bc       	out	0x2e, r2	; 46
    13a2:	08 95       	ret

000013a4 <f0_fetch_addr16_decode_r_to_xz>:
    13a4:	ee b5       	in	r30, 0x2e	; 46
    13a6:	2e bc       	out	0x2e, r2	; 46
    13a8:	92 e0       	ldi	r25, 0x02	; 2
    13aa:	49 0e       	add	r4, r25
    13ac:	52 1c       	adc	r5, r2
    13ae:	62 1c       	adc	r6, r2
    13b0:	a0 2d       	mov	r26, r0
    13b2:	a7 70       	andi	r26, 0x07	; 7
    13b4:	aa 0f       	add	r26, r26
    13b6:	a8 5f       	subi	r26, 0xF8	; 248
    13b8:	b2 2d       	mov	r27, r2
    13ba:	00 c0       	rjmp	.+0      	; 0x13bc <f0_fetch_addr16_decode_r_to_xz+0x18>
    13bc:	00 c0       	rjmp	.+0      	; 0x13be <f0_fetch_addr16_decode_r_to_xz+0x1a>
    13be:	c8 95       	lpm
    13c0:	fe b5       	in	r31, 0x2e	; 46
    13c2:	2e bc       	out	0x2e, r2	; 46
    13c4:	08 95       	ret

000013c6 <f0_fetch_addr16_decode_r_to_xz_end>:
    13c6:	cb df       	rcall	.-106    	; 0x135e <f0_fetch_s8>
    13c8:	88 2e       	mov	r8, r24
    13ca:	99 24       	eor	r9, r9
    13cc:	db cc       	rjmp	.-1610   	; 0xd84 <cluster_tail_17_delay_1>

000013ce <f0_ldi8_r1_body>:
    13ce:	c7 df       	rcall	.-114    	; 0x135e <f0_fetch_s8>
    13d0:	a8 2e       	mov	r10, r24
    13d2:	bb 24       	eor	r11, r11
    13d4:	d7 cc       	rjmp	.-1618   	; 0xd84 <cluster_tail_17_delay_1>

000013d6 <f0_ldi8_r2_body>:
    13d6:	c3 df       	rcall	.-122    	; 0x135e <f0_fetch_s8>
    13d8:	c8 2e       	mov	r12, r24
    13da:	dd 24       	eor	r13, r13
    13dc:	d3 cc       	rjmp	.-1626   	; 0xd84 <cluster_tail_17_delay_1>

000013de <f0_ldi8_r3_body>:
    13de:	bf df       	rcall	.-130    	; 0x135e <f0_fetch_s8>
    13e0:	e8 2e       	mov	r14, r24
    13e2:	ff 24       	eor	r15, r15
    13e4:	cf cc       	rjmp	.-1634   	; 0xd84 <cluster_tail_17_delay_1>

000013e6 <f0_ldi16_r0_body>:
    13e6:	cf df       	rcall	.-98     	; 0x1386 <f0_fetch_addr16>
    13e8:	88 2e       	mov	r8, r24
    13ea:	99 2e       	mov	r9, r25
    13ec:	03 cd       	rjmp	.-1530   	; 0xdf4 <immediate_result_tail_reverse_delay_4>

000013ee <f0_ldi16_r1_body>:
    13ee:	cb df       	rcall	.-106    	; 0x1386 <f0_fetch_addr16>
    13f0:	a8 2e       	mov	r10, r24
    13f2:	b9 2e       	mov	r11, r25
    13f4:	ff cc       	rjmp	.-1538   	; 0xdf4 <immediate_result_tail_reverse_delay_4>

000013f6 <f0_ldi16_r2_body>:
    13f6:	c7 df       	rcall	.-114    	; 0x1386 <f0_fetch_addr16>
    13f8:	c8 2e       	mov	r12, r24
    13fa:	d9 2e       	mov	r13, r25
    13fc:	fb cc       	rjmp	.-1546   	; 0xdf4 <immediate_result_tail_reverse_delay_4>

000013fe <f0_ldi16_r3_body>:
    13fe:	c3 df       	rcall	.-122    	; 0x1386 <f0_fetch_addr16>
    1400:	e8 2e       	mov	r14, r24
    1402:	f9 2e       	mov	r15, r25
    1404:	f7 cc       	rjmp	.-1554   	; 0xdf4 <immediate_result_tail_reverse_delay_4>

00001406 <f0_addi_s8_r0_body>:
    1406:	ab df       	rcall	.-170    	; 0x135e <f0_fetch_s8>
    1408:	99 27       	eor	r25, r25
    140a:	87 fd       	sbrc	r24, 7
    140c:	90 95       	com	r25
    140e:	88 0e       	add	r8, r24
    1410:	99 1e       	adc	r9, r25
    1412:	8b cf       	rjmp	.-234    	; 0x132a <cluster_a_tail_18_delay_1>

00001414 <f0_addi_s8_r1_body>:
    1414:	a4 df       	rcall	.-184    	; 0x135e <f0_fetch_s8>
    1416:	99 27       	eor	r25, r25
    1418:	87 fd       	sbrc	r24, 7
    141a:	90 95       	com	r25
    141c:	a8 0e       	add	r10, r24
    141e:	b9 1e       	adc	r11, r25
    1420:	84 cf       	rjmp	.-248    	; 0x132a <cluster_a_tail_18_delay_1>

00001422 <f0_addi_s8_r2_body>:
    1422:	9d df       	rcall	.-198    	; 0x135e <f0_fetch_s8>
    1424:	99 27       	eor	r25, r25
    1426:	87 fd       	sbrc	r24, 7
    1428:	90 95       	com	r25
    142a:	c8 0e       	add	r12, r24
    142c:	d9 1e       	adc	r13, r25
    142e:	7d cf       	rjmp	.-262    	; 0x132a <cluster_a_tail_18_delay_1>

00001430 <f0_addi_s8_r3_body>:
    1430:	96 df       	rcall	.-212    	; 0x135e <f0_fetch_s8>
    1432:	99 27       	eor	r25, r25
    1434:	87 fd       	sbrc	r24, 7
    1436:	90 95       	com	r25
    1438:	e8 0e       	add	r14, r24
    143a:	f9 1e       	adc	r15, r25
    143c:	76 cf       	rjmp	.-276    	; 0x132a <cluster_a_tail_18_delay_1>

0000143e <f0_cmpi_s8_r0_body>:
    143e:	8f df       	rcall	.-226    	; 0x135e <f0_fetch_s8>
    1440:	99 27       	eor	r25, r25
    1442:	87 fd       	sbrc	r24, 7
    1444:	90 95       	com	r25
    1446:	88 16       	cp	r8, r24
    1448:	99 06       	cpc	r9, r25
    144a:	8f b7       	in	r24, 0x3f	; 63
    144c:	90 cc       	rjmp	.-1760   	; 0xd6e <flags_commit_18>

0000144e <f0_cmpi_s8_r1_body>:
    144e:	87 df       	rcall	.-242    	; 0x135e <f0_fetch_s8>
    1450:	99 27       	eor	r25, r25
    1452:	87 fd       	sbrc	r24, 7
    1454:	90 95       	com	r25
    1456:	a8 16       	cp	r10, r24
    1458:	b9 06       	cpc	r11, r25
    145a:	8f b7       	in	r24, 0x3f	; 63
    145c:	88 cc       	rjmp	.-1776   	; 0xd6e <flags_commit_18>

0000145e <f0_cmpi_s8_r2_body>:
    145e:	7f df       	rcall	.-258    	; 0x135e <f0_fetch_s8>
    1460:	99 27       	eor	r25, r25
    1462:	87 fd       	sbrc	r24, 7
    1464:	90 95       	com	r25
    1466:	c8 16       	cp	r12, r24
    1468:	d9 06       	cpc	r13, r25
    146a:	8f b7       	in	r24, 0x3f	; 63
    146c:	80 cc       	rjmp	.-1792   	; 0xd6e <flags_commit_18>

0000146e <f0_cmpi_s8_r3_body>:
    146e:	77 df       	rcall	.-274    	; 0x135e <f0_fetch_s8>
    1470:	99 27       	eor	r25, r25
    1472:	87 fd       	sbrc	r24, 7
    1474:	90 95       	com	r25
    1476:	e8 16       	cp	r14, r24
    1478:	f9 06       	cpc	r15, r25
    147a:	8f b7       	in	r24, 0x3f	; 63
    147c:	78 cc       	rjmp	.-1808   	; 0xd6e <flags_commit_18>

0000147e <f0_leasp_r_body>:
    147e:	75 df       	rcall	.-278    	; 0x136a <f0_fetch_stack_u8_decode_r_to_xz>
    1480:	ed 93       	st	X+, r30
    1482:	fc 93       	st	X, r31
    1484:	90 cc       	rjmp	.-1760   	; 0xda6 <cluster_tail_18>

00001486 <f0_ldsp8u_r_body>:
    1486:	71 df       	rcall	.-286    	; 0x136a <f0_fetch_stack_u8_decode_r_to_xz>
    1488:	00 80       	ld	r0, Z
    148a:	0d 92       	st	X+, r0
    148c:	2c 92       	st	X, r2
    148e:	8b cc       	rjmp	.-1770   	; 0xda6 <cluster_tail_18>

00001490 <f0_ldsp8s_r_body>:
    1490:	6c df       	rcall	.-296    	; 0x136a <f0_fetch_stack_u8_decode_r_to_xz>
    1492:	00 80       	ld	r0, Z
    1494:	0d 92       	st	X+, r0
    1496:	00 0c       	add	r0, r0
    1498:	00 08       	sbc	r0, r0
    149a:	0c 92       	st	X, r0
    149c:	84 cc       	rjmp	.-1784   	; 0xda6 <cluster_tail_18>

0000149e <f0_stsp8_r_body>:
    149e:	65 df       	rcall	.-310    	; 0x136a <f0_fetch_stack_u8_decode_r_to_xz>
    14a0:	0c 90       	ld	r0, X
    14a2:	00 82       	st	Z, r0
    14a4:	80 cc       	rjmp	.-1792   	; 0xda6 <cluster_tail_18>

000014a6 <f0_ldsp16_r_body>:
    14a6:	61 df       	rcall	.-318    	; 0x136a <f0_fetch_stack_u8_decode_r_to_xz>
    14a8:	01 90       	ld	r0, Z+
    14aa:	10 80       	ld	r1, Z
    14ac:	0d 92       	st	X+, r0
    14ae:	1c 92       	st	X, r1
    14b0:	7a cc       	rjmp	.-1804   	; 0xda6 <cluster_tail_18>

000014b2 <f0_stsp16_r_body>:
    14b2:	5b df       	rcall	.-330    	; 0x136a <f0_fetch_stack_u8_decode_r_to_xz>
    14b4:	0d 90       	ld	r0, X+
    14b6:	1c 90       	ld	r1, X
    14b8:	01 92       	st	Z+, r0
    14ba:	10 82       	st	Z, r1
    14bc:	74 cc       	rjmp	.-1816   	; 0xda6 <cluster_tail_18>

000014be <f0_absolute_bodies_start>:
    14be:	00 c0       	rjmp	.+0      	; 0x14c0 <f0_absolute_bodies_start+0x2>
    14c0:	34 cf       	rjmp	.-408    	; 0x132a <cluster_a_tail_18_delay_1>

000014c2 <f0_ldm8u_r_body>:
    14c2:	70 df       	rcall	.-288    	; 0x13a4 <f0_fetch_addr16_decode_r_to_xz>
    14c4:	00 80       	ld	r0, Z
    14c6:	0d 92       	st	X+, r0
    14c8:	2c 92       	st	X, r2
    14ca:	68 cc       	rjmp	.-1840   	; 0xd9c <cluster_tail_18_delay_3>

000014cc <f0_stm8_r_body>:
    14cc:	6b df       	rcall	.-298    	; 0x13a4 <f0_fetch_addr16_decode_r_to_xz>
    14ce:	0c 90       	ld	r0, X
    14d0:	00 82       	st	Z, r0
    14d2:	f5 cf       	rjmp	.-22     	; 0x14be <f0_absolute_bodies_start>

000014d4 <f0_ldm16_r_body>:
    14d4:	67 df       	rcall	.-306    	; 0x13a4 <f0_fetch_addr16_decode_r_to_xz>
    14d6:	01 90       	ld	r0, Z+
    14d8:	10 80       	ld	r1, Z
    14da:	0d 92       	st	X+, r0
    14dc:	1c 92       	st	X, r1
    14de:	25 cf       	rjmp	.-438    	; 0x132a <cluster_a_tail_18_delay_1>

000014e0 <f0_stm16_r_body>:
    14e0:	61 df       	rcall	.-318    	; 0x13a4 <f0_fetch_addr16_decode_r_to_xz>
    14e2:	0d 90       	ld	r0, X+
    14e4:	1c 90       	ld	r1, X
    14e6:	01 92       	st	Z+, r0
    14e8:	10 82       	st	Z, r1
    14ea:	1f cf       	rjmp	.-450    	; 0x132a <cluster_a_tail_18_delay_1>

000014ec <f0_absolute_bodies_end>:
    14ec:	38 df       	rcall	.-400    	; 0x135e <f0_fetch_s8>
    14ee:	03 2c       	mov	r0, r3
    14f0:	d8 94       	clh
    14f2:	e8 94       	clt
    14f4:	3c d0       	rcall	.+120    	; 0x156e <f0_program_prepare_func>
    14f6:	21 82       	std	Z+1, r2	; 0x01
    14f8:	df ce       	rjmp	.-578    	; 0x12b8 <seek_and_dispatch_func>

000014fa <f0_ldp8s_body>:
    14fa:	31 df       	rcall	.-414    	; 0x135e <f0_fetch_s8>
    14fc:	03 2c       	mov	r0, r3
    14fe:	d8 94       	clh
    1500:	e8 94       	clt
    1502:	35 d0       	rcall	.+106    	; 0x156e <f0_program_prepare_func>
    1504:	bb 0f       	add	r27, r27
    1506:	bb 0b       	sbc	r27, r27
    1508:	b1 83       	std	Z+1, r27	; 0x01
    150a:	d6 ce       	rjmp	.-596    	; 0x12b8 <seek_and_dispatch_func>

0000150c <f0_ldp16_body>:
    150c:	28 df       	rcall	.-432    	; 0x135e <f0_fetch_s8>
    150e:	03 2c       	mov	r0, r3
    1510:	00 0c       	add	r0, r0
    1512:	d8 94       	clh
    1514:	e8 94       	clt
    1516:	2b d0       	rcall	.+86     	; 0x156e <f0_program_prepare_func>
    1518:	cf ce       	rjmp	.-610    	; 0x12b8 <seek_and_dispatch_func>

0000151a <f0_ldp24_body>:
    151a:	21 df       	rcall	.-446    	; 0x135e <f0_fetch_s8>
    151c:	07 2c       	mov	r0, r7
    151e:	0a 94       	dec	r0
    1520:	58 94       	seh
    1522:	e8 94       	clt
    1524:	24 d0       	rcall	.+72     	; 0x156e <f0_program_prepare_func>
    1526:	21 82       	std	Z+1, r2	; 0x01
    1528:	c7 ce       	rjmp	.-626    	; 0x12b8 <seek_and_dispatch_func>

0000152a <f0_ldp32_body>:
    152a:	19 df       	rcall	.-462    	; 0x135e <f0_fetch_s8>
    152c:	07 2c       	mov	r0, r7
    152e:	58 94       	seh
    1530:	e8 94       	clt
    1532:	1d d0       	rcall	.+58     	; 0x156e <f0_program_prepare_func>
    1534:	c1 ce       	rjmp	.-638    	; 0x12b8 <seek_and_dispatch_func>

00001536 <f0_ldp8u_post_body>:
    1536:	13 df       	rcall	.-474    	; 0x135e <f0_fetch_s8>
    1538:	03 2c       	mov	r0, r3
    153a:	d8 94       	clh
    153c:	68 94       	set
    153e:	17 d0       	rcall	.+46     	; 0x156e <f0_program_prepare_func>
    1540:	21 82       	std	Z+1, r2	; 0x01
    1542:	ba ce       	rjmp	.-652    	; 0x12b8 <seek_and_dispatch_func>

00001544 <f0_ldp16_post_body>:
    1544:	0c df       	rcall	.-488    	; 0x135e <f0_fetch_s8>
    1546:	03 2c       	mov	r0, r3
    1548:	00 0c       	add	r0, r0
    154a:	d8 94       	clh
    154c:	68 94       	set
    154e:	0f d0       	rcall	.+30     	; 0x156e <f0_program_prepare_func>
    1550:	b3 ce       	rjmp	.-666    	; 0x12b8 <seek_and_dispatch_func>

00001552 <f0_ldp24_post_body>:
    1552:	05 df       	rcall	.-502    	; 0x135e <f0_fetch_s8>
    1554:	07 2c       	mov	r0, r7
    1556:	0a 94       	dec	r0
    1558:	58 94       	seh
    155a:	68 94       	set
    155c:	08 d0       	rcall	.+16     	; 0x156e <f0_program_prepare_func>
    155e:	21 82       	std	Z+1, r2	; 0x01
    1560:	ab ce       	rjmp	.-682    	; 0x12b8 <seek_and_dispatch_func>

00001562 <f0_ldp32_post_body>:
    1562:	fd de       	rcall	.-518    	; 0x135e <f0_fetch_s8>
    1564:	07 2c       	mov	r0, r7
    1566:	58 94       	seh
    1568:	68 94       	set
    156a:	01 d0       	rcall	.+2      	; 0x156e <f0_program_prepare_func>
    156c:	a5 ce       	rjmp	.-694    	; 0x12b8 <seek_and_dispatch_func>

0000156e <f0_program_prepare_func>:
    156e:	98 2f       	mov	r25, r24
    1570:	15 f4       	brhc	.+4      	; 0x1576 <.Lf0_program_scalar_spec>
    1572:	93 73       	andi	r25, 0x33	; 51
    1574:	01 c0       	rjmp	.+2      	; 0x1578 <.Lf0_program_spec_checked>

00001576 <.Lf0_program_scalar_spec>:
    1576:	93 71       	andi	r25, 0x13	; 19

00001578 <.Lf0_program_spec_checked>:
    1578:	29 f5       	brne	.+74     	; 0x15c4 <f0_program_invalid>
    157a:	43 0c       	add	r4, r3
    157c:	52 1c       	adc	r5, r2
    157e:	62 1c       	adc	r6, r2
    1580:	98 2f       	mov	r25, r24
    1582:	92 95       	swap	r25
    1584:	9f 70       	andi	r25, 0x0F	; 15
    1586:	98 5f       	subi	r25, 0xF8	; 248
    1588:	19 2e       	mov	r1, r25
    158a:	e8 2f       	mov	r30, r24
    158c:	ef 70       	andi	r30, 0x0F	; 15
    158e:	e8 5f       	subi	r30, 0xF8	; 248
    1590:	f2 2d       	mov	r31, r2
    1592:	36 f4       	brtc	.+12     	; 0x15a0 <.Lf0_program_alias_valid>
    1594:	1e 16       	cp	r1, r30
    1596:	b1 f0       	breq	.+44     	; 0x15c4 <f0_program_invalid>
    1598:	9e 2f       	mov	r25, r30
    159a:	9e 5f       	subi	r25, 0xFE	; 254
    159c:	19 16       	cp	r1, r25
    159e:	91 f0       	breq	.+36     	; 0x15c4 <f0_program_invalid>

000015a0 <.Lf0_program_alias_valid>:
    15a0:	81 91       	ld	r24, Z+
    15a2:	91 91       	ld	r25, Z+
    15a4:	a1 91       	ld	r26, Z+
    15a6:	56 f4       	brtc	.+20     	; 0x15bc <.Lf0_program_no_update>
    15a8:	e3 50       	subi	r30, 0x03	; 3
    15aa:	b8 2f       	mov	r27, r24
    15ac:	b0 0d       	add	r27, r0
    15ae:	b1 93       	st	Z+, r27
    15b0:	b9 2f       	mov	r27, r25
    15b2:	b2 1d       	adc	r27, r2
    15b4:	b1 93       	st	Z+, r27
    15b6:	ba 2f       	mov	r27, r26
    15b8:	b2 1d       	adc	r27, r2
    15ba:	b0 83       	st	Z, r27

000015bc <.Lf0_program_no_update>:
    15bc:	e1 2d       	mov	r30, r1
    15be:	f2 2d       	mov	r31, r2
    15c0:	12 2c       	mov	r1, r2
    15c2:	01 c0       	rjmp	.+2      	; 0x15c6 <f0_program_loads_end>

000015c4 <f0_program_invalid>:
    15c4:	a0 ce       	rjmp	.-704    	; 0x1306 <invalid_secondary_instruction_func>

000015c6 <f0_program_loads_end>:
    15c6:	59 9a       	sbi	0x0b, 1	; 11
    15c8:	b3 e0       	ldi	r27, 0x03	; 3
    15ca:	59 98       	cbi	0x0b, 1	; 11
    15cc:	be bd       	out	0x2e, r27	; 46
    15ce:	19 d0       	rcall	.+50     	; 0x1602 <fx_read_program_start_after_command_func>
    15d0:	03 18       	sub	r0, r3
    15d2:	12 08       	sbc	r1, r2
    15d4:	09 f4       	brne	.+2      	; 0x15d8 <.Lfx_read_program_loop>
    15d6:	0a c0       	rjmp	.+20     	; 0x15ec <.Lfx_read_program_final_short>

000015d8 <.Lfx_read_program_loop>:
    15d8:	2a d0       	rcall	.+84     	; 0x162e <fx_read_program_delay_7>
    15da:	f8 94       	cli
    15dc:	2e bc       	out	0x2e, r2	; 46
    15de:	be b5       	in	r27, 0x2e	; 46
    15e0:	78 94       	sei
    15e2:	b1 93       	st	Z+, r27
    15e4:	03 18       	sub	r0, r3
    15e6:	12 08       	sbc	r1, r2
    15e8:	b9 f7       	brne	.-18     	; 0x15d8 <.Lfx_read_program_loop>
    15ea:	00 c0       	rjmp	.+0      	; 0x15ec <.Lfx_read_program_final_short>

000015ec <.Lfx_read_program_final_short>:
    15ec:	20 d0       	rcall	.+64     	; 0x162e <fx_read_program_delay_7>
    15ee:	be b5       	in	r27, 0x2e	; 46
    15f0:	b0 83       	st	Z, r27
    15f2:	59 9a       	sbi	0x0b, 1	; 11
    15f4:	08 95       	ret

000015f6 <fx_start_program_read_func>:
    15f6:	59 9a       	sbi	0x0b, 1	; 11
    15f8:	b3 e0       	ldi	r27, 0x03	; 3
    15fa:	59 98       	cbi	0x0b, 1	; 11
    15fc:	be bd       	out	0x2e, r27	; 46
    15fe:	00 c0       	rjmp	.+0      	; 0x1600 <fx_read_program_start_tail_entry>

00001600 <fx_read_program_start_tail_entry>:
    1600:	00 00       	nop

00001602 <fx_read_program_start_after_command_func>:
    1602:	b0 91 00 0a 	lds	r27, 0x0A00	; 0x800a00 <__DATA_REGION_ORIGIN__+0x9a0>
    1606:	9b 0f       	add	r25, r27
    1608:	b0 91 01 0a 	lds	r27, 0x0A01	; 0x800a01 <__DATA_REGION_ORIGIN__+0x9a1>
    160c:	ab 1f       	adc	r26, r27
    160e:	0f d0       	rcall	.+30     	; 0x162e <fx_read_program_delay_7>
    1610:	00 00       	nop
    1612:	ae bd       	out	0x2e, r26	; 46
    1614:	06 d0       	rcall	.+12     	; 0x1622 <fx_read_program_delay_17>
    1616:	9e bd       	out	0x2e, r25	; 46
    1618:	04 d0       	rcall	.+8      	; 0x1622 <fx_read_program_delay_17>
    161a:	8e bd       	out	0x2e, r24	; 46
    161c:	03 d0       	rcall	.+6      	; 0x1624 <fx_read_program_delay_16>
    161e:	2e bc       	out	0x2e, r2	; 46
    1620:	08 95       	ret

00001622 <fx_read_program_delay_17>:
    1622:	00 00       	nop

00001624 <fx_read_program_delay_16>:
    1624:	00 c0       	rjmp	.+0      	; 0x1626 <fx_read_program_delay_16+0x2>
    1626:	00 c0       	rjmp	.+0      	; 0x1628 <fx_read_program_delay_16+0x4>
    1628:	00 00       	nop

0000162a <fx_read_program_delay_11>:
    162a:	00 c0       	rjmp	.+0      	; 0x162c <fx_read_program_delay_9>

0000162c <fx_read_program_delay_9>:
    162c:	00 c0       	rjmp	.+0      	; 0x162e <fx_read_program_delay_7>

0000162e <fx_read_program_delay_7>:
    162e:	08 95       	ret

00001630 <fx_read_program_bytes_end>:
    1630:	00 00       	nop
    1632:	00 00       	nop
    1634:	00 00       	nop
    1636:	43 0c       	add	r4, r3
    1638:	52 1c       	adc	r5, r2
    163a:	62 1c       	adc	r6, r2
    163c:	ca 01       	movw	r24, r20
    163e:	a6 2f       	mov	r26, r22
    1640:	da cf       	rjmp	.-76     	; 0x15f6 <fx_start_program_read_func>

00001642 <.Lsys_progmem_compare_mismatch>:
    1642:	18 f0       	brcs	.+6      	; 0x164a <.Lsys_progmem_compare_less>
    1644:	03 2d       	mov	r16, r3
    1646:	12 2d       	mov	r17, r2
    1648:	05 c0       	rjmp	.+10     	; 0x1654 <.Lsys_progmem_finish>

0000164a <.Lsys_progmem_compare_less>:
    164a:	0f ef       	ldi	r16, 0xFF	; 255
    164c:	1f ef       	ldi	r17, 0xFF	; 255
    164e:	02 c0       	rjmp	.+4      	; 0x1654 <.Lsys_progmem_finish>

00001650 <.Lsys_progmem_compare_equal>:
    1650:	00 27       	eor	r16, r16
    1652:	11 27       	eor	r17, r17

00001654 <.Lsys_progmem_finish>:
    1654:	59 9a       	sbi	0x0b, 1	; 11
    1656:	30 ce       	rjmp	.-928    	; 0x12b8 <seek_and_dispatch_func>

00001658 <sys_memcmp_p_impl>:
    1658:	09 01       	movw	r0, r18
    165a:	b0 2d       	mov	r27, r0
    165c:	b1 29       	or	r27, r1
    165e:	91 f0       	breq	.+36     	; 0x1684 <.Lsys_memcmp_p_zero>
    1660:	f8 01       	movw	r30, r16
    1662:	e6 df       	rcall	.-52     	; 0x1630 <fx_read_program_bytes_end>
    1664:	81 91       	ld	r24, Z+
    1666:	e3 df       	rcall	.-58     	; 0x162e <fx_read_program_delay_7>
    1668:	00 c0       	rjmp	.+0      	; 0x166a <.Lsys_memcmp_p_loop>

0000166a <.Lsys_memcmp_p_loop>:
    166a:	f8 94       	cli
    166c:	2e bc       	out	0x2e, r2	; 46
    166e:	be b5       	in	r27, 0x2e	; 46
    1670:	78 94       	sei
    1672:	8b 17       	cp	r24, r27
    1674:	31 f7       	brne	.-52     	; 0x1642 <.Lsys_progmem_compare_mismatch>
    1676:	03 18       	sub	r0, r3
    1678:	12 08       	sbc	r1, r2
    167a:	51 f3       	breq	.-44     	; 0x1650 <.Lsys_progmem_compare_equal>
    167c:	81 91       	ld	r24, Z+
    167e:	00 c0       	rjmp	.+0      	; 0x1680 <.Lsys_memcmp_p_loop+0x16>
    1680:	00 c0       	rjmp	.+0      	; 0x1682 <.Lsys_memcmp_p_loop+0x18>
    1682:	f3 cf       	rjmp	.-26     	; 0x166a <.Lsys_memcmp_p_loop>

00001684 <.Lsys_memcmp_p_zero>:
    1684:	00 27       	eor	r16, r16
    1686:	11 27       	eor	r17, r17
    1688:	8e cb       	rjmp	.-2276   	; 0xda6 <cluster_tail_18>

0000168a <sys_strcmp_p_impl>:
    168a:	f8 01       	movw	r30, r16
    168c:	d1 df       	rcall	.-94     	; 0x1630 <fx_read_program_bytes_end>
    168e:	01 90       	ld	r0, Z+
    1690:	ce df       	rcall	.-100    	; 0x162e <fx_read_program_delay_7>
    1692:	00 c0       	rjmp	.+0      	; 0x1694 <.Lsys_strcmp_p_loop>

00001694 <.Lsys_strcmp_p_loop>:
    1694:	f8 94       	cli
    1696:	2e bc       	out	0x2e, r2	; 46
    1698:	be b5       	in	r27, 0x2e	; 46
    169a:	78 94       	sei
    169c:	0b 16       	cp	r0, r27
    169e:	89 f6       	brne	.-94     	; 0x1642 <.Lsys_progmem_compare_mismatch>
    16a0:	bb 23       	and	r27, r27
    16a2:	b1 f2       	breq	.-84     	; 0x1650 <.Lsys_progmem_compare_equal>
    16a4:	01 90       	ld	r0, Z+
    16a6:	00 c0       	rjmp	.+0      	; 0x16a8 <.Lsys_strcmp_p_loop+0x14>
    16a8:	00 c0       	rjmp	.+0      	; 0x16aa <.Lsys_strcmp_p_loop+0x16>
    16aa:	00 00       	nop
    16ac:	f3 cf       	rjmp	.-26     	; 0x1694 <.Lsys_strcmp_p_loop>

000016ae <sys_strlen_p_impl>:
    16ae:	00 27       	eor	r16, r16
    16b0:	11 27       	eor	r17, r17
    16b2:	be df       	rcall	.-132    	; 0x1630 <fx_read_program_bytes_end>
    16b4:	bb df       	rcall	.-138    	; 0x162c <fx_read_program_delay_9>
    16b6:	00 c0       	rjmp	.+0      	; 0x16b8 <.Lsys_strlen_p_loop>

000016b8 <.Lsys_strlen_p_loop>:
    16b8:	f8 94       	cli
    16ba:	2e bc       	out	0x2e, r2	; 46
    16bc:	be b5       	in	r27, 0x2e	; 46
    16be:	78 94       	sei
    16c0:	bb 23       	and	r27, r27
    16c2:	21 f0       	breq	.+8      	; 0x16cc <.Lsys_strlen_p_finish_wait>
    16c4:	03 0d       	add	r16, r3
    16c6:	12 1d       	adc	r17, r2
    16c8:	b2 df       	rcall	.-156    	; 0x162e <fx_read_program_delay_7>
    16ca:	f6 cf       	rjmp	.-20     	; 0x16b8 <.Lsys_strlen_p_loop>

000016cc <.Lsys_strlen_p_finish_wait>:
    16cc:	c3 cf       	rjmp	.-122    	; 0x1654 <.Lsys_progmem_finish>

000016ce <fx_copy_program_string_n_func>:
    16ce:	e8 94       	clt
    16d0:	af df       	rcall	.-162    	; 0x1630 <fx_read_program_bytes_end>
    16d2:	ac df       	rcall	.-168    	; 0x162c <fx_read_program_delay_9>
    16d4:	00 c0       	rjmp	.+0      	; 0x16d6 <.Lfx_copy_program_string_n_loop>

000016d6 <.Lfx_copy_program_string_n_loop>:
    16d6:	f8 94       	cli
    16d8:	2e bc       	out	0x2e, r2	; 46
    16da:	be b5       	in	r27, 0x2e	; 46
    16dc:	78 94       	sei
    16de:	b1 93       	st	Z+, r27
    16e0:	03 18       	sub	r0, r3
    16e2:	12 08       	sbc	r1, r2
    16e4:	b2 11       	cpse	r27, r2
    16e6:	02 c0       	rjmp	.+4      	; 0x16ec <.Lfx_copy_program_string_n_nonzero>
    16e8:	68 94       	set
    16ea:	04 c0       	rjmp	.+8      	; 0x16f4 <.Lfx_copy_program_string_n_done>

000016ec <.Lfx_copy_program_string_n_nonzero>:
    16ec:	19 f0       	breq	.+6      	; 0x16f4 <.Lfx_copy_program_string_n_done>
    16ee:	00 c0       	rjmp	.+0      	; 0x16f0 <.Lfx_copy_program_string_n_nonzero+0x4>
    16f0:	00 00       	nop
    16f2:	f1 cf       	rjmp	.-30     	; 0x16d6 <.Lfx_copy_program_string_n_loop>

000016f4 <.Lfx_copy_program_string_n_done>:
    16f4:	59 9a       	sbi	0x0b, 1	; 11
    16f6:	08 95       	ret

000016f8 <sys_strncpy_p_impl>:
    16f8:	09 01       	movw	r0, r18
    16fa:	b0 2d       	mov	r27, r0
    16fc:	b1 29       	or	r27, r1
    16fe:	51 f0       	breq	.+20     	; 0x1714 <.Lsys_strncpy_p_zero>
    1700:	f8 01       	movw	r30, r16
    1702:	e5 df       	rcall	.-54     	; 0x16ce <fx_copy_program_string_n_func>
    1704:	80 2d       	mov	r24, r0
    1706:	81 29       	or	r24, r1
    1708:	21 f0       	breq	.+8      	; 0x1712 <.Lsys_strncpy_p_done>

0000170a <.Lsys_strncpy_p_pad>:
    170a:	21 92       	st	Z+, r2
    170c:	03 18       	sub	r0, r3
    170e:	12 08       	sbc	r1, r2
    1710:	e1 f7       	brne	.-8      	; 0x170a <.Lsys_strncpy_p_pad>

00001712 <.Lsys_strncpy_p_done>:
    1712:	d2 cd       	rjmp	.-1116   	; 0x12b8 <seek_and_dispatch_func>

00001714 <.Lsys_strncpy_p_zero>:
    1714:	48 cb       	rjmp	.-2416   	; 0xda6 <cluster_tail_18>

00001716 <sys_strncat_p_impl>:
    1716:	09 01       	movw	r0, r18
    1718:	b0 2d       	mov	r27, r0
    171a:	b1 29       	or	r27, r1
    171c:	49 f0       	breq	.+18     	; 0x1730 <.Lsys_strncat_p_zero>
    171e:	f8 01       	movw	r30, r16

00001720 <.Lsys_strncat_p_scan>:
    1720:	81 91       	ld	r24, Z+
    1722:	88 23       	and	r24, r24
    1724:	e9 f7       	brne	.-6      	; 0x1720 <.Lsys_strncat_p_scan>
    1726:	31 97       	sbiw	r30, 0x01	; 1
    1728:	d2 df       	rcall	.-92     	; 0x16ce <fx_copy_program_string_n_func>
    172a:	0e f0       	brts	.+2      	; 0x172e <.Lsys_strncat_p_done>
    172c:	20 82       	st	Z, r2

0000172e <.Lsys_strncat_p_done>:
    172e:	c4 cd       	rjmp	.-1144   	; 0x12b8 <seek_and_dispatch_func>

00001730 <.Lsys_strncat_p_zero>:
    1730:	3a cb       	rjmp	.-2444   	; 0xda6 <cluster_tail_18>

00001732 <sys_progmem_services_end>:
    1732:	00 2d       	mov	r16, r0
    1734:	11 27       	eor	r17, r17
    1736:	12 09       	sbc	r17, r2
    1738:	36 cb       	rjmp	.-2452   	; 0xda6 <cluster_tail_18>

0000173a <.Lsys_ram_compare_zero>:
    173a:	00 18       	sub	r0, r0
    173c:	fa cf       	rjmp	.-12     	; 0x1732 <sys_progmem_services_end>

0000173e <sys_memcmp_impl>:
    173e:	d8 01       	movw	r26, r16
    1740:	f9 01       	movw	r30, r18
    1742:	ca 01       	movw	r24, r20
    1744:	00 97       	sbiw	r24, 0x00	; 0
    1746:	c9 f3       	breq	.-14     	; 0x173a <.Lsys_ram_compare_zero>

00001748 <.Lsys_memcmp_loop>:
    1748:	0d 90       	ld	r0, X+
    174a:	11 90       	ld	r1, Z+
    174c:	01 18       	sub	r0, r1
    174e:	89 f7       	brne	.-30     	; 0x1732 <sys_progmem_services_end>
    1750:	01 97       	sbiw	r24, 0x01	; 1
    1752:	d1 f7       	brne	.-12     	; 0x1748 <.Lsys_memcmp_loop>
    1754:	ee cf       	rjmp	.-36     	; 0x1732 <sys_progmem_services_end>

00001756 <sys_strcmp_impl>:
    1756:	d8 01       	movw	r26, r16
    1758:	f9 01       	movw	r30, r18

0000175a <.Lsys_strcmp_loop>:
    175a:	0d 90       	ld	r0, X+
    175c:	11 90       	ld	r1, Z+
    175e:	01 18       	sub	r0, r1
    1760:	41 f7       	brne	.-48     	; 0x1732 <sys_progmem_services_end>
    1762:	11 20       	and	r1, r1
    1764:	d1 f7       	brne	.-12     	; 0x175a <.Lsys_strcmp_loop>
    1766:	e5 cf       	rjmp	.-54     	; 0x1732 <sys_progmem_services_end>

00001768 <sys_strlen_impl>:
    1768:	d8 01       	movw	r26, r16

0000176a <.Lsys_strlen_loop>:
    176a:	0d 90       	ld	r0, X+
    176c:	00 20       	and	r0, r0
    176e:	e9 f7       	brne	.-6      	; 0x176a <.Lsys_strlen_loop>
    1770:	cd 01       	movw	r24, r26
    1772:	80 1b       	sub	r24, r16
    1774:	91 0b       	sbc	r25, r17
    1776:	01 97       	sbiw	r24, 0x01	; 1
    1778:	8c 01       	movw	r16, r24
    177a:	15 cb       	rjmp	.-2518   	; 0xda6 <cluster_tail_18>

0000177c <sys_copy_string_n_func>:
    177c:	e8 94       	clt

0000177e <.Lsys_copy_string_n_loop>:
    177e:	0d 90       	ld	r0, X+
    1780:	01 92       	st	Z+, r0
    1782:	01 97       	sbiw	r24, 0x01	; 1
    1784:	02 10       	cpse	r0, r2
    1786:	02 c0       	rjmp	.+4      	; 0x178c <.Lsys_copy_string_n_nonzero>
    1788:	68 94       	set
    178a:	08 95       	ret

0000178c <.Lsys_copy_string_n_nonzero>:
    178c:	c1 f7       	brne	.-16     	; 0x177e <.Lsys_copy_string_n_loop>
    178e:	08 95       	ret

00001790 <sys_strncpy_impl>:
    1790:	ca 01       	movw	r24, r20
    1792:	00 97       	sbiw	r24, 0x00	; 0
    1794:	a1 f0       	breq	.+40     	; 0x17be <.Lsys_ram_string_done>
    1796:	d9 01       	movw	r26, r18
    1798:	f8 01       	movw	r30, r16
    179a:	f0 df       	rcall	.-32     	; 0x177c <sys_copy_string_n_func>
    179c:	81 f0       	breq	.+32     	; 0x17be <.Lsys_ram_string_done>

0000179e <.Lsys_strncpy_pad>:
    179e:	21 92       	st	Z+, r2
    17a0:	01 97       	sbiw	r24, 0x01	; 1
    17a2:	e9 f7       	brne	.-6      	; 0x179e <.Lsys_strncpy_pad>
    17a4:	0c c0       	rjmp	.+24     	; 0x17be <.Lsys_ram_string_done>

000017a6 <sys_strncat_impl>:
    17a6:	ca 01       	movw	r24, r20
    17a8:	00 97       	sbiw	r24, 0x00	; 0
    17aa:	49 f0       	breq	.+18     	; 0x17be <.Lsys_ram_string_done>
    17ac:	f8 01       	movw	r30, r16

000017ae <.Lsys_strncat_scan>:
    17ae:	01 90       	ld	r0, Z+
    17b0:	00 20       	and	r0, r0
    17b2:	e9 f7       	brne	.-6      	; 0x17ae <.Lsys_strncat_scan>
    17b4:	31 97       	sbiw	r30, 0x01	; 1
    17b6:	d9 01       	movw	r26, r18
    17b8:	e1 df       	rcall	.-62     	; 0x177c <sys_copy_string_n_func>
    17ba:	0e f0       	brts	.+2      	; 0x17be <.Lsys_ram_string_done>
    17bc:	20 82       	st	Z, r2

000017be <.Lsys_ram_string_done>:
    17be:	f3 ca       	rjmp	.-2586   	; 0xda6 <cluster_tail_18>

000017c0 <sys_display_impl>:
    17c0:	43 0c       	add	r4, r3
    17c2:	52 1c       	adc	r5, r2
    17c4:	62 1c       	adc	r6, r2

000017c6 <.Lsys_display_wait_fx>:
    17c6:	8d b5       	in	r24, 0x2d	; 45
    17c8:	87 ff       	sbrs	r24, 7
    17ca:	fd cf       	rjmp	.-6      	; 0x17c6 <.Lsys_display_wait_fx>
    17cc:	8e b5       	in	r24, 0x2e	; 46
    17ce:	59 9a       	sbi	0x0b, 1	; 11
    17d0:	01 d0       	rcall	.+2      	; 0x17d4 <display_update_func>
    17d2:	72 cd       	rjmp	.-1308   	; 0x12b8 <seek_and_dispatch_func>

000017d4 <display_update_func>:
    17d4:	e0 e0       	ldi	r30, 0x00	; 0
    17d6:	f5 e0       	ldi	r31, 0x05	; 5
    17d8:	5c 9a       	sbi	0x0b, 4	; 11
    17da:	5e 98       	cbi	0x0b, 6	; 11
    17dc:	80 e0       	ldi	r24, 0x00	; 0
    17de:	98 e0       	ldi	r25, 0x08	; 8

000017e0 <.Ldisplay_ssd_loop>:
    17e0:	00 80       	ld	r0, Z
    17e2:	0e bc       	out	0x2e, r0	; 46
    17e4:	02 11       	cpse	r16, r2
    17e6:	02 2c       	mov	r0, r2

000017e8 <.Ldisplay_ssd_delay>:
    17e8:	01 97       	sbiw	r24, 0x01	; 1
    17ea:	80 fd       	sbrc	r24, 0
    17ec:	fd cf       	rjmp	.-6      	; 0x17e8 <.Ldisplay_ssd_delay>
    17ee:	01 92       	st	Z+, r0
    17f0:	b9 f7       	brne	.-18     	; 0x17e0 <.Ldisplay_ssd_loop>
    17f2:	8d b5       	in	r24, 0x2d	; 45
    17f4:	8e b5       	in	r24, 0x2e	; 46
    17f6:	5e 9a       	sbi	0x0b, 6	; 11
    17f8:	59 9a       	sbi	0x0b, 1	; 11
    17fa:	08 95       	ret

000017fc <f0_cold32_delay_1>:
    17fc:	89 56       	subi	r24, 0x69	; 105

000017fe <f0_cold32>:
    17fe:	43 0c       	add	r4, r3
    1800:	f8 94       	cli
    1802:	2e bc       	out	0x2e, r2	; 46
    1804:	9e b5       	in	r25, 0x2e	; 46
    1806:	78 94       	sei
    1808:	52 1c       	adc	r5, r2
    180a:	62 1c       	adc	r6, r2
    180c:	a9 2f       	mov	r26, r25
    180e:	a1 73       	andi	r26, 0x31	; 49
    1810:	99 f5       	brne	.+102    	; 0x1878 <f0_cold32_invalid>
    1812:	a9 2f       	mov	r26, r25
    1814:	a2 95       	swap	r26
    1816:	af 70       	andi	r26, 0x0F	; 15
    1818:	a8 5f       	subi	r26, 0xF8	; 248
    181a:	b2 2d       	mov	r27, r2
    181c:	e9 2f       	mov	r30, r25
    181e:	ef 70       	andi	r30, 0x0F	; 15
    1820:	e8 5f       	subi	r30, 0xF8	; 248
    1822:	f2 2d       	mov	r31, r2
    1824:	88 23       	and	r24, r24
    1826:	b9 f0       	breq	.+46     	; 0x1856 <f0_cold32_cmp32>
    1828:	01 90       	ld	r0, Z+
    182a:	10 80       	ld	r1, Z
    182c:	f0 01       	movw	r30, r0
    182e:	81 30       	cpi	r24, 0x01	; 1
    1830:	49 f0       	breq	.+18     	; 0x1844 <f0_cold32_ld32>

00001832 <f0_cold32_st32>:
    1832:	8d 91       	ld	r24, X+
    1834:	81 93       	st	Z+, r24
    1836:	8d 91       	ld	r24, X+
    1838:	81 93       	st	Z+, r24
    183a:	8d 91       	ld	r24, X+
    183c:	81 93       	st	Z+, r24
    183e:	8c 91       	ld	r24, X
    1840:	80 83       	st	Z, r24
    1842:	74 cd       	rjmp	.-1304   	; 0x132c <cluster_a_tail_18>

00001844 <f0_cold32_ld32>:
    1844:	81 91       	ld	r24, Z+
    1846:	8d 93       	st	X+, r24
    1848:	81 91       	ld	r24, Z+
    184a:	8d 93       	st	X+, r24
    184c:	81 91       	ld	r24, Z+
    184e:	8d 93       	st	X+, r24
    1850:	80 81       	ld	r24, Z
    1852:	8c 93       	st	X, r24
    1854:	6b cd       	rjmp	.-1322   	; 0x132c <cluster_a_tail_18>

00001856 <f0_cold32_cmp32>:
    1856:	91 fd       	sbrc	r25, 1
    1858:	0f c0       	rjmp	.+30     	; 0x1878 <f0_cold32_invalid>
    185a:	0d 90       	ld	r0, X+
    185c:	1d 90       	ld	r1, X+
    185e:	8d 91       	ld	r24, X+
    1860:	9c 91       	ld	r25, X
    1862:	a1 91       	ld	r26, Z+
    1864:	0a 16       	cp	r0, r26
    1866:	a1 91       	ld	r26, Z+
    1868:	1a 06       	cpc	r1, r26
    186a:	a1 91       	ld	r26, Z+
    186c:	8a 07       	cpc	r24, r26
    186e:	a0 81       	ld	r26, Z
    1870:	9a 07       	cpc	r25, r26
    1872:	8f b7       	in	r24, 0x3f	; 63
    1874:	8e bb       	out	0x1e, r24	; 30
    1876:	5a cd       	rjmp	.-1356   	; 0x132c <cluster_a_tail_18>

00001878 <f0_cold32_invalid>:
    1878:	46 cd       	rjmp	.-1396   	; 0x1306 <invalid_secondary_instruction_func>

0000187a <f0_cold32_end>:
    187a:	00 fa       	bst	r0, 0

0000187c <f0_coldmem>:
    187c:	43 0c       	add	r4, r3
    187e:	f8 94       	cli
    1880:	2e bc       	out	0x2e, r2	; 46
    1882:	1e b4       	in	r1, 0x2e	; 46
    1884:	78 94       	sei
    1886:	52 1c       	adc	r5, r2
    1888:	62 1c       	adc	r6, r2
    188a:	a1 2d       	mov	r26, r1
    188c:	a2 95       	swap	r26
    188e:	ae 70       	andi	r26, 0x0E	; 14
    1890:	a8 5f       	subi	r26, 0xF8	; 248
    1892:	b2 2d       	mov	r27, r2
    1894:	e1 2d       	mov	r30, r1
    1896:	ee 70       	andi	r30, 0x0E	; 14
    1898:	e8 5f       	subi	r30, 0xF8	; 248
    189a:	f2 2d       	mov	r31, r2
    189c:	86 f0       	brts	.+32     	; 0x18be <f0_coldmem_store>

0000189e <f0_coldmem_load>:
    189e:	0e 2e       	mov	r0, r30
    18a0:	81 91       	ld	r24, Z+
    18a2:	90 81       	ld	r25, Z
    18a4:	fc 01       	movw	r30, r24
    18a6:	81 91       	ld	r24, Z+
    18a8:	99 27       	eor	r25, r25
    18aa:	14 fc       	sbrc	r1, 4
    18ac:	91 91       	ld	r25, Z+
    18ae:	8d 93       	st	X+, r24
    18b0:	9c 93       	st	X, r25
    18b2:	10 fe       	sbrs	r1, 0
    18b4:	3b cd       	rjmp	.-1418   	; 0x132c <cluster_a_tail_18>
    18b6:	a0 2d       	mov	r26, r0

000018b8 <f0_coldmem_post_writeback>:
    18b8:	ed 93       	st	X+, r30
    18ba:	fc 93       	st	X, r31
    18bc:	37 cd       	rjmp	.-1426   	; 0x132c <cluster_a_tail_18>

000018be <f0_coldmem_store>:
    18be:	0d 90       	ld	r0, X+
    18c0:	9c 91       	ld	r25, X
    18c2:	a1 91       	ld	r26, Z+
    18c4:	b0 81       	ld	r27, Z
    18c6:	0d 92       	st	X+, r0
    18c8:	14 fc       	sbrc	r1, 4
    18ca:	9d 93       	st	X+, r25
    18cc:	10 fe       	sbrs	r1, 0
    18ce:	2e cd       	rjmp	.-1444   	; 0x132c <cluster_a_tail_18>
    18d0:	b0 83       	st	Z, r27
    18d2:	a2 93       	st	-Z, r26
    18d4:	2b cd       	rjmp	.-1450   	; 0x132c <cluster_a_tail_18>

000018d6 <f0_coldmem_end>:
    18d6:	15 cd       	rjmp	.-1494   	; 0x1302 <unimplemented_instruction_func>

000018d8 <f0_veneer_table>:
    18d8:	76 cd       	rjmp	.-1300   	; 0x13c6 <f0_fetch_addr16_decode_r_to_xz_end>
    18da:	79 cd       	rjmp	.-1294   	; 0x13ce <f0_ldi8_r1_body>
    18dc:	7c cd       	rjmp	.-1288   	; 0x13d6 <f0_ldi8_r2_body>
    18de:	7f cd       	rjmp	.-1282   	; 0x13de <f0_ldi8_r3_body>
    18e0:	82 cd       	rjmp	.-1276   	; 0x13e6 <f0_ldi16_r0_body>
    18e2:	85 cd       	rjmp	.-1270   	; 0x13ee <f0_ldi16_r1_body>
    18e4:	88 cd       	rjmp	.-1264   	; 0x13f6 <f0_ldi16_r2_body>
    18e6:	8b cd       	rjmp	.-1258   	; 0x13fe <f0_ldi16_r3_body>
    18e8:	8e cd       	rjmp	.-1252   	; 0x1406 <f0_addi_s8_r0_body>
    18ea:	94 cd       	rjmp	.-1240   	; 0x1414 <f0_addi_s8_r1_body>
    18ec:	9a cd       	rjmp	.-1228   	; 0x1422 <f0_addi_s8_r2_body>
    18ee:	a0 cd       	rjmp	.-1216   	; 0x1430 <f0_addi_s8_r3_body>
    18f0:	a6 cd       	rjmp	.-1204   	; 0x143e <f0_cmpi_s8_r0_body>
    18f2:	ad cd       	rjmp	.-1190   	; 0x144e <f0_cmpi_s8_r1_body>
    18f4:	b4 cd       	rjmp	.-1176   	; 0x145e <f0_cmpi_s8_r2_body>
    18f6:	bb cd       	rjmp	.-1162   	; 0x146e <f0_cmpi_s8_r3_body>
    18f8:	c2 cd       	rjmp	.-1148   	; 0x147e <f0_leasp_r_body>
    18fa:	c1 cd       	rjmp	.-1150   	; 0x147e <f0_leasp_r_body>
    18fc:	c0 cd       	rjmp	.-1152   	; 0x147e <f0_leasp_r_body>
    18fe:	bf cd       	rjmp	.-1154   	; 0x147e <f0_leasp_r_body>
    1900:	be cd       	rjmp	.-1156   	; 0x147e <f0_leasp_r_body>
    1902:	bd cd       	rjmp	.-1158   	; 0x147e <f0_leasp_r_body>
    1904:	bc cd       	rjmp	.-1160   	; 0x147e <f0_leasp_r_body>
    1906:	bb cd       	rjmp	.-1162   	; 0x147e <f0_leasp_r_body>
    1908:	be cd       	rjmp	.-1156   	; 0x1486 <f0_ldsp8u_r_body>
    190a:	bd cd       	rjmp	.-1158   	; 0x1486 <f0_ldsp8u_r_body>
    190c:	bc cd       	rjmp	.-1160   	; 0x1486 <f0_ldsp8u_r_body>
    190e:	bb cd       	rjmp	.-1162   	; 0x1486 <f0_ldsp8u_r_body>
    1910:	ba cd       	rjmp	.-1164   	; 0x1486 <f0_ldsp8u_r_body>
    1912:	b9 cd       	rjmp	.-1166   	; 0x1486 <f0_ldsp8u_r_body>
    1914:	b8 cd       	rjmp	.-1168   	; 0x1486 <f0_ldsp8u_r_body>
    1916:	b7 cd       	rjmp	.-1170   	; 0x1486 <f0_ldsp8u_r_body>
    1918:	bb cd       	rjmp	.-1162   	; 0x1490 <f0_ldsp8s_r_body>
    191a:	ba cd       	rjmp	.-1164   	; 0x1490 <f0_ldsp8s_r_body>
    191c:	b9 cd       	rjmp	.-1166   	; 0x1490 <f0_ldsp8s_r_body>
    191e:	b8 cd       	rjmp	.-1168   	; 0x1490 <f0_ldsp8s_r_body>
    1920:	b7 cd       	rjmp	.-1170   	; 0x1490 <f0_ldsp8s_r_body>
    1922:	b6 cd       	rjmp	.-1172   	; 0x1490 <f0_ldsp8s_r_body>
    1924:	b5 cd       	rjmp	.-1174   	; 0x1490 <f0_ldsp8s_r_body>
    1926:	b4 cd       	rjmp	.-1176   	; 0x1490 <f0_ldsp8s_r_body>
    1928:	ba cd       	rjmp	.-1164   	; 0x149e <f0_stsp8_r_body>
    192a:	b9 cd       	rjmp	.-1166   	; 0x149e <f0_stsp8_r_body>
    192c:	b8 cd       	rjmp	.-1168   	; 0x149e <f0_stsp8_r_body>
    192e:	b7 cd       	rjmp	.-1170   	; 0x149e <f0_stsp8_r_body>
    1930:	b6 cd       	rjmp	.-1172   	; 0x149e <f0_stsp8_r_body>
    1932:	b5 cd       	rjmp	.-1174   	; 0x149e <f0_stsp8_r_body>
    1934:	b4 cd       	rjmp	.-1176   	; 0x149e <f0_stsp8_r_body>
    1936:	b3 cd       	rjmp	.-1178   	; 0x149e <f0_stsp8_r_body>
    1938:	b6 cd       	rjmp	.-1172   	; 0x14a6 <f0_ldsp16_r_body>
    193a:	b5 cd       	rjmp	.-1174   	; 0x14a6 <f0_ldsp16_r_body>
    193c:	b4 cd       	rjmp	.-1176   	; 0x14a6 <f0_ldsp16_r_body>
    193e:	b3 cd       	rjmp	.-1178   	; 0x14a6 <f0_ldsp16_r_body>
    1940:	b2 cd       	rjmp	.-1180   	; 0x14a6 <f0_ldsp16_r_body>
    1942:	b1 cd       	rjmp	.-1182   	; 0x14a6 <f0_ldsp16_r_body>
    1944:	b0 cd       	rjmp	.-1184   	; 0x14a6 <f0_ldsp16_r_body>
    1946:	af cd       	rjmp	.-1186   	; 0x14a6 <f0_ldsp16_r_body>
    1948:	b4 cd       	rjmp	.-1176   	; 0x14b2 <f0_stsp16_r_body>
    194a:	b3 cd       	rjmp	.-1178   	; 0x14b2 <f0_stsp16_r_body>
    194c:	b2 cd       	rjmp	.-1180   	; 0x14b2 <f0_stsp16_r_body>
    194e:	b1 cd       	rjmp	.-1182   	; 0x14b2 <f0_stsp16_r_body>
    1950:	b0 cd       	rjmp	.-1184   	; 0x14b2 <f0_stsp16_r_body>
    1952:	af cd       	rjmp	.-1186   	; 0x14b2 <f0_stsp16_r_body>
    1954:	ae cd       	rjmp	.-1188   	; 0x14b2 <f0_stsp16_r_body>
    1956:	ad cd       	rjmp	.-1190   	; 0x14b2 <f0_stsp16_r_body>
    1958:	b4 cd       	rjmp	.-1176   	; 0x14c2 <f0_ldm8u_r_body>
    195a:	b3 cd       	rjmp	.-1178   	; 0x14c2 <f0_ldm8u_r_body>
    195c:	b2 cd       	rjmp	.-1180   	; 0x14c2 <f0_ldm8u_r_body>
    195e:	b1 cd       	rjmp	.-1182   	; 0x14c2 <f0_ldm8u_r_body>
    1960:	b0 cd       	rjmp	.-1184   	; 0x14c2 <f0_ldm8u_r_body>
    1962:	af cd       	rjmp	.-1186   	; 0x14c2 <f0_ldm8u_r_body>
    1964:	ae cd       	rjmp	.-1188   	; 0x14c2 <f0_ldm8u_r_body>
    1966:	ad cd       	rjmp	.-1190   	; 0x14c2 <f0_ldm8u_r_body>
    1968:	b1 cd       	rjmp	.-1182   	; 0x14cc <f0_stm8_r_body>
    196a:	b0 cd       	rjmp	.-1184   	; 0x14cc <f0_stm8_r_body>
    196c:	af cd       	rjmp	.-1186   	; 0x14cc <f0_stm8_r_body>
    196e:	ae cd       	rjmp	.-1188   	; 0x14cc <f0_stm8_r_body>
    1970:	ad cd       	rjmp	.-1190   	; 0x14cc <f0_stm8_r_body>
    1972:	ac cd       	rjmp	.-1192   	; 0x14cc <f0_stm8_r_body>
    1974:	ab cd       	rjmp	.-1194   	; 0x14cc <f0_stm8_r_body>
    1976:	aa cd       	rjmp	.-1196   	; 0x14cc <f0_stm8_r_body>
    1978:	ad cd       	rjmp	.-1190   	; 0x14d4 <f0_ldm16_r_body>
    197a:	ac cd       	rjmp	.-1192   	; 0x14d4 <f0_ldm16_r_body>
    197c:	ab cd       	rjmp	.-1194   	; 0x14d4 <f0_ldm16_r_body>
    197e:	aa cd       	rjmp	.-1196   	; 0x14d4 <f0_ldm16_r_body>
    1980:	a9 cd       	rjmp	.-1198   	; 0x14d4 <f0_ldm16_r_body>
    1982:	a8 cd       	rjmp	.-1200   	; 0x14d4 <f0_ldm16_r_body>
    1984:	a7 cd       	rjmp	.-1202   	; 0x14d4 <f0_ldm16_r_body>
    1986:	a6 cd       	rjmp	.-1204   	; 0x14d4 <f0_ldm16_r_body>
    1988:	ab cd       	rjmp	.-1194   	; 0x14e0 <f0_stm16_r_body>
    198a:	aa cd       	rjmp	.-1196   	; 0x14e0 <f0_stm16_r_body>
    198c:	a9 cd       	rjmp	.-1198   	; 0x14e0 <f0_stm16_r_body>
    198e:	a8 cd       	rjmp	.-1200   	; 0x14e0 <f0_stm16_r_body>
    1990:	a7 cd       	rjmp	.-1202   	; 0x14e0 <f0_stm16_r_body>
    1992:	a6 cd       	rjmp	.-1204   	; 0x14e0 <f0_stm16_r_body>
    1994:	a5 cd       	rjmp	.-1206   	; 0x14e0 <f0_stm16_r_body>
    1996:	a4 cd       	rjmp	.-1208   	; 0x14e0 <f0_stm16_r_body>
    1998:	a9 cd       	rjmp	.-1198   	; 0x14ec <f0_absolute_bodies_end>
    199a:	af cd       	rjmp	.-1186   	; 0x14fa <f0_ldp8s_body>
    199c:	b7 cd       	rjmp	.-1170   	; 0x150c <f0_ldp16_body>
    199e:	bd cd       	rjmp	.-1158   	; 0x151a <f0_ldp24_body>
    19a0:	c4 cd       	rjmp	.-1144   	; 0x152a <f0_ldp32_body>
    19a2:	c9 cd       	rjmp	.-1134   	; 0x1536 <f0_ldp8u_post_body>
    19a4:	cf cd       	rjmp	.-1122   	; 0x1544 <f0_ldp16_post_body>
    19a6:	d5 cd       	rjmp	.-1110   	; 0x1552 <f0_ldp24_post_body>
    19a8:	dc cd       	rjmp	.-1096   	; 0x1562 <f0_ldp32_post_body>
    19aa:	28 cf       	rjmp	.-432    	; 0x17fc <f0_cold32_delay_1>
    19ac:	27 cf       	rjmp	.-434    	; 0x17fc <f0_cold32_delay_1>
    19ae:	26 cf       	rjmp	.-436    	; 0x17fc <f0_cold32_delay_1>
    19b0:	64 cf       	rjmp	.-312    	; 0x187a <f0_cold32_end>
    19b2:	63 cf       	rjmp	.-314    	; 0x187a <f0_cold32_end>

000019b4 <f0_veneer_table_end>:
    19b4:	44 01       	movw	r8, r8
    19b6:	ab cc       	rjmp	.-1706   	; 0x130e <cluster_a_start>
    19b8:	45 01       	movw	r8, r10
    19ba:	a9 cc       	rjmp	.-1710   	; 0x130e <cluster_a_start>
    19bc:	46 01       	movw	r8, r12
    19be:	a7 cc       	rjmp	.-1714   	; 0x130e <cluster_a_start>
    19c0:	47 01       	movw	r8, r14
    19c2:	a5 cc       	rjmp	.-1718   	; 0x130e <cluster_a_start>
    19c4:	48 01       	movw	r8, r16
    19c6:	a3 cc       	rjmp	.-1722   	; 0x130e <cluster_a_start>
    19c8:	49 01       	movw	r8, r18
    19ca:	a1 cc       	rjmp	.-1726   	; 0x130e <cluster_a_start>
    19cc:	4a 01       	movw	r8, r20
    19ce:	9f cc       	rjmp	.-1730   	; 0x130e <cluster_a_start>
    19d0:	4b 01       	movw	r8, r22
    19d2:	9d cc       	rjmp	.-1734   	; 0x130e <cluster_a_start>
    19d4:	54 01       	movw	r10, r8
    19d6:	9b cc       	rjmp	.-1738   	; 0x130e <cluster_a_start>
    19d8:	55 01       	movw	r10, r10
    19da:	99 cc       	rjmp	.-1742   	; 0x130e <cluster_a_start>
    19dc:	56 01       	movw	r10, r12
    19de:	97 cc       	rjmp	.-1746   	; 0x130e <cluster_a_start>
    19e0:	57 01       	movw	r10, r14
    19e2:	95 cc       	rjmp	.-1750   	; 0x130e <cluster_a_start>
    19e4:	58 01       	movw	r10, r16
    19e6:	93 cc       	rjmp	.-1754   	; 0x130e <cluster_a_start>
    19e8:	59 01       	movw	r10, r18
    19ea:	91 cc       	rjmp	.-1758   	; 0x130e <cluster_a_start>
    19ec:	5a 01       	movw	r10, r20
    19ee:	8f cc       	rjmp	.-1762   	; 0x130e <cluster_a_start>
    19f0:	5b 01       	movw	r10, r22
    19f2:	8d cc       	rjmp	.-1766   	; 0x130e <cluster_a_start>
    19f4:	64 01       	movw	r12, r8
    19f6:	8b cc       	rjmp	.-1770   	; 0x130e <cluster_a_start>
    19f8:	65 01       	movw	r12, r10
    19fa:	89 cc       	rjmp	.-1774   	; 0x130e <cluster_a_start>
    19fc:	66 01       	movw	r12, r12
    19fe:	87 cc       	rjmp	.-1778   	; 0x130e <cluster_a_start>
    1a00:	67 01       	movw	r12, r14
    1a02:	85 cc       	rjmp	.-1782   	; 0x130e <cluster_a_start>
    1a04:	68 01       	movw	r12, r16
    1a06:	83 cc       	rjmp	.-1786   	; 0x130e <cluster_a_start>
    1a08:	69 01       	movw	r12, r18
    1a0a:	81 cc       	rjmp	.-1790   	; 0x130e <cluster_a_start>
    1a0c:	6a 01       	movw	r12, r20
    1a0e:	7f cc       	rjmp	.-1794   	; 0x130e <cluster_a_start>
    1a10:	6b 01       	movw	r12, r22
    1a12:	7d cc       	rjmp	.-1798   	; 0x130e <cluster_a_start>
    1a14:	74 01       	movw	r14, r8
    1a16:	7b cc       	rjmp	.-1802   	; 0x130e <cluster_a_start>
    1a18:	75 01       	movw	r14, r10
    1a1a:	79 cc       	rjmp	.-1806   	; 0x130e <cluster_a_start>
    1a1c:	76 01       	movw	r14, r12
    1a1e:	77 cc       	rjmp	.-1810   	; 0x130e <cluster_a_start>
    1a20:	77 01       	movw	r14, r14
    1a22:	75 cc       	rjmp	.-1814   	; 0x130e <cluster_a_start>
    1a24:	78 01       	movw	r14, r16
    1a26:	73 cc       	rjmp	.-1818   	; 0x130e <cluster_a_start>
    1a28:	79 01       	movw	r14, r18
    1a2a:	71 cc       	rjmp	.-1822   	; 0x130e <cluster_a_start>
    1a2c:	7a 01       	movw	r14, r20
    1a2e:	6f cc       	rjmp	.-1826   	; 0x130e <cluster_a_start>
    1a30:	7b 01       	movw	r14, r22
    1a32:	6d cc       	rjmp	.-1830   	; 0x130e <cluster_a_start>
    1a34:	84 01       	movw	r16, r8
    1a36:	6b cc       	rjmp	.-1834   	; 0x130e <cluster_a_start>
    1a38:	85 01       	movw	r16, r10
    1a3a:	69 cc       	rjmp	.-1838   	; 0x130e <cluster_a_start>
    1a3c:	86 01       	movw	r16, r12
    1a3e:	67 cc       	rjmp	.-1842   	; 0x130e <cluster_a_start>
    1a40:	87 01       	movw	r16, r14
    1a42:	65 cc       	rjmp	.-1846   	; 0x130e <cluster_a_start>
    1a44:	94 01       	movw	r18, r8
    1a46:	63 cc       	rjmp	.-1850   	; 0x130e <cluster_a_start>
    1a48:	95 01       	movw	r18, r10
    1a4a:	61 cc       	rjmp	.-1854   	; 0x130e <cluster_a_start>
    1a4c:	96 01       	movw	r18, r12
    1a4e:	5f cc       	rjmp	.-1858   	; 0x130e <cluster_a_start>
    1a50:	97 01       	movw	r18, r14
    1a52:	5d cc       	rjmp	.-1862   	; 0x130e <cluster_a_start>
    1a54:	a4 01       	movw	r20, r8
    1a56:	5b cc       	rjmp	.-1866   	; 0x130e <cluster_a_start>
    1a58:	a5 01       	movw	r20, r10
    1a5a:	59 cc       	rjmp	.-1870   	; 0x130e <cluster_a_start>
    1a5c:	a6 01       	movw	r20, r12
    1a5e:	57 cc       	rjmp	.-1874   	; 0x130e <cluster_a_start>
    1a60:	a7 01       	movw	r20, r14
    1a62:	55 cc       	rjmp	.-1878   	; 0x130e <cluster_a_start>
    1a64:	b4 01       	movw	r22, r8
    1a66:	53 cc       	rjmp	.-1882   	; 0x130e <cluster_a_start>
    1a68:	b5 01       	movw	r22, r10
    1a6a:	51 cc       	rjmp	.-1886   	; 0x130e <cluster_a_start>
    1a6c:	b6 01       	movw	r22, r12
    1a6e:	4f cc       	rjmp	.-1890   	; 0x130e <cluster_a_start>
    1a70:	b7 01       	movw	r22, r14
    1a72:	4d cc       	rjmp	.-1894   	; 0x130e <cluster_a_start>
    1a74:	08 83       	st	Y, r16
    1a76:	4c cc       	rjmp	.-1896   	; 0x1310 <cluster_a_tail_17>
    1a78:	28 83       	st	Y, r18
    1a7a:	4a cc       	rjmp	.-1900   	; 0x1310 <cluster_a_tail_17>
    1a7c:	48 83       	st	Y, r20
    1a7e:	48 cc       	rjmp	.-1904   	; 0x1310 <cluster_a_tail_17>
    1a80:	68 83       	st	Y, r22
    1a82:	46 cc       	rjmp	.-1908   	; 0x1310 <cluster_a_tail_17>
    1a84:	09 83       	std	Y+1, r16	; 0x01
    1a86:	44 cc       	rjmp	.-1912   	; 0x1310 <cluster_a_tail_17>
    1a88:	29 83       	std	Y+1, r18	; 0x01
    1a8a:	42 cc       	rjmp	.-1916   	; 0x1310 <cluster_a_tail_17>
    1a8c:	49 83       	std	Y+1, r20	; 0x01
    1a8e:	40 cc       	rjmp	.-1920   	; 0x1310 <cluster_a_tail_17>
    1a90:	69 83       	std	Y+1, r22	; 0x01
    1a92:	3e cc       	rjmp	.-1924   	; 0x1310 <cluster_a_tail_17>
    1a94:	0a 83       	std	Y+2, r16	; 0x02
    1a96:	3c cc       	rjmp	.-1928   	; 0x1310 <cluster_a_tail_17>
    1a98:	2a 83       	std	Y+2, r18	; 0x02
    1a9a:	3a cc       	rjmp	.-1932   	; 0x1310 <cluster_a_tail_17>
    1a9c:	4a 83       	std	Y+2, r20	; 0x02
    1a9e:	38 cc       	rjmp	.-1936   	; 0x1310 <cluster_a_tail_17>
    1aa0:	6a 83       	std	Y+2, r22	; 0x02
    1aa2:	36 cc       	rjmp	.-1940   	; 0x1310 <cluster_a_tail_17>
    1aa4:	0b 83       	std	Y+3, r16	; 0x03
    1aa6:	34 cc       	rjmp	.-1944   	; 0x1310 <cluster_a_tail_17>
    1aa8:	2b 83       	std	Y+3, r18	; 0x03
    1aaa:	32 cc       	rjmp	.-1948   	; 0x1310 <cluster_a_tail_17>
    1aac:	4b 83       	std	Y+3, r20	; 0x03
    1aae:	30 cc       	rjmp	.-1952   	; 0x1310 <cluster_a_tail_17>
    1ab0:	6b 83       	std	Y+3, r22	; 0x03
    1ab2:	2e cc       	rjmp	.-1956   	; 0x1310 <cluster_a_tail_17>
    1ab4:	0c 83       	std	Y+4, r16	; 0x04
    1ab6:	2c cc       	rjmp	.-1960   	; 0x1310 <cluster_a_tail_17>
    1ab8:	2c 83       	std	Y+4, r18	; 0x04
    1aba:	2a cc       	rjmp	.-1964   	; 0x1310 <cluster_a_tail_17>
    1abc:	4c 83       	std	Y+4, r20	; 0x04
    1abe:	28 cc       	rjmp	.-1968   	; 0x1310 <cluster_a_tail_17>
    1ac0:	6c 83       	std	Y+4, r22	; 0x04
    1ac2:	26 cc       	rjmp	.-1972   	; 0x1310 <cluster_a_tail_17>
    1ac4:	0d 83       	std	Y+5, r16	; 0x05
    1ac6:	24 cc       	rjmp	.-1976   	; 0x1310 <cluster_a_tail_17>
    1ac8:	2d 83       	std	Y+5, r18	; 0x05
    1aca:	22 cc       	rjmp	.-1980   	; 0x1310 <cluster_a_tail_17>
    1acc:	4d 83       	std	Y+5, r20	; 0x05
    1ace:	20 cc       	rjmp	.-1984   	; 0x1310 <cluster_a_tail_17>
    1ad0:	6d 83       	std	Y+5, r22	; 0x05
    1ad2:	1e cc       	rjmp	.-1988   	; 0x1310 <cluster_a_tail_17>
    1ad4:	0e 83       	std	Y+6, r16	; 0x06
    1ad6:	1c cc       	rjmp	.-1992   	; 0x1310 <cluster_a_tail_17>
    1ad8:	2e 83       	std	Y+6, r18	; 0x06
    1ada:	1a cc       	rjmp	.-1996   	; 0x1310 <cluster_a_tail_17>
    1adc:	4e 83       	std	Y+6, r20	; 0x06
    1ade:	18 cc       	rjmp	.-2000   	; 0x1310 <cluster_a_tail_17>
    1ae0:	6e 83       	std	Y+6, r22	; 0x06
    1ae2:	16 cc       	rjmp	.-2004   	; 0x1310 <cluster_a_tail_17>
    1ae4:	0f 83       	std	Y+7, r16	; 0x07
    1ae6:	14 cc       	rjmp	.-2008   	; 0x1310 <cluster_a_tail_17>
    1ae8:	2f 83       	std	Y+7, r18	; 0x07
    1aea:	12 cc       	rjmp	.-2012   	; 0x1310 <cluster_a_tail_17>
    1aec:	4f 83       	std	Y+7, r20	; 0x07
    1aee:	10 cc       	rjmp	.-2016   	; 0x1310 <cluster_a_tail_17>
    1af0:	6f 83       	std	Y+7, r22	; 0x07
    1af2:	0e cc       	rjmp	.-2020   	; 0x1310 <cluster_a_tail_17>
    1af4:	08 87       	std	Y+8, r16	; 0x08
    1af6:	0c cc       	rjmp	.-2024   	; 0x1310 <cluster_a_tail_17>
    1af8:	28 87       	std	Y+8, r18	; 0x08
    1afa:	0a cc       	rjmp	.-2028   	; 0x1310 <cluster_a_tail_17>
    1afc:	48 87       	std	Y+8, r20	; 0x08
    1afe:	08 cc       	rjmp	.-2032   	; 0x1310 <cluster_a_tail_17>
    1b00:	68 87       	std	Y+8, r22	; 0x08
    1b02:	06 cc       	rjmp	.-2036   	; 0x1310 <cluster_a_tail_17>
    1b04:	09 87       	std	Y+9, r16	; 0x09
    1b06:	04 cc       	rjmp	.-2040   	; 0x1310 <cluster_a_tail_17>
    1b08:	29 87       	std	Y+9, r18	; 0x09
    1b0a:	02 cc       	rjmp	.-2044   	; 0x1310 <cluster_a_tail_17>
    1b0c:	49 87       	std	Y+9, r20	; 0x09
    1b0e:	00 cc       	rjmp	.-2048   	; 0x1310 <cluster_a_tail_17>
    1b10:	69 87       	std	Y+9, r22	; 0x09
    1b12:	fe cb       	rjmp	.-2052   	; 0x1310 <cluster_a_tail_17>
    1b14:	0a 87       	std	Y+10, r16	; 0x0a
    1b16:	fc cb       	rjmp	.-2056   	; 0x1310 <cluster_a_tail_17>
    1b18:	2a 87       	std	Y+10, r18	; 0x0a
    1b1a:	fa cb       	rjmp	.-2060   	; 0x1310 <cluster_a_tail_17>
    1b1c:	4a 87       	std	Y+10, r20	; 0x0a
    1b1e:	f8 cb       	rjmp	.-2064   	; 0x1310 <cluster_a_tail_17>
    1b20:	6a 87       	std	Y+10, r22	; 0x0a
    1b22:	f6 cb       	rjmp	.-2068   	; 0x1310 <cluster_a_tail_17>
    1b24:	0b 87       	std	Y+11, r16	; 0x0b
    1b26:	f4 cb       	rjmp	.-2072   	; 0x1310 <cluster_a_tail_17>
    1b28:	2b 87       	std	Y+11, r18	; 0x0b
    1b2a:	f2 cb       	rjmp	.-2076   	; 0x1310 <cluster_a_tail_17>
    1b2c:	4b 87       	std	Y+11, r20	; 0x0b
    1b2e:	f0 cb       	rjmp	.-2080   	; 0x1310 <cluster_a_tail_17>
    1b30:	6b 87       	std	Y+11, r22	; 0x0b
    1b32:	ee cb       	rjmp	.-2084   	; 0x1310 <cluster_a_tail_17>
    1b34:	0c 87       	std	Y+12, r16	; 0x0c
    1b36:	ec cb       	rjmp	.-2088   	; 0x1310 <cluster_a_tail_17>
    1b38:	2c 87       	std	Y+12, r18	; 0x0c
    1b3a:	ea cb       	rjmp	.-2092   	; 0x1310 <cluster_a_tail_17>
    1b3c:	4c 87       	std	Y+12, r20	; 0x0c
    1b3e:	e8 cb       	rjmp	.-2096   	; 0x1310 <cluster_a_tail_17>
    1b40:	6c 87       	std	Y+12, r22	; 0x0c
    1b42:	e6 cb       	rjmp	.-2100   	; 0x1310 <cluster_a_tail_17>
    1b44:	0d 87       	std	Y+13, r16	; 0x0d
    1b46:	e4 cb       	rjmp	.-2104   	; 0x1310 <cluster_a_tail_17>
    1b48:	2d 87       	std	Y+13, r18	; 0x0d
    1b4a:	e2 cb       	rjmp	.-2108   	; 0x1310 <cluster_a_tail_17>
    1b4c:	4d 87       	std	Y+13, r20	; 0x0d
    1b4e:	e0 cb       	rjmp	.-2112   	; 0x1310 <cluster_a_tail_17>
    1b50:	6d 87       	std	Y+13, r22	; 0x0d
    1b52:	de cb       	rjmp	.-2116   	; 0x1310 <cluster_a_tail_17>
    1b54:	0e 87       	std	Y+14, r16	; 0x0e
    1b56:	dc cb       	rjmp	.-2120   	; 0x1310 <cluster_a_tail_17>
    1b58:	2e 87       	std	Y+14, r18	; 0x0e
    1b5a:	da cb       	rjmp	.-2124   	; 0x1310 <cluster_a_tail_17>
    1b5c:	4e 87       	std	Y+14, r20	; 0x0e
    1b5e:	d8 cb       	rjmp	.-2128   	; 0x1310 <cluster_a_tail_17>
    1b60:	6e 87       	std	Y+14, r22	; 0x0e
    1b62:	d6 cb       	rjmp	.-2132   	; 0x1310 <cluster_a_tail_17>
    1b64:	0f 87       	std	Y+15, r16	; 0x0f
    1b66:	d4 cb       	rjmp	.-2136   	; 0x1310 <cluster_a_tail_17>
    1b68:	2f 87       	std	Y+15, r18	; 0x0f
    1b6a:	d2 cb       	rjmp	.-2140   	; 0x1310 <cluster_a_tail_17>
    1b6c:	4f 87       	std	Y+15, r20	; 0x0f
    1b6e:	d0 cb       	rjmp	.-2144   	; 0x1310 <cluster_a_tail_17>
    1b70:	6f 87       	std	Y+15, r22	; 0x0f
    1b72:	ce cb       	rjmp	.-2148   	; 0x1310 <cluster_a_tail_17>
    1b74:	99 24       	eor	r9, r9
    1b76:	cb cb       	rjmp	.-2154   	; 0x130e <cluster_a_start>
    1b78:	bb 24       	eor	r11, r11
    1b7a:	c9 cb       	rjmp	.-2158   	; 0x130e <cluster_a_start>
    1b7c:	dd 24       	eor	r13, r13
    1b7e:	c7 cb       	rjmp	.-2162   	; 0x130e <cluster_a_start>
    1b80:	ff 24       	eor	r15, r15
    1b82:	c5 cb       	rjmp	.-2166   	; 0x130e <cluster_a_start>
    1b84:	11 27       	eor	r17, r17
    1b86:	c3 cb       	rjmp	.-2170   	; 0x130e <cluster_a_start>
    1b88:	33 27       	eor	r19, r19
    1b8a:	c1 cb       	rjmp	.-2174   	; 0x130e <cluster_a_start>
    1b8c:	55 27       	eor	r21, r21
    1b8e:	bf cb       	rjmp	.-2178   	; 0x130e <cluster_a_start>
    1b90:	77 27       	eor	r23, r23
    1b92:	bd cb       	rjmp	.-2182   	; 0x130e <cluster_a_start>
    1b94:	82 94       	swap	r8
    1b96:	bb cb       	rjmp	.-2186   	; 0x130e <cluster_a_start>
    1b98:	a2 94       	swap	r10
    1b9a:	b9 cb       	rjmp	.-2190   	; 0x130e <cluster_a_start>
    1b9c:	c2 94       	swap	r12
    1b9e:	b7 cb       	rjmp	.-2194   	; 0x130e <cluster_a_start>
    1ba0:	e2 94       	swap	r14
    1ba2:	b5 cb       	rjmp	.-2198   	; 0x130e <cluster_a_start>
    1ba4:	02 95       	swap	r16
    1ba6:	b3 cb       	rjmp	.-2202   	; 0x130e <cluster_a_start>
    1ba8:	22 95       	swap	r18
    1baa:	b1 cb       	rjmp	.-2206   	; 0x130e <cluster_a_start>
    1bac:	42 95       	swap	r20
    1bae:	af cb       	rjmp	.-2210   	; 0x130e <cluster_a_start>
    1bb0:	62 95       	swap	r22
    1bb2:	ad cb       	rjmp	.-2214   	; 0x130e <cluster_a_start>
    1bb4:	4e 01       	movw	r8, r28
    1bb6:	ab cb       	rjmp	.-2218   	; 0x130e <cluster_a_start>
    1bb8:	5e 01       	movw	r10, r28
    1bba:	a9 cb       	rjmp	.-2222   	; 0x130e <cluster_a_start>
    1bbc:	6e 01       	movw	r12, r28
    1bbe:	a7 cb       	rjmp	.-2226   	; 0x130e <cluster_a_start>
    1bc0:	7e 01       	movw	r14, r28
    1bc2:	a5 cb       	rjmp	.-2230   	; 0x130e <cluster_a_start>
    1bc4:	8e 01       	movw	r16, r28
    1bc6:	a3 cb       	rjmp	.-2234   	; 0x130e <cluster_a_start>
    1bc8:	9e 01       	movw	r18, r28
    1bca:	a1 cb       	rjmp	.-2238   	; 0x130e <cluster_a_start>
    1bcc:	ae 01       	movw	r20, r28
    1bce:	9f cb       	rjmp	.-2242   	; 0x130e <cluster_a_start>
    1bd0:	be 01       	movw	r22, r28
    1bd2:	9d cb       	rjmp	.-2246   	; 0x130e <cluster_a_start>
    1bd4:	e4 01       	movw	r28, r8
    1bd6:	9b cb       	rjmp	.-2250   	; 0x130e <cluster_a_start>
    1bd8:	e5 01       	movw	r28, r10
    1bda:	99 cb       	rjmp	.-2254   	; 0x130e <cluster_a_start>
    1bdc:	e6 01       	movw	r28, r12
    1bde:	97 cb       	rjmp	.-2258   	; 0x130e <cluster_a_start>
    1be0:	e7 01       	movw	r28, r14
    1be2:	95 cb       	rjmp	.-2262   	; 0x130e <cluster_a_start>
    1be4:	e8 01       	movw	r28, r16
    1be6:	93 cb       	rjmp	.-2266   	; 0x130e <cluster_a_start>
    1be8:	e9 01       	movw	r28, r18
    1bea:	91 cb       	rjmp	.-2270   	; 0x130e <cluster_a_start>
    1bec:	ea 01       	movw	r28, r20
    1bee:	8f cb       	rjmp	.-2274   	; 0x130e <cluster_a_start>
    1bf0:	eb 01       	movw	r28, r22
    1bf2:	8d cb       	rjmp	.-2278   	; 0x130e <cluster_a_start>

00001bf4 <f1_table_end>:
    1bf4:	88 0c       	add	r8, r8
    1bf6:	99 1c       	adc	r9, r9
    1bf8:	8b cb       	rjmp	.-2282   	; 0x1310 <cluster_a_tail_17>
    1bfa:	8a 0c       	add	r8, r10
    1bfc:	9b 1c       	adc	r9, r11
    1bfe:	88 cb       	rjmp	.-2288   	; 0x1310 <cluster_a_tail_17>
    1c00:	8c 0c       	add	r8, r12
    1c02:	9d 1c       	adc	r9, r13
    1c04:	85 cb       	rjmp	.-2294   	; 0x1310 <cluster_a_tail_17>
    1c06:	8e 0c       	add	r8, r14
    1c08:	9f 1c       	adc	r9, r15
    1c0a:	82 cb       	rjmp	.-2300   	; 0x1310 <cluster_a_tail_17>
    1c0c:	80 0e       	add	r8, r16
    1c0e:	91 1e       	adc	r9, r17
    1c10:	7f cb       	rjmp	.-2306   	; 0x1310 <cluster_a_tail_17>
    1c12:	82 0e       	add	r8, r18
    1c14:	93 1e       	adc	r9, r19
    1c16:	7c cb       	rjmp	.-2312   	; 0x1310 <cluster_a_tail_17>
    1c18:	84 0e       	add	r8, r20
    1c1a:	95 1e       	adc	r9, r21
    1c1c:	79 cb       	rjmp	.-2318   	; 0x1310 <cluster_a_tail_17>
    1c1e:	86 0e       	add	r8, r22
    1c20:	97 1e       	adc	r9, r23
    1c22:	76 cb       	rjmp	.-2324   	; 0x1310 <cluster_a_tail_17>
    1c24:	a8 0c       	add	r10, r8
    1c26:	b9 1c       	adc	r11, r9
    1c28:	73 cb       	rjmp	.-2330   	; 0x1310 <cluster_a_tail_17>
    1c2a:	aa 0c       	add	r10, r10
    1c2c:	bb 1c       	adc	r11, r11
    1c2e:	70 cb       	rjmp	.-2336   	; 0x1310 <cluster_a_tail_17>
    1c30:	ac 0c       	add	r10, r12
    1c32:	bd 1c       	adc	r11, r13
    1c34:	6d cb       	rjmp	.-2342   	; 0x1310 <cluster_a_tail_17>
    1c36:	ae 0c       	add	r10, r14
    1c38:	bf 1c       	adc	r11, r15
    1c3a:	6a cb       	rjmp	.-2348   	; 0x1310 <cluster_a_tail_17>
    1c3c:	a0 0e       	add	r10, r16
    1c3e:	b1 1e       	adc	r11, r17
    1c40:	67 cb       	rjmp	.-2354   	; 0x1310 <cluster_a_tail_17>
    1c42:	a2 0e       	add	r10, r18
    1c44:	b3 1e       	adc	r11, r19
    1c46:	64 cb       	rjmp	.-2360   	; 0x1310 <cluster_a_tail_17>
    1c48:	a4 0e       	add	r10, r20
    1c4a:	b5 1e       	adc	r11, r21
    1c4c:	61 cb       	rjmp	.-2366   	; 0x1310 <cluster_a_tail_17>
    1c4e:	a6 0e       	add	r10, r22
    1c50:	b7 1e       	adc	r11, r23
    1c52:	5e cb       	rjmp	.-2372   	; 0x1310 <cluster_a_tail_17>
    1c54:	c8 0c       	add	r12, r8
    1c56:	d9 1c       	adc	r13, r9
    1c58:	5b cb       	rjmp	.-2378   	; 0x1310 <cluster_a_tail_17>
    1c5a:	ca 0c       	add	r12, r10
    1c5c:	db 1c       	adc	r13, r11
    1c5e:	58 cb       	rjmp	.-2384   	; 0x1310 <cluster_a_tail_17>
    1c60:	cc 0c       	add	r12, r12
    1c62:	dd 1c       	adc	r13, r13
    1c64:	55 cb       	rjmp	.-2390   	; 0x1310 <cluster_a_tail_17>
    1c66:	ce 0c       	add	r12, r14
    1c68:	df 1c       	adc	r13, r15
    1c6a:	52 cb       	rjmp	.-2396   	; 0x1310 <cluster_a_tail_17>
    1c6c:	c0 0e       	add	r12, r16
    1c6e:	d1 1e       	adc	r13, r17
    1c70:	4f cb       	rjmp	.-2402   	; 0x1310 <cluster_a_tail_17>
    1c72:	c2 0e       	add	r12, r18
    1c74:	d3 1e       	adc	r13, r19
    1c76:	4c cb       	rjmp	.-2408   	; 0x1310 <cluster_a_tail_17>
    1c78:	c4 0e       	add	r12, r20
    1c7a:	d5 1e       	adc	r13, r21
    1c7c:	49 cb       	rjmp	.-2414   	; 0x1310 <cluster_a_tail_17>
    1c7e:	c6 0e       	add	r12, r22
    1c80:	d7 1e       	adc	r13, r23
    1c82:	46 cb       	rjmp	.-2420   	; 0x1310 <cluster_a_tail_17>
    1c84:	e8 0c       	add	r14, r8
    1c86:	f9 1c       	adc	r15, r9
    1c88:	43 cb       	rjmp	.-2426   	; 0x1310 <cluster_a_tail_17>
    1c8a:	ea 0c       	add	r14, r10
    1c8c:	fb 1c       	adc	r15, r11
    1c8e:	40 cb       	rjmp	.-2432   	; 0x1310 <cluster_a_tail_17>
    1c90:	ec 0c       	add	r14, r12
    1c92:	fd 1c       	adc	r15, r13
    1c94:	3d cb       	rjmp	.-2438   	; 0x1310 <cluster_a_tail_17>
    1c96:	ee 0c       	add	r14, r14
    1c98:	ff 1c       	adc	r15, r15
    1c9a:	3a cb       	rjmp	.-2444   	; 0x1310 <cluster_a_tail_17>
    1c9c:	e0 0e       	add	r14, r16
    1c9e:	f1 1e       	adc	r15, r17
    1ca0:	37 cb       	rjmp	.-2450   	; 0x1310 <cluster_a_tail_17>
    1ca2:	e2 0e       	add	r14, r18
    1ca4:	f3 1e       	adc	r15, r19
    1ca6:	34 cb       	rjmp	.-2456   	; 0x1310 <cluster_a_tail_17>
    1ca8:	e4 0e       	add	r14, r20
    1caa:	f5 1e       	adc	r15, r21
    1cac:	31 cb       	rjmp	.-2462   	; 0x1310 <cluster_a_tail_17>
    1cae:	e6 0e       	add	r14, r22
    1cb0:	f7 1e       	adc	r15, r23
    1cb2:	2e cb       	rjmp	.-2468   	; 0x1310 <cluster_a_tail_17>
    1cb4:	08 0d       	add	r16, r8
    1cb6:	19 1d       	adc	r17, r9
    1cb8:	2b cb       	rjmp	.-2474   	; 0x1310 <cluster_a_tail_17>
    1cba:	0a 0d       	add	r16, r10
    1cbc:	1b 1d       	adc	r17, r11
    1cbe:	28 cb       	rjmp	.-2480   	; 0x1310 <cluster_a_tail_17>
    1cc0:	0c 0d       	add	r16, r12
    1cc2:	1d 1d       	adc	r17, r13
    1cc4:	25 cb       	rjmp	.-2486   	; 0x1310 <cluster_a_tail_17>
    1cc6:	0e 0d       	add	r16, r14
    1cc8:	1f 1d       	adc	r17, r15
    1cca:	22 cb       	rjmp	.-2492   	; 0x1310 <cluster_a_tail_17>
    1ccc:	28 0d       	add	r18, r8
    1cce:	39 1d       	adc	r19, r9
    1cd0:	1f cb       	rjmp	.-2498   	; 0x1310 <cluster_a_tail_17>
    1cd2:	2a 0d       	add	r18, r10
    1cd4:	3b 1d       	adc	r19, r11
    1cd6:	1c cb       	rjmp	.-2504   	; 0x1310 <cluster_a_tail_17>
    1cd8:	2c 0d       	add	r18, r12
    1cda:	3d 1d       	adc	r19, r13
    1cdc:	19 cb       	rjmp	.-2510   	; 0x1310 <cluster_a_tail_17>
    1cde:	2e 0d       	add	r18, r14
    1ce0:	3f 1d       	adc	r19, r15
    1ce2:	16 cb       	rjmp	.-2516   	; 0x1310 <cluster_a_tail_17>
    1ce4:	48 0d       	add	r20, r8
    1ce6:	59 1d       	adc	r21, r9
    1ce8:	13 cb       	rjmp	.-2522   	; 0x1310 <cluster_a_tail_17>
    1cea:	4a 0d       	add	r20, r10
    1cec:	5b 1d       	adc	r21, r11
    1cee:	10 cb       	rjmp	.-2528   	; 0x1310 <cluster_a_tail_17>
    1cf0:	4c 0d       	add	r20, r12
    1cf2:	5d 1d       	adc	r21, r13
    1cf4:	0d cb       	rjmp	.-2534   	; 0x1310 <cluster_a_tail_17>
    1cf6:	4e 0d       	add	r20, r14
    1cf8:	5f 1d       	adc	r21, r15
    1cfa:	0a cb       	rjmp	.-2540   	; 0x1310 <cluster_a_tail_17>
    1cfc:	68 0d       	add	r22, r8
    1cfe:	79 1d       	adc	r23, r9
    1d00:	07 cb       	rjmp	.-2546   	; 0x1310 <cluster_a_tail_17>
    1d02:	6a 0d       	add	r22, r10
    1d04:	7b 1d       	adc	r23, r11
    1d06:	04 cb       	rjmp	.-2552   	; 0x1310 <cluster_a_tail_17>
    1d08:	6c 0d       	add	r22, r12
    1d0a:	7d 1d       	adc	r23, r13
    1d0c:	01 cb       	rjmp	.-2558   	; 0x1310 <cluster_a_tail_17>
    1d0e:	6e 0d       	add	r22, r14
    1d10:	7f 1d       	adc	r23, r15
    1d12:	fe ca       	rjmp	.-2564   	; 0x1310 <cluster_a_tail_17>
    1d14:	88 18       	sub	r8, r8
    1d16:	99 08       	sbc	r9, r9
    1d18:	fb ca       	rjmp	.-2570   	; 0x1310 <cluster_a_tail_17>
    1d1a:	8a 18       	sub	r8, r10
    1d1c:	9b 08       	sbc	r9, r11
    1d1e:	f8 ca       	rjmp	.-2576   	; 0x1310 <cluster_a_tail_17>
    1d20:	8c 18       	sub	r8, r12
    1d22:	9d 08       	sbc	r9, r13
    1d24:	f5 ca       	rjmp	.-2582   	; 0x1310 <cluster_a_tail_17>
    1d26:	8e 18       	sub	r8, r14
    1d28:	9f 08       	sbc	r9, r15
    1d2a:	f2 ca       	rjmp	.-2588   	; 0x1310 <cluster_a_tail_17>
    1d2c:	80 1a       	sub	r8, r16
    1d2e:	91 0a       	sbc	r9, r17
    1d30:	ef ca       	rjmp	.-2594   	; 0x1310 <cluster_a_tail_17>
    1d32:	82 1a       	sub	r8, r18
    1d34:	93 0a       	sbc	r9, r19
    1d36:	ec ca       	rjmp	.-2600   	; 0x1310 <cluster_a_tail_17>
    1d38:	84 1a       	sub	r8, r20
    1d3a:	95 0a       	sbc	r9, r21
    1d3c:	e9 ca       	rjmp	.-2606   	; 0x1310 <cluster_a_tail_17>
    1d3e:	86 1a       	sub	r8, r22
    1d40:	97 0a       	sbc	r9, r23
    1d42:	e6 ca       	rjmp	.-2612   	; 0x1310 <cluster_a_tail_17>
    1d44:	a8 18       	sub	r10, r8
    1d46:	b9 08       	sbc	r11, r9
    1d48:	e3 ca       	rjmp	.-2618   	; 0x1310 <cluster_a_tail_17>
    1d4a:	aa 18       	sub	r10, r10
    1d4c:	bb 08       	sbc	r11, r11
    1d4e:	e0 ca       	rjmp	.-2624   	; 0x1310 <cluster_a_tail_17>
    1d50:	ac 18       	sub	r10, r12
    1d52:	bd 08       	sbc	r11, r13
    1d54:	dd ca       	rjmp	.-2630   	; 0x1310 <cluster_a_tail_17>
    1d56:	ae 18       	sub	r10, r14
    1d58:	bf 08       	sbc	r11, r15
    1d5a:	da ca       	rjmp	.-2636   	; 0x1310 <cluster_a_tail_17>
    1d5c:	a0 1a       	sub	r10, r16
    1d5e:	b1 0a       	sbc	r11, r17
    1d60:	d7 ca       	rjmp	.-2642   	; 0x1310 <cluster_a_tail_17>
    1d62:	a2 1a       	sub	r10, r18
    1d64:	b3 0a       	sbc	r11, r19
    1d66:	d4 ca       	rjmp	.-2648   	; 0x1310 <cluster_a_tail_17>
    1d68:	a4 1a       	sub	r10, r20
    1d6a:	b5 0a       	sbc	r11, r21
    1d6c:	d1 ca       	rjmp	.-2654   	; 0x1310 <cluster_a_tail_17>
    1d6e:	a6 1a       	sub	r10, r22
    1d70:	b7 0a       	sbc	r11, r23
    1d72:	ce ca       	rjmp	.-2660   	; 0x1310 <cluster_a_tail_17>
    1d74:	c8 18       	sub	r12, r8
    1d76:	d9 08       	sbc	r13, r9
    1d78:	cb ca       	rjmp	.-2666   	; 0x1310 <cluster_a_tail_17>
    1d7a:	ca 18       	sub	r12, r10
    1d7c:	db 08       	sbc	r13, r11
    1d7e:	c8 ca       	rjmp	.-2672   	; 0x1310 <cluster_a_tail_17>
    1d80:	cc 18       	sub	r12, r12
    1d82:	dd 08       	sbc	r13, r13
    1d84:	c5 ca       	rjmp	.-2678   	; 0x1310 <cluster_a_tail_17>
    1d86:	ce 18       	sub	r12, r14
    1d88:	df 08       	sbc	r13, r15
    1d8a:	c2 ca       	rjmp	.-2684   	; 0x1310 <cluster_a_tail_17>
    1d8c:	c0 1a       	sub	r12, r16
    1d8e:	d1 0a       	sbc	r13, r17
    1d90:	bf ca       	rjmp	.-2690   	; 0x1310 <cluster_a_tail_17>
    1d92:	c2 1a       	sub	r12, r18
    1d94:	d3 0a       	sbc	r13, r19
    1d96:	bc ca       	rjmp	.-2696   	; 0x1310 <cluster_a_tail_17>
    1d98:	c4 1a       	sub	r12, r20
    1d9a:	d5 0a       	sbc	r13, r21
    1d9c:	b9 ca       	rjmp	.-2702   	; 0x1310 <cluster_a_tail_17>
    1d9e:	c6 1a       	sub	r12, r22
    1da0:	d7 0a       	sbc	r13, r23
    1da2:	b6 ca       	rjmp	.-2708   	; 0x1310 <cluster_a_tail_17>
    1da4:	e8 18       	sub	r14, r8
    1da6:	f9 08       	sbc	r15, r9
    1da8:	b3 ca       	rjmp	.-2714   	; 0x1310 <cluster_a_tail_17>
    1daa:	ea 18       	sub	r14, r10
    1dac:	fb 08       	sbc	r15, r11
    1dae:	b0 ca       	rjmp	.-2720   	; 0x1310 <cluster_a_tail_17>
    1db0:	ec 18       	sub	r14, r12
    1db2:	fd 08       	sbc	r15, r13
    1db4:	ad ca       	rjmp	.-2726   	; 0x1310 <cluster_a_tail_17>
    1db6:	ee 18       	sub	r14, r14
    1db8:	ff 08       	sbc	r15, r15
    1dba:	aa ca       	rjmp	.-2732   	; 0x1310 <cluster_a_tail_17>
    1dbc:	e0 1a       	sub	r14, r16
    1dbe:	f1 0a       	sbc	r15, r17
    1dc0:	a7 ca       	rjmp	.-2738   	; 0x1310 <cluster_a_tail_17>
    1dc2:	e2 1a       	sub	r14, r18
    1dc4:	f3 0a       	sbc	r15, r19
    1dc6:	a4 ca       	rjmp	.-2744   	; 0x1310 <cluster_a_tail_17>
    1dc8:	e4 1a       	sub	r14, r20
    1dca:	f5 0a       	sbc	r15, r21
    1dcc:	a1 ca       	rjmp	.-2750   	; 0x1310 <cluster_a_tail_17>
    1dce:	e6 1a       	sub	r14, r22
    1dd0:	f7 0a       	sbc	r15, r23
    1dd2:	9e ca       	rjmp	.-2756   	; 0x1310 <cluster_a_tail_17>
    1dd4:	08 19       	sub	r16, r8
    1dd6:	19 09       	sbc	r17, r9
    1dd8:	9b ca       	rjmp	.-2762   	; 0x1310 <cluster_a_tail_17>
    1dda:	0a 19       	sub	r16, r10
    1ddc:	1b 09       	sbc	r17, r11
    1dde:	98 ca       	rjmp	.-2768   	; 0x1310 <cluster_a_tail_17>
    1de0:	0c 19       	sub	r16, r12
    1de2:	1d 09       	sbc	r17, r13
    1de4:	95 ca       	rjmp	.-2774   	; 0x1310 <cluster_a_tail_17>
    1de6:	0e 19       	sub	r16, r14
    1de8:	1f 09       	sbc	r17, r15
    1dea:	92 ca       	rjmp	.-2780   	; 0x1310 <cluster_a_tail_17>
    1dec:	28 19       	sub	r18, r8
    1dee:	39 09       	sbc	r19, r9
    1df0:	8f ca       	rjmp	.-2786   	; 0x1310 <cluster_a_tail_17>
    1df2:	2a 19       	sub	r18, r10
    1df4:	3b 09       	sbc	r19, r11
    1df6:	8c ca       	rjmp	.-2792   	; 0x1310 <cluster_a_tail_17>
    1df8:	2c 19       	sub	r18, r12
    1dfa:	3d 09       	sbc	r19, r13
    1dfc:	89 ca       	rjmp	.-2798   	; 0x1310 <cluster_a_tail_17>
    1dfe:	2e 19       	sub	r18, r14
    1e00:	3f 09       	sbc	r19, r15
    1e02:	86 ca       	rjmp	.-2804   	; 0x1310 <cluster_a_tail_17>
    1e04:	48 19       	sub	r20, r8
    1e06:	59 09       	sbc	r21, r9
    1e08:	83 ca       	rjmp	.-2810   	; 0x1310 <cluster_a_tail_17>
    1e0a:	4a 19       	sub	r20, r10
    1e0c:	5b 09       	sbc	r21, r11
    1e0e:	80 ca       	rjmp	.-2816   	; 0x1310 <cluster_a_tail_17>
    1e10:	4c 19       	sub	r20, r12
    1e12:	5d 09       	sbc	r21, r13
    1e14:	7d ca       	rjmp	.-2822   	; 0x1310 <cluster_a_tail_17>
    1e16:	4e 19       	sub	r20, r14
    1e18:	5f 09       	sbc	r21, r15
    1e1a:	7a ca       	rjmp	.-2828   	; 0x1310 <cluster_a_tail_17>
    1e1c:	68 19       	sub	r22, r8
    1e1e:	79 09       	sbc	r23, r9
    1e20:	77 ca       	rjmp	.-2834   	; 0x1310 <cluster_a_tail_17>
    1e22:	6a 19       	sub	r22, r10
    1e24:	7b 09       	sbc	r23, r11
    1e26:	74 ca       	rjmp	.-2840   	; 0x1310 <cluster_a_tail_17>
    1e28:	6c 19       	sub	r22, r12
    1e2a:	7d 09       	sbc	r23, r13
    1e2c:	71 ca       	rjmp	.-2846   	; 0x1310 <cluster_a_tail_17>
    1e2e:	6e 19       	sub	r22, r14
    1e30:	7f 09       	sbc	r23, r15
    1e32:	6e ca       	rjmp	.-2852   	; 0x1310 <cluster_a_tail_17>
    1e34:	44 01       	movw	r8, r8
    1e36:	55 01       	movw	r10, r10
    1e38:	6b ca       	rjmp	.-2858   	; 0x1310 <cluster_a_tail_17>
    1e3a:	46 01       	movw	r8, r12
    1e3c:	57 01       	movw	r10, r14
    1e3e:	68 ca       	rjmp	.-2864   	; 0x1310 <cluster_a_tail_17>
    1e40:	48 01       	movw	r8, r16
    1e42:	59 01       	movw	r10, r18
    1e44:	65 ca       	rjmp	.-2870   	; 0x1310 <cluster_a_tail_17>
    1e46:	4a 01       	movw	r8, r20
    1e48:	5b 01       	movw	r10, r22
    1e4a:	62 ca       	rjmp	.-2876   	; 0x1310 <cluster_a_tail_17>
    1e4c:	64 01       	movw	r12, r8
    1e4e:	75 01       	movw	r14, r10
    1e50:	5f ca       	rjmp	.-2882   	; 0x1310 <cluster_a_tail_17>
    1e52:	66 01       	movw	r12, r12
    1e54:	77 01       	movw	r14, r14
    1e56:	5c ca       	rjmp	.-2888   	; 0x1310 <cluster_a_tail_17>
    1e58:	68 01       	movw	r12, r16
    1e5a:	79 01       	movw	r14, r18
    1e5c:	59 ca       	rjmp	.-2894   	; 0x1310 <cluster_a_tail_17>
    1e5e:	6a 01       	movw	r12, r20
    1e60:	7b 01       	movw	r14, r22
    1e62:	56 ca       	rjmp	.-2900   	; 0x1310 <cluster_a_tail_17>
    1e64:	84 01       	movw	r16, r8
    1e66:	95 01       	movw	r18, r10
    1e68:	53 ca       	rjmp	.-2906   	; 0x1310 <cluster_a_tail_17>
    1e6a:	86 01       	movw	r16, r12
    1e6c:	97 01       	movw	r18, r14
    1e6e:	50 ca       	rjmp	.-2912   	; 0x1310 <cluster_a_tail_17>
    1e70:	a4 01       	movw	r20, r8
    1e72:	b5 01       	movw	r22, r10
    1e74:	4d ca       	rjmp	.-2918   	; 0x1310 <cluster_a_tail_17>
    1e76:	a6 01       	movw	r20, r12
    1e78:	b7 01       	movw	r22, r14
    1e7a:	4a ca       	rjmp	.-2924   	; 0x1310 <cluster_a_tail_17>

00001e7c <f2_table_end>:
    1e7c:	d8 01       	movw	r26, r16
    1e7e:	8c 92       	st	X, r8
    1e80:	54 ca       	rjmp	.-2904   	; 0x132a <cluster_a_tail_18_delay_1>
    1e82:	d8 01       	movw	r26, r16
    1e84:	ac 92       	st	X, r10
    1e86:	51 ca       	rjmp	.-2910   	; 0x132a <cluster_a_tail_18_delay_1>
    1e88:	d8 01       	movw	r26, r16
    1e8a:	cc 92       	st	X, r12
    1e8c:	4e ca       	rjmp	.-2916   	; 0x132a <cluster_a_tail_18_delay_1>
    1e8e:	d8 01       	movw	r26, r16
    1e90:	ec 92       	st	X, r14
    1e92:	4b ca       	rjmp	.-2922   	; 0x132a <cluster_a_tail_18_delay_1>
    1e94:	d9 01       	movw	r26, r18
    1e96:	8c 92       	st	X, r8
    1e98:	48 ca       	rjmp	.-2928   	; 0x132a <cluster_a_tail_18_delay_1>
    1e9a:	d9 01       	movw	r26, r18
    1e9c:	ac 92       	st	X, r10
    1e9e:	45 ca       	rjmp	.-2934   	; 0x132a <cluster_a_tail_18_delay_1>
    1ea0:	d9 01       	movw	r26, r18
    1ea2:	cc 92       	st	X, r12
    1ea4:	42 ca       	rjmp	.-2940   	; 0x132a <cluster_a_tail_18_delay_1>
    1ea6:	d9 01       	movw	r26, r18
    1ea8:	ec 92       	st	X, r14
    1eaa:	3f ca       	rjmp	.-2946   	; 0x132a <cluster_a_tail_18_delay_1>
    1eac:	da 01       	movw	r26, r20
    1eae:	8c 92       	st	X, r8
    1eb0:	3c ca       	rjmp	.-2952   	; 0x132a <cluster_a_tail_18_delay_1>
    1eb2:	da 01       	movw	r26, r20
    1eb4:	ac 92       	st	X, r10
    1eb6:	39 ca       	rjmp	.-2958   	; 0x132a <cluster_a_tail_18_delay_1>
    1eb8:	da 01       	movw	r26, r20
    1eba:	cc 92       	st	X, r12
    1ebc:	36 ca       	rjmp	.-2964   	; 0x132a <cluster_a_tail_18_delay_1>
    1ebe:	da 01       	movw	r26, r20
    1ec0:	ec 92       	st	X, r14
    1ec2:	33 ca       	rjmp	.-2970   	; 0x132a <cluster_a_tail_18_delay_1>
    1ec4:	db 01       	movw	r26, r22
    1ec6:	8c 92       	st	X, r8
    1ec8:	30 ca       	rjmp	.-2976   	; 0x132a <cluster_a_tail_18_delay_1>
    1eca:	db 01       	movw	r26, r22
    1ecc:	ac 92       	st	X, r10
    1ece:	2d ca       	rjmp	.-2982   	; 0x132a <cluster_a_tail_18_delay_1>
    1ed0:	db 01       	movw	r26, r22
    1ed2:	cc 92       	st	X, r12
    1ed4:	2a ca       	rjmp	.-2988   	; 0x132a <cluster_a_tail_18_delay_1>
    1ed6:	db 01       	movw	r26, r22
    1ed8:	ec 92       	st	X, r14
    1eda:	27 ca       	rjmp	.-2994   	; 0x132a <cluster_a_tail_18_delay_1>
    1edc:	00 9f       	mul	r16, r16
    1ede:	80 01       	movw	r16, r0
    1ee0:	24 ca       	rjmp	.-3000   	; 0x132a <cluster_a_tail_18_delay_1>
    1ee2:	02 9f       	mul	r16, r18
    1ee4:	80 01       	movw	r16, r0
    1ee6:	21 ca       	rjmp	.-3006   	; 0x132a <cluster_a_tail_18_delay_1>
    1ee8:	04 9f       	mul	r16, r20
    1eea:	80 01       	movw	r16, r0
    1eec:	1e ca       	rjmp	.-3012   	; 0x132a <cluster_a_tail_18_delay_1>
    1eee:	06 9f       	mul	r16, r22
    1ef0:	80 01       	movw	r16, r0
    1ef2:	1b ca       	rjmp	.-3018   	; 0x132a <cluster_a_tail_18_delay_1>
    1ef4:	20 9f       	mul	r18, r16
    1ef6:	90 01       	movw	r18, r0
    1ef8:	18 ca       	rjmp	.-3024   	; 0x132a <cluster_a_tail_18_delay_1>
    1efa:	22 9f       	mul	r18, r18
    1efc:	90 01       	movw	r18, r0
    1efe:	15 ca       	rjmp	.-3030   	; 0x132a <cluster_a_tail_18_delay_1>
    1f00:	24 9f       	mul	r18, r20
    1f02:	90 01       	movw	r18, r0
    1f04:	12 ca       	rjmp	.-3036   	; 0x132a <cluster_a_tail_18_delay_1>
    1f06:	26 9f       	mul	r18, r22
    1f08:	90 01       	movw	r18, r0
    1f0a:	0f ca       	rjmp	.-3042   	; 0x132a <cluster_a_tail_18_delay_1>
    1f0c:	40 9f       	mul	r20, r16
    1f0e:	a0 01       	movw	r20, r0
    1f10:	0c ca       	rjmp	.-3048   	; 0x132a <cluster_a_tail_18_delay_1>
    1f12:	42 9f       	mul	r20, r18
    1f14:	a0 01       	movw	r20, r0
    1f16:	09 ca       	rjmp	.-3054   	; 0x132a <cluster_a_tail_18_delay_1>
    1f18:	44 9f       	mul	r20, r20
    1f1a:	a0 01       	movw	r20, r0
    1f1c:	06 ca       	rjmp	.-3060   	; 0x132a <cluster_a_tail_18_delay_1>
    1f1e:	46 9f       	mul	r20, r22
    1f20:	a0 01       	movw	r20, r0
    1f22:	03 ca       	rjmp	.-3066   	; 0x132a <cluster_a_tail_18_delay_1>
    1f24:	60 9f       	mul	r22, r16
    1f26:	b0 01       	movw	r22, r0
    1f28:	00 ca       	rjmp	.-3072   	; 0x132a <cluster_a_tail_18_delay_1>
    1f2a:	62 9f       	mul	r22, r18
    1f2c:	b0 01       	movw	r22, r0
    1f2e:	fd c9       	rjmp	.-3078   	; 0x132a <cluster_a_tail_18_delay_1>
    1f30:	64 9f       	mul	r22, r20
    1f32:	b0 01       	movw	r22, r0
    1f34:	fa c9       	rjmp	.-3084   	; 0x132a <cluster_a_tail_18_delay_1>
    1f36:	66 9f       	mul	r22, r22
    1f38:	b0 01       	movw	r22, r0
    1f3a:	f7 c9       	rjmp	.-3090   	; 0x132a <cluster_a_tail_18_delay_1>
    1f3c:	00 02       	muls	r16, r16
    1f3e:	80 01       	movw	r16, r0
    1f40:	f4 c9       	rjmp	.-3096   	; 0x132a <cluster_a_tail_18_delay_1>
    1f42:	02 02       	muls	r16, r18
    1f44:	80 01       	movw	r16, r0
    1f46:	f1 c9       	rjmp	.-3102   	; 0x132a <cluster_a_tail_18_delay_1>
    1f48:	04 02       	muls	r16, r20
    1f4a:	80 01       	movw	r16, r0
    1f4c:	ee c9       	rjmp	.-3108   	; 0x132a <cluster_a_tail_18_delay_1>
    1f4e:	06 02       	muls	r16, r22
    1f50:	80 01       	movw	r16, r0
    1f52:	eb c9       	rjmp	.-3114   	; 0x132a <cluster_a_tail_18_delay_1>
    1f54:	20 02       	muls	r18, r16
    1f56:	90 01       	movw	r18, r0
    1f58:	e8 c9       	rjmp	.-3120   	; 0x132a <cluster_a_tail_18_delay_1>
    1f5a:	22 02       	muls	r18, r18
    1f5c:	90 01       	movw	r18, r0
    1f5e:	e5 c9       	rjmp	.-3126   	; 0x132a <cluster_a_tail_18_delay_1>
    1f60:	24 02       	muls	r18, r20
    1f62:	90 01       	movw	r18, r0
    1f64:	e2 c9       	rjmp	.-3132   	; 0x132a <cluster_a_tail_18_delay_1>
    1f66:	26 02       	muls	r18, r22
    1f68:	90 01       	movw	r18, r0
    1f6a:	df c9       	rjmp	.-3138   	; 0x132a <cluster_a_tail_18_delay_1>
    1f6c:	40 02       	muls	r20, r16
    1f6e:	a0 01       	movw	r20, r0
    1f70:	dc c9       	rjmp	.-3144   	; 0x132a <cluster_a_tail_18_delay_1>
    1f72:	42 02       	muls	r20, r18
    1f74:	a0 01       	movw	r20, r0
    1f76:	d9 c9       	rjmp	.-3150   	; 0x132a <cluster_a_tail_18_delay_1>
    1f78:	44 02       	muls	r20, r20
    1f7a:	a0 01       	movw	r20, r0
    1f7c:	d6 c9       	rjmp	.-3156   	; 0x132a <cluster_a_tail_18_delay_1>
    1f7e:	46 02       	muls	r20, r22
    1f80:	a0 01       	movw	r20, r0
    1f82:	d3 c9       	rjmp	.-3162   	; 0x132a <cluster_a_tail_18_delay_1>
    1f84:	60 02       	muls	r22, r16
    1f86:	b0 01       	movw	r22, r0
    1f88:	d0 c9       	rjmp	.-3168   	; 0x132a <cluster_a_tail_18_delay_1>
    1f8a:	62 02       	muls	r22, r18
    1f8c:	b0 01       	movw	r22, r0
    1f8e:	cd c9       	rjmp	.-3174   	; 0x132a <cluster_a_tail_18_delay_1>
    1f90:	64 02       	muls	r22, r20
    1f92:	b0 01       	movw	r22, r0
    1f94:	ca c9       	rjmp	.-3180   	; 0x132a <cluster_a_tail_18_delay_1>
    1f96:	66 02       	muls	r22, r22
    1f98:	b0 01       	movw	r22, r0
    1f9a:	c7 c9       	rjmp	.-3186   	; 0x132a <cluster_a_tail_18_delay_1>
    1f9c:	00 03       	mulsu	r16, r16
    1f9e:	80 01       	movw	r16, r0
    1fa0:	c4 c9       	rjmp	.-3192   	; 0x132a <cluster_a_tail_18_delay_1>
    1fa2:	02 03       	mulsu	r16, r18
    1fa4:	80 01       	movw	r16, r0
    1fa6:	c1 c9       	rjmp	.-3198   	; 0x132a <cluster_a_tail_18_delay_1>
    1fa8:	04 03       	mulsu	r16, r20
    1faa:	80 01       	movw	r16, r0
    1fac:	be c9       	rjmp	.-3204   	; 0x132a <cluster_a_tail_18_delay_1>
    1fae:	06 03       	mulsu	r16, r22
    1fb0:	80 01       	movw	r16, r0
    1fb2:	bb c9       	rjmp	.-3210   	; 0x132a <cluster_a_tail_18_delay_1>
    1fb4:	20 03       	mulsu	r18, r16
    1fb6:	90 01       	movw	r18, r0
    1fb8:	b8 c9       	rjmp	.-3216   	; 0x132a <cluster_a_tail_18_delay_1>
    1fba:	22 03       	mulsu	r18, r18
    1fbc:	90 01       	movw	r18, r0
    1fbe:	b5 c9       	rjmp	.-3222   	; 0x132a <cluster_a_tail_18_delay_1>
    1fc0:	24 03       	mulsu	r18, r20
    1fc2:	90 01       	movw	r18, r0
    1fc4:	b2 c9       	rjmp	.-3228   	; 0x132a <cluster_a_tail_18_delay_1>
    1fc6:	26 03       	mulsu	r18, r22
    1fc8:	90 01       	movw	r18, r0
    1fca:	af c9       	rjmp	.-3234   	; 0x132a <cluster_a_tail_18_delay_1>
    1fcc:	40 03       	mulsu	r20, r16
    1fce:	a0 01       	movw	r20, r0
    1fd0:	ac c9       	rjmp	.-3240   	; 0x132a <cluster_a_tail_18_delay_1>
    1fd2:	42 03       	mulsu	r20, r18
    1fd4:	a0 01       	movw	r20, r0
    1fd6:	a9 c9       	rjmp	.-3246   	; 0x132a <cluster_a_tail_18_delay_1>
    1fd8:	44 03       	mulsu	r20, r20
    1fda:	a0 01       	movw	r20, r0
    1fdc:	a6 c9       	rjmp	.-3252   	; 0x132a <cluster_a_tail_18_delay_1>
    1fde:	46 03       	mulsu	r20, r22
    1fe0:	a0 01       	movw	r20, r0
    1fe2:	a3 c9       	rjmp	.-3258   	; 0x132a <cluster_a_tail_18_delay_1>
    1fe4:	60 03       	mulsu	r22, r16
    1fe6:	b0 01       	movw	r22, r0
    1fe8:	a0 c9       	rjmp	.-3264   	; 0x132a <cluster_a_tail_18_delay_1>
    1fea:	62 03       	mulsu	r22, r18
    1fec:	b0 01       	movw	r22, r0
    1fee:	9d c9       	rjmp	.-3270   	; 0x132a <cluster_a_tail_18_delay_1>
    1ff0:	64 03       	mulsu	r22, r20
    1ff2:	b0 01       	movw	r22, r0
    1ff4:	9a c9       	rjmp	.-3276   	; 0x132a <cluster_a_tail_18_delay_1>
    1ff6:	66 03       	mulsu	r22, r22
    1ff8:	b0 01       	movw	r22, r0
    1ffa:	97 c9       	rjmp	.-3282   	; 0x132a <cluster_a_tail_18_delay_1>
    1ffc:	08 81       	ld	r16, Y
    1ffe:	11 27       	eor	r17, r17
    2000:	94 c9       	rjmp	.-3288   	; 0x132a <cluster_a_tail_18_delay_1>
    2002:	28 81       	ld	r18, Y
    2004:	33 27       	eor	r19, r19
    2006:	91 c9       	rjmp	.-3294   	; 0x132a <cluster_a_tail_18_delay_1>
    2008:	48 81       	ld	r20, Y
    200a:	55 27       	eor	r21, r21
    200c:	8e c9       	rjmp	.-3300   	; 0x132a <cluster_a_tail_18_delay_1>
    200e:	68 81       	ld	r22, Y
    2010:	77 27       	eor	r23, r23
    2012:	8b c9       	rjmp	.-3306   	; 0x132a <cluster_a_tail_18_delay_1>
    2014:	09 81       	ldd	r16, Y+1	; 0x01
    2016:	11 27       	eor	r17, r17
    2018:	88 c9       	rjmp	.-3312   	; 0x132a <cluster_a_tail_18_delay_1>
    201a:	29 81       	ldd	r18, Y+1	; 0x01
    201c:	33 27       	eor	r19, r19
    201e:	85 c9       	rjmp	.-3318   	; 0x132a <cluster_a_tail_18_delay_1>
    2020:	49 81       	ldd	r20, Y+1	; 0x01
    2022:	55 27       	eor	r21, r21
    2024:	82 c9       	rjmp	.-3324   	; 0x132a <cluster_a_tail_18_delay_1>
    2026:	69 81       	ldd	r22, Y+1	; 0x01
    2028:	77 27       	eor	r23, r23
    202a:	7f c9       	rjmp	.-3330   	; 0x132a <cluster_a_tail_18_delay_1>
    202c:	0a 81       	ldd	r16, Y+2	; 0x02
    202e:	11 27       	eor	r17, r17
    2030:	7c c9       	rjmp	.-3336   	; 0x132a <cluster_a_tail_18_delay_1>
    2032:	2a 81       	ldd	r18, Y+2	; 0x02
    2034:	33 27       	eor	r19, r19
    2036:	79 c9       	rjmp	.-3342   	; 0x132a <cluster_a_tail_18_delay_1>
    2038:	4a 81       	ldd	r20, Y+2	; 0x02
    203a:	55 27       	eor	r21, r21
    203c:	76 c9       	rjmp	.-3348   	; 0x132a <cluster_a_tail_18_delay_1>
    203e:	6a 81       	ldd	r22, Y+2	; 0x02
    2040:	77 27       	eor	r23, r23
    2042:	73 c9       	rjmp	.-3354   	; 0x132a <cluster_a_tail_18_delay_1>
    2044:	0b 81       	ldd	r16, Y+3	; 0x03
    2046:	11 27       	eor	r17, r17
    2048:	70 c9       	rjmp	.-3360   	; 0x132a <cluster_a_tail_18_delay_1>
    204a:	2b 81       	ldd	r18, Y+3	; 0x03
    204c:	33 27       	eor	r19, r19
    204e:	6d c9       	rjmp	.-3366   	; 0x132a <cluster_a_tail_18_delay_1>
    2050:	4b 81       	ldd	r20, Y+3	; 0x03
    2052:	55 27       	eor	r21, r21
    2054:	6a c9       	rjmp	.-3372   	; 0x132a <cluster_a_tail_18_delay_1>
    2056:	6b 81       	ldd	r22, Y+3	; 0x03
    2058:	77 27       	eor	r23, r23
    205a:	67 c9       	rjmp	.-3378   	; 0x132a <cluster_a_tail_18_delay_1>
    205c:	0c 81       	ldd	r16, Y+4	; 0x04
    205e:	11 27       	eor	r17, r17
    2060:	64 c9       	rjmp	.-3384   	; 0x132a <cluster_a_tail_18_delay_1>
    2062:	2c 81       	ldd	r18, Y+4	; 0x04
    2064:	33 27       	eor	r19, r19
    2066:	61 c9       	rjmp	.-3390   	; 0x132a <cluster_a_tail_18_delay_1>
    2068:	4c 81       	ldd	r20, Y+4	; 0x04
    206a:	55 27       	eor	r21, r21
    206c:	5e c9       	rjmp	.-3396   	; 0x132a <cluster_a_tail_18_delay_1>
    206e:	6c 81       	ldd	r22, Y+4	; 0x04
    2070:	77 27       	eor	r23, r23
    2072:	5b c9       	rjmp	.-3402   	; 0x132a <cluster_a_tail_18_delay_1>
    2074:	0d 81       	ldd	r16, Y+5	; 0x05
    2076:	11 27       	eor	r17, r17
    2078:	58 c9       	rjmp	.-3408   	; 0x132a <cluster_a_tail_18_delay_1>
    207a:	2d 81       	ldd	r18, Y+5	; 0x05
    207c:	33 27       	eor	r19, r19
    207e:	55 c9       	rjmp	.-3414   	; 0x132a <cluster_a_tail_18_delay_1>
    2080:	4d 81       	ldd	r20, Y+5	; 0x05
    2082:	55 27       	eor	r21, r21
    2084:	52 c9       	rjmp	.-3420   	; 0x132a <cluster_a_tail_18_delay_1>
    2086:	6d 81       	ldd	r22, Y+5	; 0x05
    2088:	77 27       	eor	r23, r23
    208a:	4f c9       	rjmp	.-3426   	; 0x132a <cluster_a_tail_18_delay_1>
    208c:	0e 81       	ldd	r16, Y+6	; 0x06
    208e:	11 27       	eor	r17, r17
    2090:	4c c9       	rjmp	.-3432   	; 0x132a <cluster_a_tail_18_delay_1>
    2092:	2e 81       	ldd	r18, Y+6	; 0x06
    2094:	33 27       	eor	r19, r19
    2096:	49 c9       	rjmp	.-3438   	; 0x132a <cluster_a_tail_18_delay_1>
    2098:	4e 81       	ldd	r20, Y+6	; 0x06
    209a:	55 27       	eor	r21, r21
    209c:	46 c9       	rjmp	.-3444   	; 0x132a <cluster_a_tail_18_delay_1>
    209e:	6e 81       	ldd	r22, Y+6	; 0x06
    20a0:	77 27       	eor	r23, r23
    20a2:	43 c9       	rjmp	.-3450   	; 0x132a <cluster_a_tail_18_delay_1>
    20a4:	0f 81       	ldd	r16, Y+7	; 0x07
    20a6:	11 27       	eor	r17, r17
    20a8:	40 c9       	rjmp	.-3456   	; 0x132a <cluster_a_tail_18_delay_1>
    20aa:	2f 81       	ldd	r18, Y+7	; 0x07
    20ac:	33 27       	eor	r19, r19
    20ae:	3d c9       	rjmp	.-3462   	; 0x132a <cluster_a_tail_18_delay_1>
    20b0:	4f 81       	ldd	r20, Y+7	; 0x07
    20b2:	55 27       	eor	r21, r21
    20b4:	3a c9       	rjmp	.-3468   	; 0x132a <cluster_a_tail_18_delay_1>
    20b6:	6f 81       	ldd	r22, Y+7	; 0x07
    20b8:	77 27       	eor	r23, r23
    20ba:	37 c9       	rjmp	.-3474   	; 0x132a <cluster_a_tail_18_delay_1>
    20bc:	08 85       	ldd	r16, Y+8	; 0x08
    20be:	11 27       	eor	r17, r17
    20c0:	34 c9       	rjmp	.-3480   	; 0x132a <cluster_a_tail_18_delay_1>
    20c2:	28 85       	ldd	r18, Y+8	; 0x08
    20c4:	33 27       	eor	r19, r19
    20c6:	31 c9       	rjmp	.-3486   	; 0x132a <cluster_a_tail_18_delay_1>
    20c8:	48 85       	ldd	r20, Y+8	; 0x08
    20ca:	55 27       	eor	r21, r21
    20cc:	2e c9       	rjmp	.-3492   	; 0x132a <cluster_a_tail_18_delay_1>
    20ce:	68 85       	ldd	r22, Y+8	; 0x08
    20d0:	77 27       	eor	r23, r23
    20d2:	2b c9       	rjmp	.-3498   	; 0x132a <cluster_a_tail_18_delay_1>
    20d4:	09 85       	ldd	r16, Y+9	; 0x09
    20d6:	11 27       	eor	r17, r17
    20d8:	28 c9       	rjmp	.-3504   	; 0x132a <cluster_a_tail_18_delay_1>
    20da:	29 85       	ldd	r18, Y+9	; 0x09
    20dc:	33 27       	eor	r19, r19
    20de:	25 c9       	rjmp	.-3510   	; 0x132a <cluster_a_tail_18_delay_1>
    20e0:	49 85       	ldd	r20, Y+9	; 0x09
    20e2:	55 27       	eor	r21, r21
    20e4:	22 c9       	rjmp	.-3516   	; 0x132a <cluster_a_tail_18_delay_1>
    20e6:	69 85       	ldd	r22, Y+9	; 0x09
    20e8:	77 27       	eor	r23, r23
    20ea:	1f c9       	rjmp	.-3522   	; 0x132a <cluster_a_tail_18_delay_1>
    20ec:	0a 85       	ldd	r16, Y+10	; 0x0a
    20ee:	11 27       	eor	r17, r17
    20f0:	1c c9       	rjmp	.-3528   	; 0x132a <cluster_a_tail_18_delay_1>
    20f2:	2a 85       	ldd	r18, Y+10	; 0x0a
    20f4:	33 27       	eor	r19, r19
    20f6:	19 c9       	rjmp	.-3534   	; 0x132a <cluster_a_tail_18_delay_1>
    20f8:	4a 85       	ldd	r20, Y+10	; 0x0a
    20fa:	55 27       	eor	r21, r21
    20fc:	16 c9       	rjmp	.-3540   	; 0x132a <cluster_a_tail_18_delay_1>
    20fe:	6a 85       	ldd	r22, Y+10	; 0x0a
    2100:	77 27       	eor	r23, r23
    2102:	13 c9       	rjmp	.-3546   	; 0x132a <cluster_a_tail_18_delay_1>
    2104:	0b 85       	ldd	r16, Y+11	; 0x0b
    2106:	11 27       	eor	r17, r17
    2108:	10 c9       	rjmp	.-3552   	; 0x132a <cluster_a_tail_18_delay_1>
    210a:	2b 85       	ldd	r18, Y+11	; 0x0b
    210c:	33 27       	eor	r19, r19
    210e:	0d c9       	rjmp	.-3558   	; 0x132a <cluster_a_tail_18_delay_1>
    2110:	4b 85       	ldd	r20, Y+11	; 0x0b
    2112:	55 27       	eor	r21, r21
    2114:	0a c9       	rjmp	.-3564   	; 0x132a <cluster_a_tail_18_delay_1>
    2116:	6b 85       	ldd	r22, Y+11	; 0x0b
    2118:	77 27       	eor	r23, r23
    211a:	07 c9       	rjmp	.-3570   	; 0x132a <cluster_a_tail_18_delay_1>
    211c:	0c 85       	ldd	r16, Y+12	; 0x0c
    211e:	11 27       	eor	r17, r17
    2120:	04 c9       	rjmp	.-3576   	; 0x132a <cluster_a_tail_18_delay_1>
    2122:	2c 85       	ldd	r18, Y+12	; 0x0c
    2124:	33 27       	eor	r19, r19
    2126:	01 c9       	rjmp	.-3582   	; 0x132a <cluster_a_tail_18_delay_1>
    2128:	4c 85       	ldd	r20, Y+12	; 0x0c
    212a:	55 27       	eor	r21, r21
    212c:	fe c8       	rjmp	.-3588   	; 0x132a <cluster_a_tail_18_delay_1>
    212e:	6c 85       	ldd	r22, Y+12	; 0x0c
    2130:	77 27       	eor	r23, r23
    2132:	fb c8       	rjmp	.-3594   	; 0x132a <cluster_a_tail_18_delay_1>
    2134:	0d 85       	ldd	r16, Y+13	; 0x0d
    2136:	11 27       	eor	r17, r17
    2138:	f8 c8       	rjmp	.-3600   	; 0x132a <cluster_a_tail_18_delay_1>
    213a:	2d 85       	ldd	r18, Y+13	; 0x0d
    213c:	33 27       	eor	r19, r19
    213e:	f5 c8       	rjmp	.-3606   	; 0x132a <cluster_a_tail_18_delay_1>
    2140:	4d 85       	ldd	r20, Y+13	; 0x0d
    2142:	55 27       	eor	r21, r21
    2144:	f2 c8       	rjmp	.-3612   	; 0x132a <cluster_a_tail_18_delay_1>
    2146:	6d 85       	ldd	r22, Y+13	; 0x0d
    2148:	77 27       	eor	r23, r23
    214a:	ef c8       	rjmp	.-3618   	; 0x132a <cluster_a_tail_18_delay_1>
    214c:	0e 85       	ldd	r16, Y+14	; 0x0e
    214e:	11 27       	eor	r17, r17
    2150:	ec c8       	rjmp	.-3624   	; 0x132a <cluster_a_tail_18_delay_1>
    2152:	2e 85       	ldd	r18, Y+14	; 0x0e
    2154:	33 27       	eor	r19, r19
    2156:	e9 c8       	rjmp	.-3630   	; 0x132a <cluster_a_tail_18_delay_1>
    2158:	4e 85       	ldd	r20, Y+14	; 0x0e
    215a:	55 27       	eor	r21, r21
    215c:	e6 c8       	rjmp	.-3636   	; 0x132a <cluster_a_tail_18_delay_1>
    215e:	6e 85       	ldd	r22, Y+14	; 0x0e
    2160:	77 27       	eor	r23, r23
    2162:	e3 c8       	rjmp	.-3642   	; 0x132a <cluster_a_tail_18_delay_1>
    2164:	0f 85       	ldd	r16, Y+15	; 0x0f
    2166:	11 27       	eor	r17, r17
    2168:	e0 c8       	rjmp	.-3648   	; 0x132a <cluster_a_tail_18_delay_1>
    216a:	2f 85       	ldd	r18, Y+15	; 0x0f
    216c:	33 27       	eor	r19, r19
    216e:	dd c8       	rjmp	.-3654   	; 0x132a <cluster_a_tail_18_delay_1>
    2170:	4f 85       	ldd	r20, Y+15	; 0x0f
    2172:	55 27       	eor	r21, r21
    2174:	da c8       	rjmp	.-3660   	; 0x132a <cluster_a_tail_18_delay_1>
    2176:	6f 85       	ldd	r22, Y+15	; 0x0f
    2178:	77 27       	eor	r23, r23
    217a:	d7 c8       	rjmp	.-3666   	; 0x132a <cluster_a_tail_18_delay_1>

0000217c <cluster_b_start>:
    217c:	00 00       	nop

0000217e <cluster_b_tail_17>:
    217e:	43 0c       	add	r4, r3
    2180:	52 1c       	adc	r5, r2
    2182:	62 1c       	adc	r6, r2
    2184:	f8 94       	cli
    2186:	2e bc       	out	0x2e, r2	; 46
    2188:	8e b5       	in	r24, 0x2e	; 46
    218a:	78 94       	sei
    218c:	87 9d       	mul	r24, r7
    218e:	f0 01       	movw	r30, r0
    2190:	ff 5f       	subi	r31, 0xFF	; 255
    2192:	09 94       	ijmp

00002194 <flags_commit_b_18_delay_2>:
    2194:	8e bb       	out	0x1e, r24	; 30

00002196 <cluster_b_tail_18_delay_2>:
    2196:	02 c0       	rjmp	.+4      	; 0x219c <cluster_b_tail>

00002198 <flags_commit_b_18_delay_1>:
    2198:	8e bb       	out	0x1e, r24	; 30

0000219a <cluster_b_tail_18_delay_1>:
    219a:	00 00       	nop

0000219c <cluster_b_tail>:
    219c:	43 0c       	add	r4, r3
    219e:	8e b5       	in	r24, 0x2e	; 46
    21a0:	2e bc       	out	0x2e, r2	; 46
    21a2:	52 1c       	adc	r5, r2
    21a4:	62 1c       	adc	r6, r2
    21a6:	87 9d       	mul	r24, r7
    21a8:	f0 01       	movw	r30, r0
    21aa:	ff 5f       	subi	r31, 0xFF	; 255
    21ac:	09 94       	ijmp

000021ae <cluster_b_end>:
    21ae:	93 cb       	rjmp	.-2266   	; 0x18d6 <f0_coldmem_end>

000021b0 <secondary_invalid_b_func>:
    21b0:	aa c8       	rjmp	.-3756   	; 0x1306 <invalid_secondary_instruction_func>

000021b2 <f4_table>:
    21b2:	08 81       	ld	r16, Y
    21b4:	19 81       	ldd	r17, Y+1	; 0x01
    21b6:	f2 cf       	rjmp	.-28     	; 0x219c <cluster_b_tail>
    21b8:	28 81       	ld	r18, Y
    21ba:	39 81       	ldd	r19, Y+1	; 0x01
    21bc:	ef cf       	rjmp	.-34     	; 0x219c <cluster_b_tail>
    21be:	48 81       	ld	r20, Y
    21c0:	59 81       	ldd	r21, Y+1	; 0x01
    21c2:	ec cf       	rjmp	.-40     	; 0x219c <cluster_b_tail>
    21c4:	68 81       	ld	r22, Y
    21c6:	79 81       	ldd	r23, Y+1	; 0x01
    21c8:	e9 cf       	rjmp	.-46     	; 0x219c <cluster_b_tail>
    21ca:	09 81       	ldd	r16, Y+1	; 0x01
    21cc:	1a 81       	ldd	r17, Y+2	; 0x02
    21ce:	e6 cf       	rjmp	.-52     	; 0x219c <cluster_b_tail>
    21d0:	29 81       	ldd	r18, Y+1	; 0x01
    21d2:	3a 81       	ldd	r19, Y+2	; 0x02
    21d4:	e3 cf       	rjmp	.-58     	; 0x219c <cluster_b_tail>
    21d6:	49 81       	ldd	r20, Y+1	; 0x01
    21d8:	5a 81       	ldd	r21, Y+2	; 0x02
    21da:	e0 cf       	rjmp	.-64     	; 0x219c <cluster_b_tail>
    21dc:	69 81       	ldd	r22, Y+1	; 0x01
    21de:	7a 81       	ldd	r23, Y+2	; 0x02
    21e0:	dd cf       	rjmp	.-70     	; 0x219c <cluster_b_tail>
    21e2:	0a 81       	ldd	r16, Y+2	; 0x02
    21e4:	1b 81       	ldd	r17, Y+3	; 0x03
    21e6:	da cf       	rjmp	.-76     	; 0x219c <cluster_b_tail>
    21e8:	2a 81       	ldd	r18, Y+2	; 0x02
    21ea:	3b 81       	ldd	r19, Y+3	; 0x03
    21ec:	d7 cf       	rjmp	.-82     	; 0x219c <cluster_b_tail>
    21ee:	4a 81       	ldd	r20, Y+2	; 0x02
    21f0:	5b 81       	ldd	r21, Y+3	; 0x03
    21f2:	d4 cf       	rjmp	.-88     	; 0x219c <cluster_b_tail>
    21f4:	6a 81       	ldd	r22, Y+2	; 0x02
    21f6:	7b 81       	ldd	r23, Y+3	; 0x03
    21f8:	d1 cf       	rjmp	.-94     	; 0x219c <cluster_b_tail>
    21fa:	0b 81       	ldd	r16, Y+3	; 0x03
    21fc:	1c 81       	ldd	r17, Y+4	; 0x04
    21fe:	ce cf       	rjmp	.-100    	; 0x219c <cluster_b_tail>
    2200:	2b 81       	ldd	r18, Y+3	; 0x03
    2202:	3c 81       	ldd	r19, Y+4	; 0x04
    2204:	cb cf       	rjmp	.-106    	; 0x219c <cluster_b_tail>
    2206:	4b 81       	ldd	r20, Y+3	; 0x03
    2208:	5c 81       	ldd	r21, Y+4	; 0x04
    220a:	c8 cf       	rjmp	.-112    	; 0x219c <cluster_b_tail>
    220c:	6b 81       	ldd	r22, Y+3	; 0x03
    220e:	7c 81       	ldd	r23, Y+4	; 0x04
    2210:	c5 cf       	rjmp	.-118    	; 0x219c <cluster_b_tail>
    2212:	0c 81       	ldd	r16, Y+4	; 0x04
    2214:	1d 81       	ldd	r17, Y+5	; 0x05
    2216:	c2 cf       	rjmp	.-124    	; 0x219c <cluster_b_tail>
    2218:	2c 81       	ldd	r18, Y+4	; 0x04
    221a:	3d 81       	ldd	r19, Y+5	; 0x05
    221c:	bf cf       	rjmp	.-130    	; 0x219c <cluster_b_tail>
    221e:	4c 81       	ldd	r20, Y+4	; 0x04
    2220:	5d 81       	ldd	r21, Y+5	; 0x05
    2222:	bc cf       	rjmp	.-136    	; 0x219c <cluster_b_tail>
    2224:	6c 81       	ldd	r22, Y+4	; 0x04
    2226:	7d 81       	ldd	r23, Y+5	; 0x05
    2228:	b9 cf       	rjmp	.-142    	; 0x219c <cluster_b_tail>
    222a:	0d 81       	ldd	r16, Y+5	; 0x05
    222c:	1e 81       	ldd	r17, Y+6	; 0x06
    222e:	b6 cf       	rjmp	.-148    	; 0x219c <cluster_b_tail>
    2230:	2d 81       	ldd	r18, Y+5	; 0x05
    2232:	3e 81       	ldd	r19, Y+6	; 0x06
    2234:	b3 cf       	rjmp	.-154    	; 0x219c <cluster_b_tail>
    2236:	4d 81       	ldd	r20, Y+5	; 0x05
    2238:	5e 81       	ldd	r21, Y+6	; 0x06
    223a:	b0 cf       	rjmp	.-160    	; 0x219c <cluster_b_tail>
    223c:	6d 81       	ldd	r22, Y+5	; 0x05
    223e:	7e 81       	ldd	r23, Y+6	; 0x06
    2240:	ad cf       	rjmp	.-166    	; 0x219c <cluster_b_tail>
    2242:	0e 81       	ldd	r16, Y+6	; 0x06
    2244:	1f 81       	ldd	r17, Y+7	; 0x07
    2246:	aa cf       	rjmp	.-172    	; 0x219c <cluster_b_tail>
    2248:	2e 81       	ldd	r18, Y+6	; 0x06
    224a:	3f 81       	ldd	r19, Y+7	; 0x07
    224c:	a7 cf       	rjmp	.-178    	; 0x219c <cluster_b_tail>
    224e:	4e 81       	ldd	r20, Y+6	; 0x06
    2250:	5f 81       	ldd	r21, Y+7	; 0x07
    2252:	a4 cf       	rjmp	.-184    	; 0x219c <cluster_b_tail>
    2254:	6e 81       	ldd	r22, Y+6	; 0x06
    2256:	7f 81       	ldd	r23, Y+7	; 0x07
    2258:	a1 cf       	rjmp	.-190    	; 0x219c <cluster_b_tail>
    225a:	0f 81       	ldd	r16, Y+7	; 0x07
    225c:	18 85       	ldd	r17, Y+8	; 0x08
    225e:	9e cf       	rjmp	.-196    	; 0x219c <cluster_b_tail>
    2260:	2f 81       	ldd	r18, Y+7	; 0x07
    2262:	38 85       	ldd	r19, Y+8	; 0x08
    2264:	9b cf       	rjmp	.-202    	; 0x219c <cluster_b_tail>
    2266:	4f 81       	ldd	r20, Y+7	; 0x07
    2268:	58 85       	ldd	r21, Y+8	; 0x08
    226a:	98 cf       	rjmp	.-208    	; 0x219c <cluster_b_tail>
    226c:	6f 81       	ldd	r22, Y+7	; 0x07
    226e:	78 85       	ldd	r23, Y+8	; 0x08
    2270:	95 cf       	rjmp	.-214    	; 0x219c <cluster_b_tail>
    2272:	08 85       	ldd	r16, Y+8	; 0x08
    2274:	19 85       	ldd	r17, Y+9	; 0x09
    2276:	92 cf       	rjmp	.-220    	; 0x219c <cluster_b_tail>
    2278:	28 85       	ldd	r18, Y+8	; 0x08
    227a:	39 85       	ldd	r19, Y+9	; 0x09
    227c:	8f cf       	rjmp	.-226    	; 0x219c <cluster_b_tail>
    227e:	48 85       	ldd	r20, Y+8	; 0x08
    2280:	59 85       	ldd	r21, Y+9	; 0x09
    2282:	8c cf       	rjmp	.-232    	; 0x219c <cluster_b_tail>
    2284:	68 85       	ldd	r22, Y+8	; 0x08
    2286:	79 85       	ldd	r23, Y+9	; 0x09
    2288:	89 cf       	rjmp	.-238    	; 0x219c <cluster_b_tail>
    228a:	09 85       	ldd	r16, Y+9	; 0x09
    228c:	1a 85       	ldd	r17, Y+10	; 0x0a
    228e:	86 cf       	rjmp	.-244    	; 0x219c <cluster_b_tail>
    2290:	29 85       	ldd	r18, Y+9	; 0x09
    2292:	3a 85       	ldd	r19, Y+10	; 0x0a
    2294:	83 cf       	rjmp	.-250    	; 0x219c <cluster_b_tail>
    2296:	49 85       	ldd	r20, Y+9	; 0x09
    2298:	5a 85       	ldd	r21, Y+10	; 0x0a
    229a:	80 cf       	rjmp	.-256    	; 0x219c <cluster_b_tail>
    229c:	69 85       	ldd	r22, Y+9	; 0x09
    229e:	7a 85       	ldd	r23, Y+10	; 0x0a
    22a0:	7d cf       	rjmp	.-262    	; 0x219c <cluster_b_tail>
    22a2:	0a 85       	ldd	r16, Y+10	; 0x0a
    22a4:	1b 85       	ldd	r17, Y+11	; 0x0b
    22a6:	7a cf       	rjmp	.-268    	; 0x219c <cluster_b_tail>
    22a8:	2a 85       	ldd	r18, Y+10	; 0x0a
    22aa:	3b 85       	ldd	r19, Y+11	; 0x0b
    22ac:	77 cf       	rjmp	.-274    	; 0x219c <cluster_b_tail>
    22ae:	4a 85       	ldd	r20, Y+10	; 0x0a
    22b0:	5b 85       	ldd	r21, Y+11	; 0x0b
    22b2:	74 cf       	rjmp	.-280    	; 0x219c <cluster_b_tail>
    22b4:	6a 85       	ldd	r22, Y+10	; 0x0a
    22b6:	7b 85       	ldd	r23, Y+11	; 0x0b
    22b8:	71 cf       	rjmp	.-286    	; 0x219c <cluster_b_tail>
    22ba:	0b 85       	ldd	r16, Y+11	; 0x0b
    22bc:	1c 85       	ldd	r17, Y+12	; 0x0c
    22be:	6e cf       	rjmp	.-292    	; 0x219c <cluster_b_tail>
    22c0:	2b 85       	ldd	r18, Y+11	; 0x0b
    22c2:	3c 85       	ldd	r19, Y+12	; 0x0c
    22c4:	6b cf       	rjmp	.-298    	; 0x219c <cluster_b_tail>
    22c6:	4b 85       	ldd	r20, Y+11	; 0x0b
    22c8:	5c 85       	ldd	r21, Y+12	; 0x0c
    22ca:	68 cf       	rjmp	.-304    	; 0x219c <cluster_b_tail>
    22cc:	6b 85       	ldd	r22, Y+11	; 0x0b
    22ce:	7c 85       	ldd	r23, Y+12	; 0x0c
    22d0:	65 cf       	rjmp	.-310    	; 0x219c <cluster_b_tail>
    22d2:	0c 85       	ldd	r16, Y+12	; 0x0c
    22d4:	1d 85       	ldd	r17, Y+13	; 0x0d
    22d6:	62 cf       	rjmp	.-316    	; 0x219c <cluster_b_tail>
    22d8:	2c 85       	ldd	r18, Y+12	; 0x0c
    22da:	3d 85       	ldd	r19, Y+13	; 0x0d
    22dc:	5f cf       	rjmp	.-322    	; 0x219c <cluster_b_tail>
    22de:	4c 85       	ldd	r20, Y+12	; 0x0c
    22e0:	5d 85       	ldd	r21, Y+13	; 0x0d
    22e2:	5c cf       	rjmp	.-328    	; 0x219c <cluster_b_tail>
    22e4:	6c 85       	ldd	r22, Y+12	; 0x0c
    22e6:	7d 85       	ldd	r23, Y+13	; 0x0d
    22e8:	59 cf       	rjmp	.-334    	; 0x219c <cluster_b_tail>
    22ea:	0d 85       	ldd	r16, Y+13	; 0x0d
    22ec:	1e 85       	ldd	r17, Y+14	; 0x0e
    22ee:	56 cf       	rjmp	.-340    	; 0x219c <cluster_b_tail>
    22f0:	2d 85       	ldd	r18, Y+13	; 0x0d
    22f2:	3e 85       	ldd	r19, Y+14	; 0x0e
    22f4:	53 cf       	rjmp	.-346    	; 0x219c <cluster_b_tail>
    22f6:	4d 85       	ldd	r20, Y+13	; 0x0d
    22f8:	5e 85       	ldd	r21, Y+14	; 0x0e
    22fa:	50 cf       	rjmp	.-352    	; 0x219c <cluster_b_tail>
    22fc:	6d 85       	ldd	r22, Y+13	; 0x0d
    22fe:	7e 85       	ldd	r23, Y+14	; 0x0e
    2300:	4d cf       	rjmp	.-358    	; 0x219c <cluster_b_tail>
    2302:	0e 85       	ldd	r16, Y+14	; 0x0e
    2304:	1f 85       	ldd	r17, Y+15	; 0x0f
    2306:	4a cf       	rjmp	.-364    	; 0x219c <cluster_b_tail>
    2308:	2e 85       	ldd	r18, Y+14	; 0x0e
    230a:	3f 85       	ldd	r19, Y+15	; 0x0f
    230c:	47 cf       	rjmp	.-370    	; 0x219c <cluster_b_tail>
    230e:	4e 85       	ldd	r20, Y+14	; 0x0e
    2310:	5f 85       	ldd	r21, Y+15	; 0x0f
    2312:	44 cf       	rjmp	.-376    	; 0x219c <cluster_b_tail>
    2314:	6e 85       	ldd	r22, Y+14	; 0x0e
    2316:	7f 85       	ldd	r23, Y+15	; 0x0f
    2318:	41 cf       	rjmp	.-382    	; 0x219c <cluster_b_tail>
    231a:	0f 85       	ldd	r16, Y+15	; 0x0f
    231c:	18 89       	ldd	r17, Y+16	; 0x10
    231e:	3e cf       	rjmp	.-388    	; 0x219c <cluster_b_tail>
    2320:	2f 85       	ldd	r18, Y+15	; 0x0f
    2322:	38 89       	ldd	r19, Y+16	; 0x10
    2324:	3b cf       	rjmp	.-394    	; 0x219c <cluster_b_tail>
    2326:	4f 85       	ldd	r20, Y+15	; 0x0f
    2328:	58 89       	ldd	r21, Y+16	; 0x10
    232a:	38 cf       	rjmp	.-400    	; 0x219c <cluster_b_tail>
    232c:	6f 85       	ldd	r22, Y+15	; 0x0f
    232e:	78 89       	ldd	r23, Y+16	; 0x10
    2330:	35 cf       	rjmp	.-406    	; 0x219c <cluster_b_tail>
    2332:	08 83       	st	Y, r16
    2334:	19 83       	std	Y+1, r17	; 0x01
    2336:	32 cf       	rjmp	.-412    	; 0x219c <cluster_b_tail>
    2338:	28 83       	st	Y, r18
    233a:	39 83       	std	Y+1, r19	; 0x01
    233c:	2f cf       	rjmp	.-418    	; 0x219c <cluster_b_tail>
    233e:	48 83       	st	Y, r20
    2340:	59 83       	std	Y+1, r21	; 0x01
    2342:	2c cf       	rjmp	.-424    	; 0x219c <cluster_b_tail>
    2344:	68 83       	st	Y, r22
    2346:	79 83       	std	Y+1, r23	; 0x01
    2348:	29 cf       	rjmp	.-430    	; 0x219c <cluster_b_tail>
    234a:	09 83       	std	Y+1, r16	; 0x01
    234c:	1a 83       	std	Y+2, r17	; 0x02
    234e:	26 cf       	rjmp	.-436    	; 0x219c <cluster_b_tail>
    2350:	29 83       	std	Y+1, r18	; 0x01
    2352:	3a 83       	std	Y+2, r19	; 0x02
    2354:	23 cf       	rjmp	.-442    	; 0x219c <cluster_b_tail>
    2356:	49 83       	std	Y+1, r20	; 0x01
    2358:	5a 83       	std	Y+2, r21	; 0x02
    235a:	20 cf       	rjmp	.-448    	; 0x219c <cluster_b_tail>
    235c:	69 83       	std	Y+1, r22	; 0x01
    235e:	7a 83       	std	Y+2, r23	; 0x02
    2360:	1d cf       	rjmp	.-454    	; 0x219c <cluster_b_tail>
    2362:	0a 83       	std	Y+2, r16	; 0x02
    2364:	1b 83       	std	Y+3, r17	; 0x03
    2366:	1a cf       	rjmp	.-460    	; 0x219c <cluster_b_tail>
    2368:	2a 83       	std	Y+2, r18	; 0x02
    236a:	3b 83       	std	Y+3, r19	; 0x03
    236c:	17 cf       	rjmp	.-466    	; 0x219c <cluster_b_tail>
    236e:	4a 83       	std	Y+2, r20	; 0x02
    2370:	5b 83       	std	Y+3, r21	; 0x03
    2372:	14 cf       	rjmp	.-472    	; 0x219c <cluster_b_tail>
    2374:	6a 83       	std	Y+2, r22	; 0x02
    2376:	7b 83       	std	Y+3, r23	; 0x03
    2378:	11 cf       	rjmp	.-478    	; 0x219c <cluster_b_tail>
    237a:	0b 83       	std	Y+3, r16	; 0x03
    237c:	1c 83       	std	Y+4, r17	; 0x04
    237e:	0e cf       	rjmp	.-484    	; 0x219c <cluster_b_tail>
    2380:	2b 83       	std	Y+3, r18	; 0x03
    2382:	3c 83       	std	Y+4, r19	; 0x04
    2384:	0b cf       	rjmp	.-490    	; 0x219c <cluster_b_tail>
    2386:	4b 83       	std	Y+3, r20	; 0x03
    2388:	5c 83       	std	Y+4, r21	; 0x04
    238a:	08 cf       	rjmp	.-496    	; 0x219c <cluster_b_tail>
    238c:	6b 83       	std	Y+3, r22	; 0x03
    238e:	7c 83       	std	Y+4, r23	; 0x04
    2390:	05 cf       	rjmp	.-502    	; 0x219c <cluster_b_tail>
    2392:	0c 83       	std	Y+4, r16	; 0x04
    2394:	1d 83       	std	Y+5, r17	; 0x05
    2396:	02 cf       	rjmp	.-508    	; 0x219c <cluster_b_tail>
    2398:	2c 83       	std	Y+4, r18	; 0x04
    239a:	3d 83       	std	Y+5, r19	; 0x05
    239c:	ff ce       	rjmp	.-514    	; 0x219c <cluster_b_tail>
    239e:	4c 83       	std	Y+4, r20	; 0x04
    23a0:	5d 83       	std	Y+5, r21	; 0x05
    23a2:	fc ce       	rjmp	.-520    	; 0x219c <cluster_b_tail>
    23a4:	6c 83       	std	Y+4, r22	; 0x04
    23a6:	7d 83       	std	Y+5, r23	; 0x05
    23a8:	f9 ce       	rjmp	.-526    	; 0x219c <cluster_b_tail>
    23aa:	0d 83       	std	Y+5, r16	; 0x05
    23ac:	1e 83       	std	Y+6, r17	; 0x06
    23ae:	f6 ce       	rjmp	.-532    	; 0x219c <cluster_b_tail>
    23b0:	2d 83       	std	Y+5, r18	; 0x05
    23b2:	3e 83       	std	Y+6, r19	; 0x06
    23b4:	f3 ce       	rjmp	.-538    	; 0x219c <cluster_b_tail>
    23b6:	4d 83       	std	Y+5, r20	; 0x05
    23b8:	5e 83       	std	Y+6, r21	; 0x06
    23ba:	f0 ce       	rjmp	.-544    	; 0x219c <cluster_b_tail>
    23bc:	6d 83       	std	Y+5, r22	; 0x05
    23be:	7e 83       	std	Y+6, r23	; 0x06
    23c0:	ed ce       	rjmp	.-550    	; 0x219c <cluster_b_tail>
    23c2:	0e 83       	std	Y+6, r16	; 0x06
    23c4:	1f 83       	std	Y+7, r17	; 0x07
    23c6:	ea ce       	rjmp	.-556    	; 0x219c <cluster_b_tail>
    23c8:	2e 83       	std	Y+6, r18	; 0x06
    23ca:	3f 83       	std	Y+7, r19	; 0x07
    23cc:	e7 ce       	rjmp	.-562    	; 0x219c <cluster_b_tail>
    23ce:	4e 83       	std	Y+6, r20	; 0x06
    23d0:	5f 83       	std	Y+7, r21	; 0x07
    23d2:	e4 ce       	rjmp	.-568    	; 0x219c <cluster_b_tail>
    23d4:	6e 83       	std	Y+6, r22	; 0x06
    23d6:	7f 83       	std	Y+7, r23	; 0x07
    23d8:	e1 ce       	rjmp	.-574    	; 0x219c <cluster_b_tail>
    23da:	0f 83       	std	Y+7, r16	; 0x07
    23dc:	18 87       	std	Y+8, r17	; 0x08
    23de:	de ce       	rjmp	.-580    	; 0x219c <cluster_b_tail>
    23e0:	2f 83       	std	Y+7, r18	; 0x07
    23e2:	38 87       	std	Y+8, r19	; 0x08
    23e4:	db ce       	rjmp	.-586    	; 0x219c <cluster_b_tail>
    23e6:	4f 83       	std	Y+7, r20	; 0x07
    23e8:	58 87       	std	Y+8, r21	; 0x08
    23ea:	d8 ce       	rjmp	.-592    	; 0x219c <cluster_b_tail>
    23ec:	6f 83       	std	Y+7, r22	; 0x07
    23ee:	78 87       	std	Y+8, r23	; 0x08
    23f0:	d5 ce       	rjmp	.-598    	; 0x219c <cluster_b_tail>
    23f2:	08 87       	std	Y+8, r16	; 0x08
    23f4:	19 87       	std	Y+9, r17	; 0x09
    23f6:	d2 ce       	rjmp	.-604    	; 0x219c <cluster_b_tail>
    23f8:	28 87       	std	Y+8, r18	; 0x08
    23fa:	39 87       	std	Y+9, r19	; 0x09
    23fc:	cf ce       	rjmp	.-610    	; 0x219c <cluster_b_tail>
    23fe:	48 87       	std	Y+8, r20	; 0x08
    2400:	59 87       	std	Y+9, r21	; 0x09
    2402:	cc ce       	rjmp	.-616    	; 0x219c <cluster_b_tail>
    2404:	68 87       	std	Y+8, r22	; 0x08
    2406:	79 87       	std	Y+9, r23	; 0x09
    2408:	c9 ce       	rjmp	.-622    	; 0x219c <cluster_b_tail>
    240a:	09 87       	std	Y+9, r16	; 0x09
    240c:	1a 87       	std	Y+10, r17	; 0x0a
    240e:	c6 ce       	rjmp	.-628    	; 0x219c <cluster_b_tail>
    2410:	29 87       	std	Y+9, r18	; 0x09
    2412:	3a 87       	std	Y+10, r19	; 0x0a
    2414:	c3 ce       	rjmp	.-634    	; 0x219c <cluster_b_tail>
    2416:	49 87       	std	Y+9, r20	; 0x09
    2418:	5a 87       	std	Y+10, r21	; 0x0a
    241a:	c0 ce       	rjmp	.-640    	; 0x219c <cluster_b_tail>
    241c:	69 87       	std	Y+9, r22	; 0x09
    241e:	7a 87       	std	Y+10, r23	; 0x0a
    2420:	bd ce       	rjmp	.-646    	; 0x219c <cluster_b_tail>
    2422:	0a 87       	std	Y+10, r16	; 0x0a
    2424:	1b 87       	std	Y+11, r17	; 0x0b
    2426:	ba ce       	rjmp	.-652    	; 0x219c <cluster_b_tail>
    2428:	2a 87       	std	Y+10, r18	; 0x0a
    242a:	3b 87       	std	Y+11, r19	; 0x0b
    242c:	b7 ce       	rjmp	.-658    	; 0x219c <cluster_b_tail>
    242e:	4a 87       	std	Y+10, r20	; 0x0a
    2430:	5b 87       	std	Y+11, r21	; 0x0b
    2432:	b4 ce       	rjmp	.-664    	; 0x219c <cluster_b_tail>
    2434:	6a 87       	std	Y+10, r22	; 0x0a
    2436:	7b 87       	std	Y+11, r23	; 0x0b
    2438:	b1 ce       	rjmp	.-670    	; 0x219c <cluster_b_tail>
    243a:	0b 87       	std	Y+11, r16	; 0x0b
    243c:	1c 87       	std	Y+12, r17	; 0x0c
    243e:	ae ce       	rjmp	.-676    	; 0x219c <cluster_b_tail>
    2440:	2b 87       	std	Y+11, r18	; 0x0b
    2442:	3c 87       	std	Y+12, r19	; 0x0c
    2444:	ab ce       	rjmp	.-682    	; 0x219c <cluster_b_tail>
    2446:	4b 87       	std	Y+11, r20	; 0x0b
    2448:	5c 87       	std	Y+12, r21	; 0x0c
    244a:	a8 ce       	rjmp	.-688    	; 0x219c <cluster_b_tail>
    244c:	6b 87       	std	Y+11, r22	; 0x0b
    244e:	7c 87       	std	Y+12, r23	; 0x0c
    2450:	a5 ce       	rjmp	.-694    	; 0x219c <cluster_b_tail>
    2452:	0c 87       	std	Y+12, r16	; 0x0c
    2454:	1d 87       	std	Y+13, r17	; 0x0d
    2456:	a2 ce       	rjmp	.-700    	; 0x219c <cluster_b_tail>
    2458:	2c 87       	std	Y+12, r18	; 0x0c
    245a:	3d 87       	std	Y+13, r19	; 0x0d
    245c:	9f ce       	rjmp	.-706    	; 0x219c <cluster_b_tail>
    245e:	4c 87       	std	Y+12, r20	; 0x0c
    2460:	5d 87       	std	Y+13, r21	; 0x0d
    2462:	9c ce       	rjmp	.-712    	; 0x219c <cluster_b_tail>
    2464:	6c 87       	std	Y+12, r22	; 0x0c
    2466:	7d 87       	std	Y+13, r23	; 0x0d
    2468:	99 ce       	rjmp	.-718    	; 0x219c <cluster_b_tail>
    246a:	0d 87       	std	Y+13, r16	; 0x0d
    246c:	1e 87       	std	Y+14, r17	; 0x0e
    246e:	96 ce       	rjmp	.-724    	; 0x219c <cluster_b_tail>
    2470:	2d 87       	std	Y+13, r18	; 0x0d
    2472:	3e 87       	std	Y+14, r19	; 0x0e
    2474:	93 ce       	rjmp	.-730    	; 0x219c <cluster_b_tail>
    2476:	4d 87       	std	Y+13, r20	; 0x0d
    2478:	5e 87       	std	Y+14, r21	; 0x0e
    247a:	90 ce       	rjmp	.-736    	; 0x219c <cluster_b_tail>
    247c:	6d 87       	std	Y+13, r22	; 0x0d
    247e:	7e 87       	std	Y+14, r23	; 0x0e
    2480:	8d ce       	rjmp	.-742    	; 0x219c <cluster_b_tail>
    2482:	0e 87       	std	Y+14, r16	; 0x0e
    2484:	1f 87       	std	Y+15, r17	; 0x0f
    2486:	8a ce       	rjmp	.-748    	; 0x219c <cluster_b_tail>
    2488:	2e 87       	std	Y+14, r18	; 0x0e
    248a:	3f 87       	std	Y+15, r19	; 0x0f
    248c:	87 ce       	rjmp	.-754    	; 0x219c <cluster_b_tail>
    248e:	4e 87       	std	Y+14, r20	; 0x0e
    2490:	5f 87       	std	Y+15, r21	; 0x0f
    2492:	84 ce       	rjmp	.-760    	; 0x219c <cluster_b_tail>
    2494:	6e 87       	std	Y+14, r22	; 0x0e
    2496:	7f 87       	std	Y+15, r23	; 0x0f
    2498:	81 ce       	rjmp	.-766    	; 0x219c <cluster_b_tail>
    249a:	0f 87       	std	Y+15, r16	; 0x0f
    249c:	18 8b       	std	Y+16, r17	; 0x10
    249e:	7e ce       	rjmp	.-772    	; 0x219c <cluster_b_tail>
    24a0:	2f 87       	std	Y+15, r18	; 0x0f
    24a2:	38 8b       	std	Y+16, r19	; 0x10
    24a4:	7b ce       	rjmp	.-778    	; 0x219c <cluster_b_tail>
    24a6:	4f 87       	std	Y+15, r20	; 0x0f
    24a8:	58 8b       	std	Y+16, r21	; 0x10
    24aa:	78 ce       	rjmp	.-784    	; 0x219c <cluster_b_tail>
    24ac:	6f 87       	std	Y+15, r22	; 0x0f
    24ae:	78 8b       	std	Y+16, r23	; 0x10
    24b0:	75 ce       	rjmp	.-790    	; 0x219c <cluster_b_tail>
    24b2:	88 0c       	add	r8, r8
    24b4:	99 1c       	adc	r9, r9
    24b6:	63 ce       	rjmp	.-826    	; 0x217e <cluster_b_tail_17>
    24b8:	aa 0c       	add	r10, r10
    24ba:	bb 1c       	adc	r11, r11
    24bc:	60 ce       	rjmp	.-832    	; 0x217e <cluster_b_tail_17>
    24be:	cc 0c       	add	r12, r12
    24c0:	dd 1c       	adc	r13, r13
    24c2:	5d ce       	rjmp	.-838    	; 0x217e <cluster_b_tail_17>
    24c4:	ee 0c       	add	r14, r14
    24c6:	ff 1c       	adc	r15, r15
    24c8:	5a ce       	rjmp	.-844    	; 0x217e <cluster_b_tail_17>
    24ca:	00 0f       	add	r16, r16
    24cc:	11 1f       	adc	r17, r17
    24ce:	57 ce       	rjmp	.-850    	; 0x217e <cluster_b_tail_17>
    24d0:	22 0f       	add	r18, r18
    24d2:	33 1f       	adc	r19, r19
    24d4:	54 ce       	rjmp	.-856    	; 0x217e <cluster_b_tail_17>
    24d6:	44 0f       	add	r20, r20
    24d8:	55 1f       	adc	r21, r21
    24da:	51 ce       	rjmp	.-862    	; 0x217e <cluster_b_tail_17>
    24dc:	66 0f       	add	r22, r22
    24de:	77 1f       	adc	r23, r23
    24e0:	4e ce       	rjmp	.-868    	; 0x217e <cluster_b_tail_17>
    24e2:	96 94       	lsr	r9
    24e4:	87 94       	ror	r8
    24e6:	4b ce       	rjmp	.-874    	; 0x217e <cluster_b_tail_17>
    24e8:	b6 94       	lsr	r11
    24ea:	a7 94       	ror	r10
    24ec:	48 ce       	rjmp	.-880    	; 0x217e <cluster_b_tail_17>
    24ee:	d6 94       	lsr	r13
    24f0:	c7 94       	ror	r12
    24f2:	45 ce       	rjmp	.-886    	; 0x217e <cluster_b_tail_17>
    24f4:	f6 94       	lsr	r15
    24f6:	e7 94       	ror	r14
    24f8:	42 ce       	rjmp	.-892    	; 0x217e <cluster_b_tail_17>
    24fa:	16 95       	lsr	r17
    24fc:	07 95       	ror	r16
    24fe:	3f ce       	rjmp	.-898    	; 0x217e <cluster_b_tail_17>
    2500:	36 95       	lsr	r19
    2502:	27 95       	ror	r18
    2504:	3c ce       	rjmp	.-904    	; 0x217e <cluster_b_tail_17>
    2506:	56 95       	lsr	r21
    2508:	47 95       	ror	r20
    250a:	39 ce       	rjmp	.-910    	; 0x217e <cluster_b_tail_17>
    250c:	76 95       	lsr	r23
    250e:	67 95       	ror	r22
    2510:	36 ce       	rjmp	.-916    	; 0x217e <cluster_b_tail_17>
    2512:	95 94       	asr	r9
    2514:	87 94       	ror	r8
    2516:	33 ce       	rjmp	.-922    	; 0x217e <cluster_b_tail_17>
    2518:	b5 94       	asr	r11
    251a:	a7 94       	ror	r10
    251c:	30 ce       	rjmp	.-928    	; 0x217e <cluster_b_tail_17>
    251e:	d5 94       	asr	r13
    2520:	c7 94       	ror	r12
    2522:	2d ce       	rjmp	.-934    	; 0x217e <cluster_b_tail_17>
    2524:	f5 94       	asr	r15
    2526:	e7 94       	ror	r14
    2528:	2a ce       	rjmp	.-940    	; 0x217e <cluster_b_tail_17>
    252a:	15 95       	asr	r17
    252c:	07 95       	ror	r16
    252e:	27 ce       	rjmp	.-946    	; 0x217e <cluster_b_tail_17>
    2530:	35 95       	asr	r19
    2532:	27 95       	ror	r18
    2534:	24 ce       	rjmp	.-952    	; 0x217e <cluster_b_tail_17>
    2536:	55 95       	asr	r21
    2538:	47 95       	ror	r20
    253a:	21 ce       	rjmp	.-958    	; 0x217e <cluster_b_tail_17>
    253c:	75 95       	asr	r23
    253e:	67 95       	ror	r22
    2540:	1e ce       	rjmp	.-964    	; 0x217e <cluster_b_tail_17>
    2542:	80 94       	com	r8
    2544:	90 94       	com	r9
    2546:	1b ce       	rjmp	.-970    	; 0x217e <cluster_b_tail_17>
    2548:	a0 94       	com	r10
    254a:	b0 94       	com	r11
    254c:	18 ce       	rjmp	.-976    	; 0x217e <cluster_b_tail_17>
    254e:	c0 94       	com	r12
    2550:	d0 94       	com	r13
    2552:	15 ce       	rjmp	.-982    	; 0x217e <cluster_b_tail_17>
    2554:	e0 94       	com	r14
    2556:	f0 94       	com	r15
    2558:	12 ce       	rjmp	.-988    	; 0x217e <cluster_b_tail_17>
    255a:	00 95       	com	r16
    255c:	10 95       	com	r17
    255e:	0f ce       	rjmp	.-994    	; 0x217e <cluster_b_tail_17>
    2560:	20 95       	com	r18
    2562:	30 95       	com	r19
    2564:	0c ce       	rjmp	.-1000   	; 0x217e <cluster_b_tail_17>
    2566:	40 95       	com	r20
    2568:	50 95       	com	r21
    256a:	09 ce       	rjmp	.-1006   	; 0x217e <cluster_b_tail_17>
    256c:	60 95       	com	r22
    256e:	70 95       	com	r23
    2570:	06 ce       	rjmp	.-1012   	; 0x217e <cluster_b_tail_17>
    2572:	82 14       	cp	r8, r2
    2574:	8f b7       	in	r24, 0x3f	; 63
    2576:	10 ce       	rjmp	.-992    	; 0x2198 <flags_commit_b_18_delay_1>
    2578:	a2 14       	cp	r10, r2
    257a:	8f b7       	in	r24, 0x3f	; 63
    257c:	0d ce       	rjmp	.-998    	; 0x2198 <flags_commit_b_18_delay_1>
    257e:	c2 14       	cp	r12, r2
    2580:	8f b7       	in	r24, 0x3f	; 63
    2582:	0a ce       	rjmp	.-1004   	; 0x2198 <flags_commit_b_18_delay_1>
    2584:	e2 14       	cp	r14, r2
    2586:	8f b7       	in	r24, 0x3f	; 63
    2588:	07 ce       	rjmp	.-1010   	; 0x2198 <flags_commit_b_18_delay_1>
    258a:	02 15       	cp	r16, r2
    258c:	8f b7       	in	r24, 0x3f	; 63
    258e:	04 ce       	rjmp	.-1016   	; 0x2198 <flags_commit_b_18_delay_1>
    2590:	22 15       	cp	r18, r2
    2592:	8f b7       	in	r24, 0x3f	; 63
    2594:	01 ce       	rjmp	.-1022   	; 0x2198 <flags_commit_b_18_delay_1>
    2596:	42 15       	cp	r20, r2
    2598:	8f b7       	in	r24, 0x3f	; 63
    259a:	fe cd       	rjmp	.-1028   	; 0x2198 <flags_commit_b_18_delay_1>
    259c:	62 15       	cp	r22, r2
    259e:	8f b7       	in	r24, 0x3f	; 63
    25a0:	fb cd       	rjmp	.-1034   	; 0x2198 <flags_commit_b_18_delay_1>
    25a2:	83 0c       	add	r8, r3
    25a4:	92 1c       	adc	r9, r2
    25a6:	eb cd       	rjmp	.-1066   	; 0x217e <cluster_b_tail_17>
    25a8:	a3 0c       	add	r10, r3
    25aa:	b2 1c       	adc	r11, r2
    25ac:	e8 cd       	rjmp	.-1072   	; 0x217e <cluster_b_tail_17>
    25ae:	c3 0c       	add	r12, r3
    25b0:	d2 1c       	adc	r13, r2
    25b2:	e5 cd       	rjmp	.-1078   	; 0x217e <cluster_b_tail_17>
    25b4:	e3 0c       	add	r14, r3
    25b6:	f2 1c       	adc	r15, r2
    25b8:	e2 cd       	rjmp	.-1084   	; 0x217e <cluster_b_tail_17>
    25ba:	03 0d       	add	r16, r3
    25bc:	12 1d       	adc	r17, r2
    25be:	df cd       	rjmp	.-1090   	; 0x217e <cluster_b_tail_17>
    25c0:	23 0d       	add	r18, r3
    25c2:	32 1d       	adc	r19, r2
    25c4:	dc cd       	rjmp	.-1096   	; 0x217e <cluster_b_tail_17>
    25c6:	43 0d       	add	r20, r3
    25c8:	52 1d       	adc	r21, r2
    25ca:	d9 cd       	rjmp	.-1102   	; 0x217e <cluster_b_tail_17>
    25cc:	63 0d       	add	r22, r3
    25ce:	72 1d       	adc	r23, r2
    25d0:	d6 cd       	rjmp	.-1108   	; 0x217e <cluster_b_tail_17>
    25d2:	83 18       	sub	r8, r3
    25d4:	92 08       	sbc	r9, r2
    25d6:	d3 cd       	rjmp	.-1114   	; 0x217e <cluster_b_tail_17>
    25d8:	a3 18       	sub	r10, r3
    25da:	b2 08       	sbc	r11, r2
    25dc:	d0 cd       	rjmp	.-1120   	; 0x217e <cluster_b_tail_17>
    25de:	c3 18       	sub	r12, r3
    25e0:	d2 08       	sbc	r13, r2
    25e2:	cd cd       	rjmp	.-1126   	; 0x217e <cluster_b_tail_17>
    25e4:	e3 18       	sub	r14, r3
    25e6:	f2 08       	sbc	r15, r2
    25e8:	ca cd       	rjmp	.-1132   	; 0x217e <cluster_b_tail_17>
    25ea:	03 19       	sub	r16, r3
    25ec:	12 09       	sbc	r17, r2
    25ee:	c7 cd       	rjmp	.-1138   	; 0x217e <cluster_b_tail_17>
    25f0:	23 19       	sub	r18, r3
    25f2:	32 09       	sbc	r19, r2
    25f4:	c4 cd       	rjmp	.-1144   	; 0x217e <cluster_b_tail_17>
    25f6:	43 19       	sub	r20, r3
    25f8:	52 09       	sbc	r21, r2
    25fa:	c1 cd       	rjmp	.-1150   	; 0x217e <cluster_b_tail_17>
    25fc:	63 19       	sub	r22, r3
    25fe:	72 09       	sbc	r23, r2
    2600:	be cd       	rjmp	.-1156   	; 0x217e <cluster_b_tail_17>

00002602 <f4_table_end>:
    2602:	88 14       	cp	r8, r8
    2604:	99 04       	cpc	r9, r9
    2606:	8f b7       	in	r24, 0x3f	; 63
    2608:	c7 cd       	rjmp	.-1138   	; 0x2198 <flags_commit_b_18_delay_1>
    260a:	8a 14       	cp	r8, r10
    260c:	9b 04       	cpc	r9, r11
    260e:	8f b7       	in	r24, 0x3f	; 63
    2610:	c3 cd       	rjmp	.-1146   	; 0x2198 <flags_commit_b_18_delay_1>
    2612:	8c 14       	cp	r8, r12
    2614:	9d 04       	cpc	r9, r13
    2616:	8f b7       	in	r24, 0x3f	; 63
    2618:	bf cd       	rjmp	.-1154   	; 0x2198 <flags_commit_b_18_delay_1>
    261a:	8e 14       	cp	r8, r14
    261c:	9f 04       	cpc	r9, r15
    261e:	8f b7       	in	r24, 0x3f	; 63
    2620:	bb cd       	rjmp	.-1162   	; 0x2198 <flags_commit_b_18_delay_1>
    2622:	80 16       	cp	r8, r16
    2624:	91 06       	cpc	r9, r17
    2626:	8f b7       	in	r24, 0x3f	; 63
    2628:	b7 cd       	rjmp	.-1170   	; 0x2198 <flags_commit_b_18_delay_1>
    262a:	82 16       	cp	r8, r18
    262c:	93 06       	cpc	r9, r19
    262e:	8f b7       	in	r24, 0x3f	; 63
    2630:	b3 cd       	rjmp	.-1178   	; 0x2198 <flags_commit_b_18_delay_1>
    2632:	84 16       	cp	r8, r20
    2634:	95 06       	cpc	r9, r21
    2636:	8f b7       	in	r24, 0x3f	; 63
    2638:	af cd       	rjmp	.-1186   	; 0x2198 <flags_commit_b_18_delay_1>
    263a:	86 16       	cp	r8, r22
    263c:	97 06       	cpc	r9, r23
    263e:	8f b7       	in	r24, 0x3f	; 63
    2640:	ab cd       	rjmp	.-1194   	; 0x2198 <flags_commit_b_18_delay_1>
    2642:	a8 14       	cp	r10, r8
    2644:	b9 04       	cpc	r11, r9
    2646:	8f b7       	in	r24, 0x3f	; 63
    2648:	a7 cd       	rjmp	.-1202   	; 0x2198 <flags_commit_b_18_delay_1>
    264a:	aa 14       	cp	r10, r10
    264c:	bb 04       	cpc	r11, r11
    264e:	8f b7       	in	r24, 0x3f	; 63
    2650:	a3 cd       	rjmp	.-1210   	; 0x2198 <flags_commit_b_18_delay_1>
    2652:	ac 14       	cp	r10, r12
    2654:	bd 04       	cpc	r11, r13
    2656:	8f b7       	in	r24, 0x3f	; 63
    2658:	9f cd       	rjmp	.-1218   	; 0x2198 <flags_commit_b_18_delay_1>
    265a:	ae 14       	cp	r10, r14
    265c:	bf 04       	cpc	r11, r15
    265e:	8f b7       	in	r24, 0x3f	; 63
    2660:	9b cd       	rjmp	.-1226   	; 0x2198 <flags_commit_b_18_delay_1>
    2662:	a0 16       	cp	r10, r16
    2664:	b1 06       	cpc	r11, r17
    2666:	8f b7       	in	r24, 0x3f	; 63
    2668:	97 cd       	rjmp	.-1234   	; 0x2198 <flags_commit_b_18_delay_1>
    266a:	a2 16       	cp	r10, r18
    266c:	b3 06       	cpc	r11, r19
    266e:	8f b7       	in	r24, 0x3f	; 63
    2670:	93 cd       	rjmp	.-1242   	; 0x2198 <flags_commit_b_18_delay_1>
    2672:	a4 16       	cp	r10, r20
    2674:	b5 06       	cpc	r11, r21
    2676:	8f b7       	in	r24, 0x3f	; 63
    2678:	8f cd       	rjmp	.-1250   	; 0x2198 <flags_commit_b_18_delay_1>
    267a:	a6 16       	cp	r10, r22
    267c:	b7 06       	cpc	r11, r23
    267e:	8f b7       	in	r24, 0x3f	; 63
    2680:	8b cd       	rjmp	.-1258   	; 0x2198 <flags_commit_b_18_delay_1>
    2682:	c8 14       	cp	r12, r8
    2684:	d9 04       	cpc	r13, r9
    2686:	8f b7       	in	r24, 0x3f	; 63
    2688:	87 cd       	rjmp	.-1266   	; 0x2198 <flags_commit_b_18_delay_1>
    268a:	ca 14       	cp	r12, r10
    268c:	db 04       	cpc	r13, r11
    268e:	8f b7       	in	r24, 0x3f	; 63
    2690:	83 cd       	rjmp	.-1274   	; 0x2198 <flags_commit_b_18_delay_1>
    2692:	cc 14       	cp	r12, r12
    2694:	dd 04       	cpc	r13, r13
    2696:	8f b7       	in	r24, 0x3f	; 63
    2698:	7f cd       	rjmp	.-1282   	; 0x2198 <flags_commit_b_18_delay_1>
    269a:	ce 14       	cp	r12, r14
    269c:	df 04       	cpc	r13, r15
    269e:	8f b7       	in	r24, 0x3f	; 63
    26a0:	7b cd       	rjmp	.-1290   	; 0x2198 <flags_commit_b_18_delay_1>
    26a2:	c0 16       	cp	r12, r16
    26a4:	d1 06       	cpc	r13, r17
    26a6:	8f b7       	in	r24, 0x3f	; 63
    26a8:	77 cd       	rjmp	.-1298   	; 0x2198 <flags_commit_b_18_delay_1>
    26aa:	c2 16       	cp	r12, r18
    26ac:	d3 06       	cpc	r13, r19
    26ae:	8f b7       	in	r24, 0x3f	; 63
    26b0:	73 cd       	rjmp	.-1306   	; 0x2198 <flags_commit_b_18_delay_1>
    26b2:	c4 16       	cp	r12, r20
    26b4:	d5 06       	cpc	r13, r21
    26b6:	8f b7       	in	r24, 0x3f	; 63
    26b8:	6f cd       	rjmp	.-1314   	; 0x2198 <flags_commit_b_18_delay_1>
    26ba:	c6 16       	cp	r12, r22
    26bc:	d7 06       	cpc	r13, r23
    26be:	8f b7       	in	r24, 0x3f	; 63
    26c0:	6b cd       	rjmp	.-1322   	; 0x2198 <flags_commit_b_18_delay_1>
    26c2:	e8 14       	cp	r14, r8
    26c4:	f9 04       	cpc	r15, r9
    26c6:	8f b7       	in	r24, 0x3f	; 63
    26c8:	67 cd       	rjmp	.-1330   	; 0x2198 <flags_commit_b_18_delay_1>
    26ca:	ea 14       	cp	r14, r10
    26cc:	fb 04       	cpc	r15, r11
    26ce:	8f b7       	in	r24, 0x3f	; 63
    26d0:	63 cd       	rjmp	.-1338   	; 0x2198 <flags_commit_b_18_delay_1>
    26d2:	ec 14       	cp	r14, r12
    26d4:	fd 04       	cpc	r15, r13
    26d6:	8f b7       	in	r24, 0x3f	; 63
    26d8:	5f cd       	rjmp	.-1346   	; 0x2198 <flags_commit_b_18_delay_1>
    26da:	ee 14       	cp	r14, r14
    26dc:	ff 04       	cpc	r15, r15
    26de:	8f b7       	in	r24, 0x3f	; 63
    26e0:	5b cd       	rjmp	.-1354   	; 0x2198 <flags_commit_b_18_delay_1>
    26e2:	e0 16       	cp	r14, r16
    26e4:	f1 06       	cpc	r15, r17
    26e6:	8f b7       	in	r24, 0x3f	; 63
    26e8:	57 cd       	rjmp	.-1362   	; 0x2198 <flags_commit_b_18_delay_1>
    26ea:	e2 16       	cp	r14, r18
    26ec:	f3 06       	cpc	r15, r19
    26ee:	8f b7       	in	r24, 0x3f	; 63
    26f0:	53 cd       	rjmp	.-1370   	; 0x2198 <flags_commit_b_18_delay_1>
    26f2:	e4 16       	cp	r14, r20
    26f4:	f5 06       	cpc	r15, r21
    26f6:	8f b7       	in	r24, 0x3f	; 63
    26f8:	4f cd       	rjmp	.-1378   	; 0x2198 <flags_commit_b_18_delay_1>
    26fa:	e6 16       	cp	r14, r22
    26fc:	f7 06       	cpc	r15, r23
    26fe:	8f b7       	in	r24, 0x3f	; 63
    2700:	4b cd       	rjmp	.-1386   	; 0x2198 <flags_commit_b_18_delay_1>
    2702:	08 15       	cp	r16, r8
    2704:	19 05       	cpc	r17, r9
    2706:	8f b7       	in	r24, 0x3f	; 63
    2708:	47 cd       	rjmp	.-1394   	; 0x2198 <flags_commit_b_18_delay_1>
    270a:	0a 15       	cp	r16, r10
    270c:	1b 05       	cpc	r17, r11
    270e:	8f b7       	in	r24, 0x3f	; 63
    2710:	43 cd       	rjmp	.-1402   	; 0x2198 <flags_commit_b_18_delay_1>
    2712:	0c 15       	cp	r16, r12
    2714:	1d 05       	cpc	r17, r13
    2716:	8f b7       	in	r24, 0x3f	; 63
    2718:	3f cd       	rjmp	.-1410   	; 0x2198 <flags_commit_b_18_delay_1>
    271a:	0e 15       	cp	r16, r14
    271c:	1f 05       	cpc	r17, r15
    271e:	8f b7       	in	r24, 0x3f	; 63
    2720:	3b cd       	rjmp	.-1418   	; 0x2198 <flags_commit_b_18_delay_1>
    2722:	28 15       	cp	r18, r8
    2724:	39 05       	cpc	r19, r9
    2726:	8f b7       	in	r24, 0x3f	; 63
    2728:	37 cd       	rjmp	.-1426   	; 0x2198 <flags_commit_b_18_delay_1>
    272a:	2a 15       	cp	r18, r10
    272c:	3b 05       	cpc	r19, r11
    272e:	8f b7       	in	r24, 0x3f	; 63
    2730:	33 cd       	rjmp	.-1434   	; 0x2198 <flags_commit_b_18_delay_1>
    2732:	2c 15       	cp	r18, r12
    2734:	3d 05       	cpc	r19, r13
    2736:	8f b7       	in	r24, 0x3f	; 63
    2738:	2f cd       	rjmp	.-1442   	; 0x2198 <flags_commit_b_18_delay_1>
    273a:	2e 15       	cp	r18, r14
    273c:	3f 05       	cpc	r19, r15
    273e:	8f b7       	in	r24, 0x3f	; 63
    2740:	2b cd       	rjmp	.-1450   	; 0x2198 <flags_commit_b_18_delay_1>
    2742:	48 15       	cp	r20, r8
    2744:	59 05       	cpc	r21, r9
    2746:	8f b7       	in	r24, 0x3f	; 63
    2748:	27 cd       	rjmp	.-1458   	; 0x2198 <flags_commit_b_18_delay_1>
    274a:	4a 15       	cp	r20, r10
    274c:	5b 05       	cpc	r21, r11
    274e:	8f b7       	in	r24, 0x3f	; 63
    2750:	23 cd       	rjmp	.-1466   	; 0x2198 <flags_commit_b_18_delay_1>
    2752:	4c 15       	cp	r20, r12
    2754:	5d 05       	cpc	r21, r13
    2756:	8f b7       	in	r24, 0x3f	; 63
    2758:	1f cd       	rjmp	.-1474   	; 0x2198 <flags_commit_b_18_delay_1>
    275a:	4e 15       	cp	r20, r14
    275c:	5f 05       	cpc	r21, r15
    275e:	8f b7       	in	r24, 0x3f	; 63
    2760:	1b cd       	rjmp	.-1482   	; 0x2198 <flags_commit_b_18_delay_1>
    2762:	68 15       	cp	r22, r8
    2764:	79 05       	cpc	r23, r9
    2766:	8f b7       	in	r24, 0x3f	; 63
    2768:	17 cd       	rjmp	.-1490   	; 0x2198 <flags_commit_b_18_delay_1>
    276a:	6a 15       	cp	r22, r10
    276c:	7b 05       	cpc	r23, r11
    276e:	8f b7       	in	r24, 0x3f	; 63
    2770:	13 cd       	rjmp	.-1498   	; 0x2198 <flags_commit_b_18_delay_1>
    2772:	6c 15       	cp	r22, r12
    2774:	7d 05       	cpc	r23, r13
    2776:	8f b7       	in	r24, 0x3f	; 63
    2778:	0f cd       	rjmp	.-1506   	; 0x2198 <flags_commit_b_18_delay_1>
    277a:	6e 15       	cp	r22, r14
    277c:	7f 05       	cpc	r23, r15
    277e:	8f b7       	in	r24, 0x3f	; 63
    2780:	0b cd       	rjmp	.-1514   	; 0x2198 <flags_commit_b_18_delay_1>
    2782:	d8 01       	movw	r26, r16
    2784:	8c 90       	ld	r8, X
    2786:	99 24       	eor	r9, r9
    2788:	09 cd       	rjmp	.-1518   	; 0x219c <cluster_b_tail>
    278a:	d8 01       	movw	r26, r16
    278c:	ac 90       	ld	r10, X
    278e:	bb 24       	eor	r11, r11
    2790:	05 cd       	rjmp	.-1526   	; 0x219c <cluster_b_tail>
    2792:	d8 01       	movw	r26, r16
    2794:	cc 90       	ld	r12, X
    2796:	dd 24       	eor	r13, r13
    2798:	01 cd       	rjmp	.-1534   	; 0x219c <cluster_b_tail>
    279a:	d8 01       	movw	r26, r16
    279c:	ec 90       	ld	r14, X
    279e:	ff 24       	eor	r15, r15
    27a0:	fd cc       	rjmp	.-1542   	; 0x219c <cluster_b_tail>
    27a2:	d9 01       	movw	r26, r18
    27a4:	8c 90       	ld	r8, X
    27a6:	99 24       	eor	r9, r9
    27a8:	f9 cc       	rjmp	.-1550   	; 0x219c <cluster_b_tail>
    27aa:	d9 01       	movw	r26, r18
    27ac:	ac 90       	ld	r10, X
    27ae:	bb 24       	eor	r11, r11
    27b0:	f5 cc       	rjmp	.-1558   	; 0x219c <cluster_b_tail>
    27b2:	d9 01       	movw	r26, r18
    27b4:	cc 90       	ld	r12, X
    27b6:	dd 24       	eor	r13, r13
    27b8:	f1 cc       	rjmp	.-1566   	; 0x219c <cluster_b_tail>
    27ba:	d9 01       	movw	r26, r18
    27bc:	ec 90       	ld	r14, X
    27be:	ff 24       	eor	r15, r15
    27c0:	ed cc       	rjmp	.-1574   	; 0x219c <cluster_b_tail>
    27c2:	da 01       	movw	r26, r20
    27c4:	8c 90       	ld	r8, X
    27c6:	99 24       	eor	r9, r9
    27c8:	e9 cc       	rjmp	.-1582   	; 0x219c <cluster_b_tail>
    27ca:	da 01       	movw	r26, r20
    27cc:	ac 90       	ld	r10, X
    27ce:	bb 24       	eor	r11, r11
    27d0:	e5 cc       	rjmp	.-1590   	; 0x219c <cluster_b_tail>
    27d2:	da 01       	movw	r26, r20
    27d4:	cc 90       	ld	r12, X
    27d6:	dd 24       	eor	r13, r13
    27d8:	e1 cc       	rjmp	.-1598   	; 0x219c <cluster_b_tail>
    27da:	da 01       	movw	r26, r20
    27dc:	ec 90       	ld	r14, X
    27de:	ff 24       	eor	r15, r15
    27e0:	dd cc       	rjmp	.-1606   	; 0x219c <cluster_b_tail>
    27e2:	db 01       	movw	r26, r22
    27e4:	8c 90       	ld	r8, X
    27e6:	99 24       	eor	r9, r9
    27e8:	d9 cc       	rjmp	.-1614   	; 0x219c <cluster_b_tail>
    27ea:	db 01       	movw	r26, r22
    27ec:	ac 90       	ld	r10, X
    27ee:	bb 24       	eor	r11, r11
    27f0:	d5 cc       	rjmp	.-1622   	; 0x219c <cluster_b_tail>
    27f2:	db 01       	movw	r26, r22
    27f4:	cc 90       	ld	r12, X
    27f6:	dd 24       	eor	r13, r13
    27f8:	d1 cc       	rjmp	.-1630   	; 0x219c <cluster_b_tail>
    27fa:	db 01       	movw	r26, r22
    27fc:	ec 90       	ld	r14, X
    27fe:	ff 24       	eor	r15, r15
    2800:	cd cc       	rjmp	.-1638   	; 0x219c <cluster_b_tail>
    2802:	d8 01       	movw	r26, r16
    2804:	8d 90       	ld	r8, X+
    2806:	9c 90       	ld	r9, X
    2808:	c9 cc       	rjmp	.-1646   	; 0x219c <cluster_b_tail>
    280a:	d8 01       	movw	r26, r16
    280c:	ad 90       	ld	r10, X+
    280e:	bc 90       	ld	r11, X
    2810:	c5 cc       	rjmp	.-1654   	; 0x219c <cluster_b_tail>
    2812:	d8 01       	movw	r26, r16
    2814:	cd 90       	ld	r12, X+
    2816:	dc 90       	ld	r13, X
    2818:	c1 cc       	rjmp	.-1662   	; 0x219c <cluster_b_tail>
    281a:	d8 01       	movw	r26, r16
    281c:	ed 90       	ld	r14, X+
    281e:	fc 90       	ld	r15, X
    2820:	bd cc       	rjmp	.-1670   	; 0x219c <cluster_b_tail>
    2822:	d9 01       	movw	r26, r18
    2824:	8d 90       	ld	r8, X+
    2826:	9c 90       	ld	r9, X
    2828:	b9 cc       	rjmp	.-1678   	; 0x219c <cluster_b_tail>
    282a:	d9 01       	movw	r26, r18
    282c:	ad 90       	ld	r10, X+
    282e:	bc 90       	ld	r11, X
    2830:	b5 cc       	rjmp	.-1686   	; 0x219c <cluster_b_tail>
    2832:	d9 01       	movw	r26, r18
    2834:	cd 90       	ld	r12, X+
    2836:	dc 90       	ld	r13, X
    2838:	b1 cc       	rjmp	.-1694   	; 0x219c <cluster_b_tail>
    283a:	d9 01       	movw	r26, r18
    283c:	ed 90       	ld	r14, X+
    283e:	fc 90       	ld	r15, X
    2840:	ad cc       	rjmp	.-1702   	; 0x219c <cluster_b_tail>
    2842:	da 01       	movw	r26, r20
    2844:	8d 90       	ld	r8, X+
    2846:	9c 90       	ld	r9, X
    2848:	a9 cc       	rjmp	.-1710   	; 0x219c <cluster_b_tail>
    284a:	da 01       	movw	r26, r20
    284c:	ad 90       	ld	r10, X+
    284e:	bc 90       	ld	r11, X
    2850:	a5 cc       	rjmp	.-1718   	; 0x219c <cluster_b_tail>
    2852:	da 01       	movw	r26, r20
    2854:	cd 90       	ld	r12, X+
    2856:	dc 90       	ld	r13, X
    2858:	a1 cc       	rjmp	.-1726   	; 0x219c <cluster_b_tail>
    285a:	da 01       	movw	r26, r20
    285c:	ed 90       	ld	r14, X+
    285e:	fc 90       	ld	r15, X
    2860:	9d cc       	rjmp	.-1734   	; 0x219c <cluster_b_tail>
    2862:	db 01       	movw	r26, r22
    2864:	8d 90       	ld	r8, X+
    2866:	9c 90       	ld	r9, X
    2868:	99 cc       	rjmp	.-1742   	; 0x219c <cluster_b_tail>
    286a:	db 01       	movw	r26, r22
    286c:	ad 90       	ld	r10, X+
    286e:	bc 90       	ld	r11, X
    2870:	95 cc       	rjmp	.-1750   	; 0x219c <cluster_b_tail>
    2872:	db 01       	movw	r26, r22
    2874:	cd 90       	ld	r12, X+
    2876:	dc 90       	ld	r13, X
    2878:	91 cc       	rjmp	.-1758   	; 0x219c <cluster_b_tail>
    287a:	db 01       	movw	r26, r22
    287c:	ed 90       	ld	r14, X+
    287e:	fc 90       	ld	r15, X
    2880:	8d cc       	rjmp	.-1766   	; 0x219c <cluster_b_tail>
    2882:	d8 01       	movw	r26, r16
    2884:	8d 92       	st	X+, r8
    2886:	9c 92       	st	X, r9
    2888:	89 cc       	rjmp	.-1774   	; 0x219c <cluster_b_tail>
    288a:	d8 01       	movw	r26, r16
    288c:	ad 92       	st	X+, r10
    288e:	bc 92       	st	X, r11
    2890:	85 cc       	rjmp	.-1782   	; 0x219c <cluster_b_tail>
    2892:	d8 01       	movw	r26, r16
    2894:	cd 92       	st	X+, r12
    2896:	dc 92       	st	X, r13
    2898:	81 cc       	rjmp	.-1790   	; 0x219c <cluster_b_tail>
    289a:	d8 01       	movw	r26, r16
    289c:	ed 92       	st	X+, r14
    289e:	fc 92       	st	X, r15
    28a0:	7d cc       	rjmp	.-1798   	; 0x219c <cluster_b_tail>
    28a2:	d9 01       	movw	r26, r18
    28a4:	8d 92       	st	X+, r8
    28a6:	9c 92       	st	X, r9
    28a8:	79 cc       	rjmp	.-1806   	; 0x219c <cluster_b_tail>
    28aa:	d9 01       	movw	r26, r18
    28ac:	ad 92       	st	X+, r10
    28ae:	bc 92       	st	X, r11
    28b0:	75 cc       	rjmp	.-1814   	; 0x219c <cluster_b_tail>
    28b2:	d9 01       	movw	r26, r18
    28b4:	cd 92       	st	X+, r12
    28b6:	dc 92       	st	X, r13
    28b8:	71 cc       	rjmp	.-1822   	; 0x219c <cluster_b_tail>
    28ba:	d9 01       	movw	r26, r18
    28bc:	ed 92       	st	X+, r14
    28be:	fc 92       	st	X, r15
    28c0:	6d cc       	rjmp	.-1830   	; 0x219c <cluster_b_tail>
    28c2:	da 01       	movw	r26, r20
    28c4:	8d 92       	st	X+, r8
    28c6:	9c 92       	st	X, r9
    28c8:	69 cc       	rjmp	.-1838   	; 0x219c <cluster_b_tail>
    28ca:	da 01       	movw	r26, r20
    28cc:	ad 92       	st	X+, r10
    28ce:	bc 92       	st	X, r11
    28d0:	65 cc       	rjmp	.-1846   	; 0x219c <cluster_b_tail>
    28d2:	da 01       	movw	r26, r20
    28d4:	cd 92       	st	X+, r12
    28d6:	dc 92       	st	X, r13
    28d8:	61 cc       	rjmp	.-1854   	; 0x219c <cluster_b_tail>
    28da:	da 01       	movw	r26, r20
    28dc:	ed 92       	st	X+, r14
    28de:	fc 92       	st	X, r15
    28e0:	5d cc       	rjmp	.-1862   	; 0x219c <cluster_b_tail>
    28e2:	db 01       	movw	r26, r22
    28e4:	8d 92       	st	X+, r8
    28e6:	9c 92       	st	X, r9
    28e8:	59 cc       	rjmp	.-1870   	; 0x219c <cluster_b_tail>
    28ea:	db 01       	movw	r26, r22
    28ec:	ad 92       	st	X+, r10
    28ee:	bc 92       	st	X, r11
    28f0:	55 cc       	rjmp	.-1878   	; 0x219c <cluster_b_tail>
    28f2:	db 01       	movw	r26, r22
    28f4:	cd 92       	st	X+, r12
    28f6:	dc 92       	st	X, r13
    28f8:	51 cc       	rjmp	.-1886   	; 0x219c <cluster_b_tail>
    28fa:	db 01       	movw	r26, r22
    28fc:	ed 92       	st	X+, r14
    28fe:	fc 92       	st	X, r15
    2900:	4d cc       	rjmp	.-1894   	; 0x219c <cluster_b_tail>

00002902 <f5_table_end>:
    2902:	d8 01       	movw	r26, r16
    2904:	8d 92       	st	X+, r8
    2906:	8d 01       	movw	r16, r26
    2908:	49 cc       	rjmp	.-1902   	; 0x219c <cluster_b_tail>
    290a:	d8 01       	movw	r26, r16
    290c:	ad 92       	st	X+, r10
    290e:	8d 01       	movw	r16, r26
    2910:	45 cc       	rjmp	.-1910   	; 0x219c <cluster_b_tail>
    2912:	d8 01       	movw	r26, r16
    2914:	cd 92       	st	X+, r12
    2916:	8d 01       	movw	r16, r26
    2918:	41 cc       	rjmp	.-1918   	; 0x219c <cluster_b_tail>
    291a:	d8 01       	movw	r26, r16
    291c:	ed 92       	st	X+, r14
    291e:	8d 01       	movw	r16, r26
    2920:	3d cc       	rjmp	.-1926   	; 0x219c <cluster_b_tail>
    2922:	d8 01       	movw	r26, r16
    2924:	0d 93       	st	X+, r16
    2926:	8d 01       	movw	r16, r26
    2928:	39 cc       	rjmp	.-1934   	; 0x219c <cluster_b_tail>
    292a:	d8 01       	movw	r26, r16
    292c:	2d 93       	st	X+, r18
    292e:	8d 01       	movw	r16, r26
    2930:	35 cc       	rjmp	.-1942   	; 0x219c <cluster_b_tail>
    2932:	d8 01       	movw	r26, r16
    2934:	4d 93       	st	X+, r20
    2936:	8d 01       	movw	r16, r26
    2938:	31 cc       	rjmp	.-1950   	; 0x219c <cluster_b_tail>
    293a:	d8 01       	movw	r26, r16
    293c:	6d 93       	st	X+, r22
    293e:	8d 01       	movw	r16, r26
    2940:	2d cc       	rjmp	.-1958   	; 0x219c <cluster_b_tail>
    2942:	d9 01       	movw	r26, r18
    2944:	8d 92       	st	X+, r8
    2946:	9d 01       	movw	r18, r26
    2948:	29 cc       	rjmp	.-1966   	; 0x219c <cluster_b_tail>
    294a:	d9 01       	movw	r26, r18
    294c:	ad 92       	st	X+, r10
    294e:	9d 01       	movw	r18, r26
    2950:	25 cc       	rjmp	.-1974   	; 0x219c <cluster_b_tail>
    2952:	d9 01       	movw	r26, r18
    2954:	cd 92       	st	X+, r12
    2956:	9d 01       	movw	r18, r26
    2958:	21 cc       	rjmp	.-1982   	; 0x219c <cluster_b_tail>
    295a:	d9 01       	movw	r26, r18
    295c:	ed 92       	st	X+, r14
    295e:	9d 01       	movw	r18, r26
    2960:	1d cc       	rjmp	.-1990   	; 0x219c <cluster_b_tail>
    2962:	d9 01       	movw	r26, r18
    2964:	0d 93       	st	X+, r16
    2966:	9d 01       	movw	r18, r26
    2968:	19 cc       	rjmp	.-1998   	; 0x219c <cluster_b_tail>
    296a:	d9 01       	movw	r26, r18
    296c:	2d 93       	st	X+, r18
    296e:	9d 01       	movw	r18, r26
    2970:	15 cc       	rjmp	.-2006   	; 0x219c <cluster_b_tail>
    2972:	d9 01       	movw	r26, r18
    2974:	4d 93       	st	X+, r20
    2976:	9d 01       	movw	r18, r26
    2978:	11 cc       	rjmp	.-2014   	; 0x219c <cluster_b_tail>
    297a:	d9 01       	movw	r26, r18
    297c:	6d 93       	st	X+, r22
    297e:	9d 01       	movw	r18, r26
    2980:	0d cc       	rjmp	.-2022   	; 0x219c <cluster_b_tail>
    2982:	da 01       	movw	r26, r20
    2984:	8d 92       	st	X+, r8
    2986:	ad 01       	movw	r20, r26
    2988:	09 cc       	rjmp	.-2030   	; 0x219c <cluster_b_tail>
    298a:	da 01       	movw	r26, r20
    298c:	ad 92       	st	X+, r10
    298e:	ad 01       	movw	r20, r26
    2990:	05 cc       	rjmp	.-2038   	; 0x219c <cluster_b_tail>
    2992:	da 01       	movw	r26, r20
    2994:	cd 92       	st	X+, r12
    2996:	ad 01       	movw	r20, r26
    2998:	01 cc       	rjmp	.-2046   	; 0x219c <cluster_b_tail>
    299a:	da 01       	movw	r26, r20
    299c:	ed 92       	st	X+, r14
    299e:	ad 01       	movw	r20, r26
    29a0:	fd cb       	rjmp	.-2054   	; 0x219c <cluster_b_tail>
    29a2:	da 01       	movw	r26, r20
    29a4:	0d 93       	st	X+, r16
    29a6:	ad 01       	movw	r20, r26
    29a8:	f9 cb       	rjmp	.-2062   	; 0x219c <cluster_b_tail>
    29aa:	da 01       	movw	r26, r20
    29ac:	2d 93       	st	X+, r18
    29ae:	ad 01       	movw	r20, r26
    29b0:	f5 cb       	rjmp	.-2070   	; 0x219c <cluster_b_tail>
    29b2:	da 01       	movw	r26, r20
    29b4:	4d 93       	st	X+, r20
    29b6:	ad 01       	movw	r20, r26
    29b8:	f1 cb       	rjmp	.-2078   	; 0x219c <cluster_b_tail>
    29ba:	da 01       	movw	r26, r20
    29bc:	6d 93       	st	X+, r22
    29be:	ad 01       	movw	r20, r26
    29c0:	ed cb       	rjmp	.-2086   	; 0x219c <cluster_b_tail>
    29c2:	db 01       	movw	r26, r22
    29c4:	8d 92       	st	X+, r8
    29c6:	bd 01       	movw	r22, r26
    29c8:	e9 cb       	rjmp	.-2094   	; 0x219c <cluster_b_tail>
    29ca:	db 01       	movw	r26, r22
    29cc:	ad 92       	st	X+, r10
    29ce:	bd 01       	movw	r22, r26
    29d0:	e5 cb       	rjmp	.-2102   	; 0x219c <cluster_b_tail>
    29d2:	db 01       	movw	r26, r22
    29d4:	cd 92       	st	X+, r12
    29d6:	bd 01       	movw	r22, r26
    29d8:	e1 cb       	rjmp	.-2110   	; 0x219c <cluster_b_tail>
    29da:	db 01       	movw	r26, r22
    29dc:	ed 92       	st	X+, r14
    29de:	bd 01       	movw	r22, r26
    29e0:	dd cb       	rjmp	.-2118   	; 0x219c <cluster_b_tail>
    29e2:	db 01       	movw	r26, r22
    29e4:	0d 93       	st	X+, r16
    29e6:	bd 01       	movw	r22, r26
    29e8:	d9 cb       	rjmp	.-2126   	; 0x219c <cluster_b_tail>
    29ea:	db 01       	movw	r26, r22
    29ec:	2d 93       	st	X+, r18
    29ee:	bd 01       	movw	r22, r26
    29f0:	d5 cb       	rjmp	.-2134   	; 0x219c <cluster_b_tail>
    29f2:	db 01       	movw	r26, r22
    29f4:	4d 93       	st	X+, r20
    29f6:	bd 01       	movw	r22, r26
    29f8:	d1 cb       	rjmp	.-2142   	; 0x219c <cluster_b_tail>
    29fa:	db 01       	movw	r26, r22
    29fc:	6d 93       	st	X+, r22
    29fe:	bd 01       	movw	r22, r26
    2a00:	cd cb       	rjmp	.-2150   	; 0x219c <cluster_b_tail>
    2a02:	88 2d       	mov	r24, r8
    2a04:	89 2c       	mov	r8, r9
    2a06:	98 2e       	mov	r9, r24
    2a08:	c8 cb       	rjmp	.-2160   	; 0x219a <cluster_b_tail_18_delay_1>
    2a0a:	8a 2d       	mov	r24, r10
    2a0c:	ab 2c       	mov	r10, r11
    2a0e:	b8 2e       	mov	r11, r24
    2a10:	c4 cb       	rjmp	.-2168   	; 0x219a <cluster_b_tail_18_delay_1>
    2a12:	8c 2d       	mov	r24, r12
    2a14:	cd 2c       	mov	r12, r13
    2a16:	d8 2e       	mov	r13, r24
    2a18:	c0 cb       	rjmp	.-2176   	; 0x219a <cluster_b_tail_18_delay_1>
    2a1a:	8e 2d       	mov	r24, r14
    2a1c:	ef 2c       	mov	r14, r15
    2a1e:	f8 2e       	mov	r15, r24
    2a20:	bc cb       	rjmp	.-2184   	; 0x219a <cluster_b_tail_18_delay_1>
    2a22:	80 2f       	mov	r24, r16
    2a24:	01 2f       	mov	r16, r17
    2a26:	18 2f       	mov	r17, r24
    2a28:	b8 cb       	rjmp	.-2192   	; 0x219a <cluster_b_tail_18_delay_1>
    2a2a:	82 2f       	mov	r24, r18
    2a2c:	23 2f       	mov	r18, r19
    2a2e:	38 2f       	mov	r19, r24
    2a30:	b4 cb       	rjmp	.-2200   	; 0x219a <cluster_b_tail_18_delay_1>
    2a32:	84 2f       	mov	r24, r20
    2a34:	45 2f       	mov	r20, r21
    2a36:	58 2f       	mov	r21, r24
    2a38:	b0 cb       	rjmp	.-2208   	; 0x219a <cluster_b_tail_18_delay_1>
    2a3a:	86 2f       	mov	r24, r22
    2a3c:	67 2f       	mov	r22, r23
    2a3e:	78 2f       	mov	r23, r24
    2a40:	ac cb       	rjmp	.-2216   	; 0x219a <cluster_b_tail_18_delay_1>
    2a42:	82 14       	cp	r8, r2
    2a44:	92 04       	cpc	r9, r2
    2a46:	8f b7       	in	r24, 0x3f	; 63
    2a48:	a7 cb       	rjmp	.-2226   	; 0x2198 <flags_commit_b_18_delay_1>
    2a4a:	a2 14       	cp	r10, r2
    2a4c:	b2 04       	cpc	r11, r2
    2a4e:	8f b7       	in	r24, 0x3f	; 63
    2a50:	a3 cb       	rjmp	.-2234   	; 0x2198 <flags_commit_b_18_delay_1>
    2a52:	c2 14       	cp	r12, r2
    2a54:	d2 04       	cpc	r13, r2
    2a56:	8f b7       	in	r24, 0x3f	; 63
    2a58:	9f cb       	rjmp	.-2242   	; 0x2198 <flags_commit_b_18_delay_1>
    2a5a:	e2 14       	cp	r14, r2
    2a5c:	f2 04       	cpc	r15, r2
    2a5e:	8f b7       	in	r24, 0x3f	; 63
    2a60:	9b cb       	rjmp	.-2250   	; 0x2198 <flags_commit_b_18_delay_1>
    2a62:	02 15       	cp	r16, r2
    2a64:	12 05       	cpc	r17, r2
    2a66:	8f b7       	in	r24, 0x3f	; 63
    2a68:	97 cb       	rjmp	.-2258   	; 0x2198 <flags_commit_b_18_delay_1>
    2a6a:	22 15       	cp	r18, r2
    2a6c:	32 05       	cpc	r19, r2
    2a6e:	8f b7       	in	r24, 0x3f	; 63
    2a70:	93 cb       	rjmp	.-2266   	; 0x2198 <flags_commit_b_18_delay_1>
    2a72:	42 15       	cp	r20, r2
    2a74:	52 05       	cpc	r21, r2
    2a76:	8f b7       	in	r24, 0x3f	; 63
    2a78:	8f cb       	rjmp	.-2274   	; 0x2198 <flags_commit_b_18_delay_1>
    2a7a:	62 15       	cp	r22, r2
    2a7c:	72 05       	cpc	r23, r2
    2a7e:	8f b7       	in	r24, 0x3f	; 63
    2a80:	8b cb       	rjmp	.-2282   	; 0x2198 <flags_commit_b_18_delay_1>
    2a82:	00 9f       	mul	r16, r16
    2a84:	00 2d       	mov	r16, r0
    2a86:	11 27       	eor	r17, r17
    2a88:	89 cb       	rjmp	.-2286   	; 0x219c <cluster_b_tail>
    2a8a:	02 9f       	mul	r16, r18
    2a8c:	00 2d       	mov	r16, r0
    2a8e:	11 27       	eor	r17, r17
    2a90:	85 cb       	rjmp	.-2294   	; 0x219c <cluster_b_tail>
    2a92:	04 9f       	mul	r16, r20
    2a94:	00 2d       	mov	r16, r0
    2a96:	11 27       	eor	r17, r17
    2a98:	81 cb       	rjmp	.-2302   	; 0x219c <cluster_b_tail>
    2a9a:	06 9f       	mul	r16, r22
    2a9c:	00 2d       	mov	r16, r0
    2a9e:	11 27       	eor	r17, r17
    2aa0:	7d cb       	rjmp	.-2310   	; 0x219c <cluster_b_tail>
    2aa2:	20 9f       	mul	r18, r16
    2aa4:	20 2d       	mov	r18, r0
    2aa6:	33 27       	eor	r19, r19
    2aa8:	79 cb       	rjmp	.-2318   	; 0x219c <cluster_b_tail>
    2aaa:	22 9f       	mul	r18, r18
    2aac:	20 2d       	mov	r18, r0
    2aae:	33 27       	eor	r19, r19
    2ab0:	75 cb       	rjmp	.-2326   	; 0x219c <cluster_b_tail>
    2ab2:	24 9f       	mul	r18, r20
    2ab4:	20 2d       	mov	r18, r0
    2ab6:	33 27       	eor	r19, r19
    2ab8:	71 cb       	rjmp	.-2334   	; 0x219c <cluster_b_tail>
    2aba:	26 9f       	mul	r18, r22
    2abc:	20 2d       	mov	r18, r0
    2abe:	33 27       	eor	r19, r19
    2ac0:	6d cb       	rjmp	.-2342   	; 0x219c <cluster_b_tail>
    2ac2:	40 9f       	mul	r20, r16
    2ac4:	40 2d       	mov	r20, r0
    2ac6:	55 27       	eor	r21, r21
    2ac8:	69 cb       	rjmp	.-2350   	; 0x219c <cluster_b_tail>
    2aca:	42 9f       	mul	r20, r18
    2acc:	40 2d       	mov	r20, r0
    2ace:	55 27       	eor	r21, r21
    2ad0:	65 cb       	rjmp	.-2358   	; 0x219c <cluster_b_tail>
    2ad2:	44 9f       	mul	r20, r20
    2ad4:	40 2d       	mov	r20, r0
    2ad6:	55 27       	eor	r21, r21
    2ad8:	61 cb       	rjmp	.-2366   	; 0x219c <cluster_b_tail>
    2ada:	46 9f       	mul	r20, r22
    2adc:	40 2d       	mov	r20, r0
    2ade:	55 27       	eor	r21, r21
    2ae0:	5d cb       	rjmp	.-2374   	; 0x219c <cluster_b_tail>
    2ae2:	60 9f       	mul	r22, r16
    2ae4:	60 2d       	mov	r22, r0
    2ae6:	77 27       	eor	r23, r23
    2ae8:	59 cb       	rjmp	.-2382   	; 0x219c <cluster_b_tail>
    2aea:	62 9f       	mul	r22, r18
    2aec:	60 2d       	mov	r22, r0
    2aee:	77 27       	eor	r23, r23
    2af0:	55 cb       	rjmp	.-2390   	; 0x219c <cluster_b_tail>
    2af2:	64 9f       	mul	r22, r20
    2af4:	60 2d       	mov	r22, r0
    2af6:	77 27       	eor	r23, r23
    2af8:	51 cb       	rjmp	.-2398   	; 0x219c <cluster_b_tail>
    2afa:	66 9f       	mul	r22, r22
    2afc:	60 2d       	mov	r22, r0
    2afe:	77 27       	eor	r23, r23
    2b00:	4d cb       	rjmp	.-2406   	; 0x219c <cluster_b_tail>
    2b02:	99 24       	eor	r9, r9
    2b04:	87 fc       	sbrc	r8, 7
    2b06:	9a 94       	dec	r9
    2b08:	48 cb       	rjmp	.-2416   	; 0x219a <cluster_b_tail_18_delay_1>
    2b0a:	bb 24       	eor	r11, r11
    2b0c:	a7 fc       	sbrc	r10, 7
    2b0e:	ba 94       	dec	r11
    2b10:	44 cb       	rjmp	.-2424   	; 0x219a <cluster_b_tail_18_delay_1>
    2b12:	dd 24       	eor	r13, r13
    2b14:	c7 fc       	sbrc	r12, 7
    2b16:	da 94       	dec	r13
    2b18:	40 cb       	rjmp	.-2432   	; 0x219a <cluster_b_tail_18_delay_1>
    2b1a:	ff 24       	eor	r15, r15
    2b1c:	e7 fc       	sbrc	r14, 7
    2b1e:	fa 94       	dec	r15
    2b20:	3c cb       	rjmp	.-2440   	; 0x219a <cluster_b_tail_18_delay_1>
    2b22:	11 27       	eor	r17, r17
    2b24:	07 fd       	sbrc	r16, 7
    2b26:	1a 95       	dec	r17
    2b28:	38 cb       	rjmp	.-2448   	; 0x219a <cluster_b_tail_18_delay_1>
    2b2a:	33 27       	eor	r19, r19
    2b2c:	27 fd       	sbrc	r18, 7
    2b2e:	3a 95       	dec	r19
    2b30:	34 cb       	rjmp	.-2456   	; 0x219a <cluster_b_tail_18_delay_1>
    2b32:	55 27       	eor	r21, r21
    2b34:	47 fd       	sbrc	r20, 7
    2b36:	5a 95       	dec	r21
    2b38:	30 cb       	rjmp	.-2464   	; 0x219a <cluster_b_tail_18_delay_1>
    2b3a:	77 27       	eor	r23, r23
    2b3c:	67 fd       	sbrc	r22, 7
    2b3e:	7a 95       	dec	r23
    2b40:	2c cb       	rjmp	.-2472   	; 0x219a <cluster_b_tail_18_delay_1>
    2b42:	81 94       	neg	r8
    2b44:	92 1c       	adc	r9, r2
    2b46:	91 94       	neg	r9
    2b48:	28 cb       	rjmp	.-2480   	; 0x219a <cluster_b_tail_18_delay_1>
    2b4a:	a1 94       	neg	r10
    2b4c:	b2 1c       	adc	r11, r2
    2b4e:	b1 94       	neg	r11
    2b50:	24 cb       	rjmp	.-2488   	; 0x219a <cluster_b_tail_18_delay_1>
    2b52:	c1 94       	neg	r12
    2b54:	d2 1c       	adc	r13, r2
    2b56:	d1 94       	neg	r13
    2b58:	20 cb       	rjmp	.-2496   	; 0x219a <cluster_b_tail_18_delay_1>
    2b5a:	e1 94       	neg	r14
    2b5c:	f2 1c       	adc	r15, r2
    2b5e:	f1 94       	neg	r15
    2b60:	1c cb       	rjmp	.-2504   	; 0x219a <cluster_b_tail_18_delay_1>
    2b62:	01 95       	neg	r16
    2b64:	12 1d       	adc	r17, r2
    2b66:	11 95       	neg	r17
    2b68:	18 cb       	rjmp	.-2512   	; 0x219a <cluster_b_tail_18_delay_1>
    2b6a:	21 95       	neg	r18
    2b6c:	32 1d       	adc	r19, r2
    2b6e:	31 95       	neg	r19
    2b70:	14 cb       	rjmp	.-2520   	; 0x219a <cluster_b_tail_18_delay_1>
    2b72:	41 95       	neg	r20
    2b74:	52 1d       	adc	r21, r2
    2b76:	51 95       	neg	r21
    2b78:	10 cb       	rjmp	.-2528   	; 0x219a <cluster_b_tail_18_delay_1>
    2b7a:	61 95       	neg	r22
    2b7c:	72 1d       	adc	r23, r2
    2b7e:	71 95       	neg	r23
    2b80:	0c cb       	rjmp	.-2536   	; 0x219a <cluster_b_tail_18_delay_1>

00002b82 <f6_table_end>:
    2b82:	d8 01       	movw	r26, r16
    2b84:	8d 90       	ld	r8, X+
    2b86:	8d 01       	movw	r16, r26
    2b88:	99 24       	eor	r9, r9
    2b8a:	d9 c2       	rjmp	.+1458   	; 0x313e <cluster_c_tail>
    2b8c:	d8 01       	movw	r26, r16
    2b8e:	ad 90       	ld	r10, X+
    2b90:	8d 01       	movw	r16, r26
    2b92:	bb 24       	eor	r11, r11
    2b94:	d4 c2       	rjmp	.+1448   	; 0x313e <cluster_c_tail>
    2b96:	d8 01       	movw	r26, r16
    2b98:	cd 90       	ld	r12, X+
    2b9a:	8d 01       	movw	r16, r26
    2b9c:	dd 24       	eor	r13, r13
    2b9e:	cf c2       	rjmp	.+1438   	; 0x313e <cluster_c_tail>
    2ba0:	d8 01       	movw	r26, r16
    2ba2:	ed 90       	ld	r14, X+
    2ba4:	8d 01       	movw	r16, r26
    2ba6:	ff 24       	eor	r15, r15
    2ba8:	ca c2       	rjmp	.+1428   	; 0x313e <cluster_c_tail>
    2baa:	02 cb       	rjmp	.-2556   	; 0x21b0 <secondary_invalid_b_func>
    2bac:	00 00       	nop
    2bae:	00 00       	nop
    2bb0:	00 00       	nop
    2bb2:	00 00       	nop
    2bb4:	d8 01       	movw	r26, r16
    2bb6:	2d 91       	ld	r18, X+
    2bb8:	8d 01       	movw	r16, r26
    2bba:	33 27       	eor	r19, r19
    2bbc:	c0 c2       	rjmp	.+1408   	; 0x313e <cluster_c_tail>
    2bbe:	d8 01       	movw	r26, r16
    2bc0:	4d 91       	ld	r20, X+
    2bc2:	8d 01       	movw	r16, r26
    2bc4:	55 27       	eor	r21, r21
    2bc6:	bb c2       	rjmp	.+1398   	; 0x313e <cluster_c_tail>
    2bc8:	d8 01       	movw	r26, r16
    2bca:	6d 91       	ld	r22, X+
    2bcc:	8d 01       	movw	r16, r26
    2bce:	77 27       	eor	r23, r23
    2bd0:	b6 c2       	rjmp	.+1388   	; 0x313e <cluster_c_tail>
    2bd2:	d9 01       	movw	r26, r18
    2bd4:	8d 90       	ld	r8, X+
    2bd6:	9d 01       	movw	r18, r26
    2bd8:	99 24       	eor	r9, r9
    2bda:	b1 c2       	rjmp	.+1378   	; 0x313e <cluster_c_tail>
    2bdc:	d9 01       	movw	r26, r18
    2bde:	ad 90       	ld	r10, X+
    2be0:	9d 01       	movw	r18, r26
    2be2:	bb 24       	eor	r11, r11
    2be4:	ac c2       	rjmp	.+1368   	; 0x313e <cluster_c_tail>
    2be6:	d9 01       	movw	r26, r18
    2be8:	cd 90       	ld	r12, X+
    2bea:	9d 01       	movw	r18, r26
    2bec:	dd 24       	eor	r13, r13
    2bee:	a7 c2       	rjmp	.+1358   	; 0x313e <cluster_c_tail>
    2bf0:	d9 01       	movw	r26, r18
    2bf2:	ed 90       	ld	r14, X+
    2bf4:	9d 01       	movw	r18, r26
    2bf6:	ff 24       	eor	r15, r15
    2bf8:	a2 c2       	rjmp	.+1348   	; 0x313e <cluster_c_tail>
    2bfa:	d9 01       	movw	r26, r18
    2bfc:	0d 91       	ld	r16, X+
    2bfe:	9d 01       	movw	r18, r26
    2c00:	11 27       	eor	r17, r17
    2c02:	9d c2       	rjmp	.+1338   	; 0x313e <cluster_c_tail>
    2c04:	d5 ca       	rjmp	.-2646   	; 0x21b0 <secondary_invalid_b_func>
    2c06:	00 00       	nop
    2c08:	00 00       	nop
    2c0a:	00 00       	nop
    2c0c:	00 00       	nop
    2c0e:	d9 01       	movw	r26, r18
    2c10:	4d 91       	ld	r20, X+
    2c12:	9d 01       	movw	r18, r26
    2c14:	55 27       	eor	r21, r21
    2c16:	93 c2       	rjmp	.+1318   	; 0x313e <cluster_c_tail>
    2c18:	d9 01       	movw	r26, r18
    2c1a:	6d 91       	ld	r22, X+
    2c1c:	9d 01       	movw	r18, r26
    2c1e:	77 27       	eor	r23, r23
    2c20:	8e c2       	rjmp	.+1308   	; 0x313e <cluster_c_tail>
    2c22:	da 01       	movw	r26, r20
    2c24:	8d 90       	ld	r8, X+
    2c26:	ad 01       	movw	r20, r26
    2c28:	99 24       	eor	r9, r9
    2c2a:	89 c2       	rjmp	.+1298   	; 0x313e <cluster_c_tail>
    2c2c:	da 01       	movw	r26, r20
    2c2e:	ad 90       	ld	r10, X+
    2c30:	ad 01       	movw	r20, r26
    2c32:	bb 24       	eor	r11, r11
    2c34:	84 c2       	rjmp	.+1288   	; 0x313e <cluster_c_tail>
    2c36:	da 01       	movw	r26, r20
    2c38:	cd 90       	ld	r12, X+
    2c3a:	ad 01       	movw	r20, r26
    2c3c:	dd 24       	eor	r13, r13
    2c3e:	7f c2       	rjmp	.+1278   	; 0x313e <cluster_c_tail>
    2c40:	da 01       	movw	r26, r20
    2c42:	ed 90       	ld	r14, X+
    2c44:	ad 01       	movw	r20, r26
    2c46:	ff 24       	eor	r15, r15
    2c48:	7a c2       	rjmp	.+1268   	; 0x313e <cluster_c_tail>
    2c4a:	da 01       	movw	r26, r20
    2c4c:	0d 91       	ld	r16, X+
    2c4e:	ad 01       	movw	r20, r26
    2c50:	11 27       	eor	r17, r17
    2c52:	75 c2       	rjmp	.+1258   	; 0x313e <cluster_c_tail>
    2c54:	da 01       	movw	r26, r20
    2c56:	2d 91       	ld	r18, X+
    2c58:	ad 01       	movw	r20, r26
    2c5a:	33 27       	eor	r19, r19
    2c5c:	70 c2       	rjmp	.+1248   	; 0x313e <cluster_c_tail>
    2c5e:	a8 ca       	rjmp	.-2736   	; 0x21b0 <secondary_invalid_b_func>
    2c60:	00 00       	nop
    2c62:	00 00       	nop
    2c64:	00 00       	nop
    2c66:	00 00       	nop
    2c68:	da 01       	movw	r26, r20
    2c6a:	6d 91       	ld	r22, X+
    2c6c:	ad 01       	movw	r20, r26
    2c6e:	77 27       	eor	r23, r23
    2c70:	66 c2       	rjmp	.+1228   	; 0x313e <cluster_c_tail>
    2c72:	db 01       	movw	r26, r22
    2c74:	8d 90       	ld	r8, X+
    2c76:	bd 01       	movw	r22, r26
    2c78:	99 24       	eor	r9, r9
    2c7a:	61 c2       	rjmp	.+1218   	; 0x313e <cluster_c_tail>
    2c7c:	db 01       	movw	r26, r22
    2c7e:	ad 90       	ld	r10, X+
    2c80:	bd 01       	movw	r22, r26
    2c82:	bb 24       	eor	r11, r11
    2c84:	5c c2       	rjmp	.+1208   	; 0x313e <cluster_c_tail>
    2c86:	db 01       	movw	r26, r22
    2c88:	cd 90       	ld	r12, X+
    2c8a:	bd 01       	movw	r22, r26
    2c8c:	dd 24       	eor	r13, r13
    2c8e:	57 c2       	rjmp	.+1198   	; 0x313e <cluster_c_tail>
    2c90:	db 01       	movw	r26, r22
    2c92:	ed 90       	ld	r14, X+
    2c94:	bd 01       	movw	r22, r26
    2c96:	ff 24       	eor	r15, r15
    2c98:	52 c2       	rjmp	.+1188   	; 0x313e <cluster_c_tail>
    2c9a:	db 01       	movw	r26, r22
    2c9c:	0d 91       	ld	r16, X+
    2c9e:	bd 01       	movw	r22, r26
    2ca0:	11 27       	eor	r17, r17
    2ca2:	4d c2       	rjmp	.+1178   	; 0x313e <cluster_c_tail>
    2ca4:	db 01       	movw	r26, r22
    2ca6:	2d 91       	ld	r18, X+
    2ca8:	bd 01       	movw	r22, r26
    2caa:	33 27       	eor	r19, r19
    2cac:	48 c2       	rjmp	.+1168   	; 0x313e <cluster_c_tail>
    2cae:	db 01       	movw	r26, r22
    2cb0:	4d 91       	ld	r20, X+
    2cb2:	bd 01       	movw	r22, r26
    2cb4:	55 27       	eor	r21, r21
    2cb6:	43 c2       	rjmp	.+1158   	; 0x313e <cluster_c_tail>
    2cb8:	7b ca       	rjmp	.-2826   	; 0x21b0 <secondary_invalid_b_func>
    2cba:	00 00       	nop
    2cbc:	00 00       	nop
    2cbe:	00 00       	nop
    2cc0:	00 00       	nop
    2cc2:	d8 01       	movw	r26, r16
    2cc4:	8d 90       	ld	r8, X+
    2cc6:	9d 90       	ld	r9, X+
    2cc8:	8d 01       	movw	r16, r26
    2cca:	39 c2       	rjmp	.+1138   	; 0x313e <cluster_c_tail>
    2ccc:	d8 01       	movw	r26, r16
    2cce:	ad 90       	ld	r10, X+
    2cd0:	bd 90       	ld	r11, X+
    2cd2:	8d 01       	movw	r16, r26
    2cd4:	34 c2       	rjmp	.+1128   	; 0x313e <cluster_c_tail>
    2cd6:	d8 01       	movw	r26, r16
    2cd8:	cd 90       	ld	r12, X+
    2cda:	dd 90       	ld	r13, X+
    2cdc:	8d 01       	movw	r16, r26
    2cde:	2f c2       	rjmp	.+1118   	; 0x313e <cluster_c_tail>
    2ce0:	d8 01       	movw	r26, r16
    2ce2:	ed 90       	ld	r14, X+
    2ce4:	fd 90       	ld	r15, X+
    2ce6:	8d 01       	movw	r16, r26
    2ce8:	2a c2       	rjmp	.+1108   	; 0x313e <cluster_c_tail>
    2cea:	62 ca       	rjmp	.-2876   	; 0x21b0 <secondary_invalid_b_func>
    2cec:	00 00       	nop
    2cee:	00 00       	nop
    2cf0:	00 00       	nop
    2cf2:	00 00       	nop
    2cf4:	d8 01       	movw	r26, r16
    2cf6:	2d 91       	ld	r18, X+
    2cf8:	3d 91       	ld	r19, X+
    2cfa:	8d 01       	movw	r16, r26
    2cfc:	20 c2       	rjmp	.+1088   	; 0x313e <cluster_c_tail>
    2cfe:	d8 01       	movw	r26, r16
    2d00:	4d 91       	ld	r20, X+
    2d02:	5d 91       	ld	r21, X+
    2d04:	8d 01       	movw	r16, r26
    2d06:	1b c2       	rjmp	.+1078   	; 0x313e <cluster_c_tail>
    2d08:	d8 01       	movw	r26, r16
    2d0a:	6d 91       	ld	r22, X+
    2d0c:	7d 91       	ld	r23, X+
    2d0e:	8d 01       	movw	r16, r26
    2d10:	16 c2       	rjmp	.+1068   	; 0x313e <cluster_c_tail>
    2d12:	d9 01       	movw	r26, r18
    2d14:	8d 90       	ld	r8, X+
    2d16:	9d 90       	ld	r9, X+
    2d18:	9d 01       	movw	r18, r26
    2d1a:	11 c2       	rjmp	.+1058   	; 0x313e <cluster_c_tail>
    2d1c:	d9 01       	movw	r26, r18
    2d1e:	ad 90       	ld	r10, X+
    2d20:	bd 90       	ld	r11, X+
    2d22:	9d 01       	movw	r18, r26
    2d24:	0c c2       	rjmp	.+1048   	; 0x313e <cluster_c_tail>
    2d26:	d9 01       	movw	r26, r18
    2d28:	cd 90       	ld	r12, X+
    2d2a:	dd 90       	ld	r13, X+
    2d2c:	9d 01       	movw	r18, r26
    2d2e:	07 c2       	rjmp	.+1038   	; 0x313e <cluster_c_tail>
    2d30:	d9 01       	movw	r26, r18
    2d32:	ed 90       	ld	r14, X+
    2d34:	fd 90       	ld	r15, X+
    2d36:	9d 01       	movw	r18, r26
    2d38:	02 c2       	rjmp	.+1028   	; 0x313e <cluster_c_tail>
    2d3a:	d9 01       	movw	r26, r18
    2d3c:	0d 91       	ld	r16, X+
    2d3e:	1d 91       	ld	r17, X+
    2d40:	9d 01       	movw	r18, r26
    2d42:	fd c1       	rjmp	.+1018   	; 0x313e <cluster_c_tail>
    2d44:	35 ca       	rjmp	.-2966   	; 0x21b0 <secondary_invalid_b_func>
    2d46:	00 00       	nop
    2d48:	00 00       	nop
    2d4a:	00 00       	nop
    2d4c:	00 00       	nop
    2d4e:	d9 01       	movw	r26, r18
    2d50:	4d 91       	ld	r20, X+
    2d52:	5d 91       	ld	r21, X+
    2d54:	9d 01       	movw	r18, r26
    2d56:	f3 c1       	rjmp	.+998    	; 0x313e <cluster_c_tail>
    2d58:	d9 01       	movw	r26, r18
    2d5a:	6d 91       	ld	r22, X+
    2d5c:	7d 91       	ld	r23, X+
    2d5e:	9d 01       	movw	r18, r26
    2d60:	ee c1       	rjmp	.+988    	; 0x313e <cluster_c_tail>
    2d62:	da 01       	movw	r26, r20
    2d64:	8d 90       	ld	r8, X+
    2d66:	9d 90       	ld	r9, X+
    2d68:	ad 01       	movw	r20, r26
    2d6a:	e9 c1       	rjmp	.+978    	; 0x313e <cluster_c_tail>
    2d6c:	da 01       	movw	r26, r20
    2d6e:	ad 90       	ld	r10, X+
    2d70:	bd 90       	ld	r11, X+
    2d72:	ad 01       	movw	r20, r26
    2d74:	e4 c1       	rjmp	.+968    	; 0x313e <cluster_c_tail>
    2d76:	da 01       	movw	r26, r20
    2d78:	cd 90       	ld	r12, X+
    2d7a:	dd 90       	ld	r13, X+
    2d7c:	ad 01       	movw	r20, r26
    2d7e:	df c1       	rjmp	.+958    	; 0x313e <cluster_c_tail>
    2d80:	da 01       	movw	r26, r20
    2d82:	ed 90       	ld	r14, X+
    2d84:	fd 90       	ld	r15, X+
    2d86:	ad 01       	movw	r20, r26
    2d88:	da c1       	rjmp	.+948    	; 0x313e <cluster_c_tail>
    2d8a:	da 01       	movw	r26, r20
    2d8c:	0d 91       	ld	r16, X+
    2d8e:	1d 91       	ld	r17, X+
    2d90:	ad 01       	movw	r20, r26
    2d92:	d5 c1       	rjmp	.+938    	; 0x313e <cluster_c_tail>
    2d94:	da 01       	movw	r26, r20
    2d96:	2d 91       	ld	r18, X+
    2d98:	3d 91       	ld	r19, X+
    2d9a:	ad 01       	movw	r20, r26
    2d9c:	d0 c1       	rjmp	.+928    	; 0x313e <cluster_c_tail>
    2d9e:	08 ca       	rjmp	.-3056   	; 0x21b0 <secondary_invalid_b_func>
    2da0:	00 00       	nop
    2da2:	00 00       	nop
    2da4:	00 00       	nop
    2da6:	00 00       	nop
    2da8:	da 01       	movw	r26, r20
    2daa:	6d 91       	ld	r22, X+
    2dac:	7d 91       	ld	r23, X+
    2dae:	ad 01       	movw	r20, r26
    2db0:	c6 c1       	rjmp	.+908    	; 0x313e <cluster_c_tail>
    2db2:	db 01       	movw	r26, r22
    2db4:	8d 90       	ld	r8, X+
    2db6:	9d 90       	ld	r9, X+
    2db8:	bd 01       	movw	r22, r26
    2dba:	c1 c1       	rjmp	.+898    	; 0x313e <cluster_c_tail>
    2dbc:	db 01       	movw	r26, r22
    2dbe:	ad 90       	ld	r10, X+
    2dc0:	bd 90       	ld	r11, X+
    2dc2:	bd 01       	movw	r22, r26
    2dc4:	bc c1       	rjmp	.+888    	; 0x313e <cluster_c_tail>
    2dc6:	db 01       	movw	r26, r22
    2dc8:	cd 90       	ld	r12, X+
    2dca:	dd 90       	ld	r13, X+
    2dcc:	bd 01       	movw	r22, r26
    2dce:	b7 c1       	rjmp	.+878    	; 0x313e <cluster_c_tail>
    2dd0:	db 01       	movw	r26, r22
    2dd2:	ed 90       	ld	r14, X+
    2dd4:	fd 90       	ld	r15, X+
    2dd6:	bd 01       	movw	r22, r26
    2dd8:	b2 c1       	rjmp	.+868    	; 0x313e <cluster_c_tail>
    2dda:	db 01       	movw	r26, r22
    2ddc:	0d 91       	ld	r16, X+
    2dde:	1d 91       	ld	r17, X+
    2de0:	bd 01       	movw	r22, r26
    2de2:	ad c1       	rjmp	.+858    	; 0x313e <cluster_c_tail>
    2de4:	db 01       	movw	r26, r22
    2de6:	2d 91       	ld	r18, X+
    2de8:	3d 91       	ld	r19, X+
    2dea:	bd 01       	movw	r22, r26
    2dec:	a8 c1       	rjmp	.+848    	; 0x313e <cluster_c_tail>
    2dee:	db 01       	movw	r26, r22
    2df0:	4d 91       	ld	r20, X+
    2df2:	5d 91       	ld	r21, X+
    2df4:	bd 01       	movw	r22, r26
    2df6:	a3 c1       	rjmp	.+838    	; 0x313e <cluster_c_tail>
    2df8:	db c9       	rjmp	.-3146   	; 0x21b0 <secondary_invalid_b_func>
    2dfa:	00 00       	nop
    2dfc:	00 00       	nop
    2dfe:	00 00       	nop
    2e00:	00 00       	nop
    2e02:	d8 01       	movw	r26, r16
    2e04:	8d 92       	st	X+, r8
    2e06:	9d 92       	st	X+, r9
    2e08:	8d 01       	movw	r16, r26
    2e0a:	99 c1       	rjmp	.+818    	; 0x313e <cluster_c_tail>
    2e0c:	d8 01       	movw	r26, r16
    2e0e:	ad 92       	st	X+, r10
    2e10:	bd 92       	st	X+, r11
    2e12:	8d 01       	movw	r16, r26
    2e14:	94 c1       	rjmp	.+808    	; 0x313e <cluster_c_tail>
    2e16:	d8 01       	movw	r26, r16
    2e18:	cd 92       	st	X+, r12
    2e1a:	dd 92       	st	X+, r13
    2e1c:	8d 01       	movw	r16, r26
    2e1e:	8f c1       	rjmp	.+798    	; 0x313e <cluster_c_tail>
    2e20:	d8 01       	movw	r26, r16
    2e22:	ed 92       	st	X+, r14
    2e24:	fd 92       	st	X+, r15
    2e26:	8d 01       	movw	r16, r26
    2e28:	8a c1       	rjmp	.+788    	; 0x313e <cluster_c_tail>
    2e2a:	d8 01       	movw	r26, r16
    2e2c:	0d 93       	st	X+, r16
    2e2e:	1d 93       	st	X+, r17
    2e30:	8d 01       	movw	r16, r26
    2e32:	85 c1       	rjmp	.+778    	; 0x313e <cluster_c_tail>
    2e34:	d8 01       	movw	r26, r16
    2e36:	2d 93       	st	X+, r18
    2e38:	3d 93       	st	X+, r19
    2e3a:	8d 01       	movw	r16, r26
    2e3c:	80 c1       	rjmp	.+768    	; 0x313e <cluster_c_tail>
    2e3e:	d8 01       	movw	r26, r16
    2e40:	4d 93       	st	X+, r20
    2e42:	5d 93       	st	X+, r21
    2e44:	8d 01       	movw	r16, r26
    2e46:	7b c1       	rjmp	.+758    	; 0x313e <cluster_c_tail>
    2e48:	d8 01       	movw	r26, r16
    2e4a:	6d 93       	st	X+, r22
    2e4c:	7d 93       	st	X+, r23
    2e4e:	8d 01       	movw	r16, r26
    2e50:	76 c1       	rjmp	.+748    	; 0x313e <cluster_c_tail>
    2e52:	d9 01       	movw	r26, r18
    2e54:	8d 92       	st	X+, r8
    2e56:	9d 92       	st	X+, r9
    2e58:	9d 01       	movw	r18, r26
    2e5a:	71 c1       	rjmp	.+738    	; 0x313e <cluster_c_tail>
    2e5c:	d9 01       	movw	r26, r18
    2e5e:	ad 92       	st	X+, r10
    2e60:	bd 92       	st	X+, r11
    2e62:	9d 01       	movw	r18, r26
    2e64:	6c c1       	rjmp	.+728    	; 0x313e <cluster_c_tail>
    2e66:	d9 01       	movw	r26, r18
    2e68:	cd 92       	st	X+, r12
    2e6a:	dd 92       	st	X+, r13
    2e6c:	9d 01       	movw	r18, r26
    2e6e:	67 c1       	rjmp	.+718    	; 0x313e <cluster_c_tail>
    2e70:	d9 01       	movw	r26, r18
    2e72:	ed 92       	st	X+, r14
    2e74:	fd 92       	st	X+, r15
    2e76:	9d 01       	movw	r18, r26
    2e78:	62 c1       	rjmp	.+708    	; 0x313e <cluster_c_tail>
    2e7a:	d9 01       	movw	r26, r18
    2e7c:	0d 93       	st	X+, r16
    2e7e:	1d 93       	st	X+, r17
    2e80:	9d 01       	movw	r18, r26
    2e82:	5d c1       	rjmp	.+698    	; 0x313e <cluster_c_tail>
    2e84:	d9 01       	movw	r26, r18
    2e86:	2d 93       	st	X+, r18
    2e88:	3d 93       	st	X+, r19
    2e8a:	9d 01       	movw	r18, r26
    2e8c:	58 c1       	rjmp	.+688    	; 0x313e <cluster_c_tail>
    2e8e:	d9 01       	movw	r26, r18
    2e90:	4d 93       	st	X+, r20
    2e92:	5d 93       	st	X+, r21
    2e94:	9d 01       	movw	r18, r26
    2e96:	53 c1       	rjmp	.+678    	; 0x313e <cluster_c_tail>
    2e98:	d9 01       	movw	r26, r18
    2e9a:	6d 93       	st	X+, r22
    2e9c:	7d 93       	st	X+, r23
    2e9e:	9d 01       	movw	r18, r26
    2ea0:	4e c1       	rjmp	.+668    	; 0x313e <cluster_c_tail>
    2ea2:	da 01       	movw	r26, r20
    2ea4:	8d 92       	st	X+, r8
    2ea6:	9d 92       	st	X+, r9
    2ea8:	ad 01       	movw	r20, r26
    2eaa:	49 c1       	rjmp	.+658    	; 0x313e <cluster_c_tail>
    2eac:	da 01       	movw	r26, r20
    2eae:	ad 92       	st	X+, r10
    2eb0:	bd 92       	st	X+, r11
    2eb2:	ad 01       	movw	r20, r26
    2eb4:	44 c1       	rjmp	.+648    	; 0x313e <cluster_c_tail>
    2eb6:	da 01       	movw	r26, r20
    2eb8:	cd 92       	st	X+, r12
    2eba:	dd 92       	st	X+, r13
    2ebc:	ad 01       	movw	r20, r26
    2ebe:	3f c1       	rjmp	.+638    	; 0x313e <cluster_c_tail>
    2ec0:	da 01       	movw	r26, r20
    2ec2:	ed 92       	st	X+, r14
    2ec4:	fd 92       	st	X+, r15
    2ec6:	ad 01       	movw	r20, r26
    2ec8:	3a c1       	rjmp	.+628    	; 0x313e <cluster_c_tail>
    2eca:	da 01       	movw	r26, r20
    2ecc:	0d 93       	st	X+, r16
    2ece:	1d 93       	st	X+, r17
    2ed0:	ad 01       	movw	r20, r26
    2ed2:	35 c1       	rjmp	.+618    	; 0x313e <cluster_c_tail>
    2ed4:	da 01       	movw	r26, r20
    2ed6:	2d 93       	st	X+, r18
    2ed8:	3d 93       	st	X+, r19
    2eda:	ad 01       	movw	r20, r26
    2edc:	30 c1       	rjmp	.+608    	; 0x313e <cluster_c_tail>
    2ede:	da 01       	movw	r26, r20
    2ee0:	4d 93       	st	X+, r20
    2ee2:	5d 93       	st	X+, r21
    2ee4:	ad 01       	movw	r20, r26
    2ee6:	2b c1       	rjmp	.+598    	; 0x313e <cluster_c_tail>
    2ee8:	da 01       	movw	r26, r20
    2eea:	6d 93       	st	X+, r22
    2eec:	7d 93       	st	X+, r23
    2eee:	ad 01       	movw	r20, r26
    2ef0:	26 c1       	rjmp	.+588    	; 0x313e <cluster_c_tail>
    2ef2:	db 01       	movw	r26, r22
    2ef4:	8d 92       	st	X+, r8
    2ef6:	9d 92       	st	X+, r9
    2ef8:	bd 01       	movw	r22, r26
    2efa:	21 c1       	rjmp	.+578    	; 0x313e <cluster_c_tail>
    2efc:	db 01       	movw	r26, r22
    2efe:	ad 92       	st	X+, r10
    2f00:	bd 92       	st	X+, r11
    2f02:	bd 01       	movw	r22, r26
    2f04:	1c c1       	rjmp	.+568    	; 0x313e <cluster_c_tail>
    2f06:	db 01       	movw	r26, r22
    2f08:	cd 92       	st	X+, r12
    2f0a:	dd 92       	st	X+, r13
    2f0c:	bd 01       	movw	r22, r26
    2f0e:	17 c1       	rjmp	.+558    	; 0x313e <cluster_c_tail>
    2f10:	db 01       	movw	r26, r22
    2f12:	ed 92       	st	X+, r14
    2f14:	fd 92       	st	X+, r15
    2f16:	bd 01       	movw	r22, r26
    2f18:	12 c1       	rjmp	.+548    	; 0x313e <cluster_c_tail>
    2f1a:	db 01       	movw	r26, r22
    2f1c:	0d 93       	st	X+, r16
    2f1e:	1d 93       	st	X+, r17
    2f20:	bd 01       	movw	r22, r26
    2f22:	0d c1       	rjmp	.+538    	; 0x313e <cluster_c_tail>
    2f24:	db 01       	movw	r26, r22
    2f26:	2d 93       	st	X+, r18
    2f28:	3d 93       	st	X+, r19
    2f2a:	bd 01       	movw	r22, r26
    2f2c:	08 c1       	rjmp	.+528    	; 0x313e <cluster_c_tail>
    2f2e:	db 01       	movw	r26, r22
    2f30:	4d 93       	st	X+, r20
    2f32:	5d 93       	st	X+, r21
    2f34:	bd 01       	movw	r22, r26
    2f36:	03 c1       	rjmp	.+518    	; 0x313e <cluster_c_tail>
    2f38:	db 01       	movw	r26, r22
    2f3a:	6d 93       	st	X+, r22
    2f3c:	7d 93       	st	X+, r23
    2f3e:	bd 01       	movw	r22, r26
    2f40:	fe c0       	rjmp	.+508    	; 0x313e <cluster_c_tail>
    2f42:	88 0c       	add	r8, r8
    2f44:	99 1c       	adc	r9, r9
    2f46:	aa 1c       	adc	r10, r10
    2f48:	bb 1c       	adc	r11, r11
    2f4a:	f9 c0       	rjmp	.+498    	; 0x313e <cluster_c_tail>
    2f4c:	8c 0c       	add	r8, r12
    2f4e:	9d 1c       	adc	r9, r13
    2f50:	ae 1c       	adc	r10, r14
    2f52:	bf 1c       	adc	r11, r15
    2f54:	f4 c0       	rjmp	.+488    	; 0x313e <cluster_c_tail>
    2f56:	80 0e       	add	r8, r16
    2f58:	91 1e       	adc	r9, r17
    2f5a:	a2 1e       	adc	r10, r18
    2f5c:	b3 1e       	adc	r11, r19
    2f5e:	ef c0       	rjmp	.+478    	; 0x313e <cluster_c_tail>
    2f60:	84 0e       	add	r8, r20
    2f62:	95 1e       	adc	r9, r21
    2f64:	a6 1e       	adc	r10, r22
    2f66:	b7 1e       	adc	r11, r23
    2f68:	ea c0       	rjmp	.+468    	; 0x313e <cluster_c_tail>
    2f6a:	c8 0c       	add	r12, r8
    2f6c:	d9 1c       	adc	r13, r9
    2f6e:	ea 1c       	adc	r14, r10
    2f70:	fb 1c       	adc	r15, r11
    2f72:	e5 c0       	rjmp	.+458    	; 0x313e <cluster_c_tail>
    2f74:	cc 0c       	add	r12, r12
    2f76:	dd 1c       	adc	r13, r13
    2f78:	ee 1c       	adc	r14, r14
    2f7a:	ff 1c       	adc	r15, r15
    2f7c:	e0 c0       	rjmp	.+448    	; 0x313e <cluster_c_tail>
    2f7e:	c0 0e       	add	r12, r16
    2f80:	d1 1e       	adc	r13, r17
    2f82:	e2 1e       	adc	r14, r18
    2f84:	f3 1e       	adc	r15, r19
    2f86:	db c0       	rjmp	.+438    	; 0x313e <cluster_c_tail>
    2f88:	c4 0e       	add	r12, r20
    2f8a:	d5 1e       	adc	r13, r21
    2f8c:	e6 1e       	adc	r14, r22
    2f8e:	f7 1e       	adc	r15, r23
    2f90:	d6 c0       	rjmp	.+428    	; 0x313e <cluster_c_tail>
    2f92:	08 0d       	add	r16, r8
    2f94:	19 1d       	adc	r17, r9
    2f96:	2a 1d       	adc	r18, r10
    2f98:	3b 1d       	adc	r19, r11
    2f9a:	d1 c0       	rjmp	.+418    	; 0x313e <cluster_c_tail>
    2f9c:	0c 0d       	add	r16, r12
    2f9e:	1d 1d       	adc	r17, r13
    2fa0:	2e 1d       	adc	r18, r14
    2fa2:	3f 1d       	adc	r19, r15
    2fa4:	cc c0       	rjmp	.+408    	; 0x313e <cluster_c_tail>
    2fa6:	00 0f       	add	r16, r16
    2fa8:	11 1f       	adc	r17, r17
    2faa:	22 1f       	adc	r18, r18
    2fac:	33 1f       	adc	r19, r19
    2fae:	c7 c0       	rjmp	.+398    	; 0x313e <cluster_c_tail>
    2fb0:	04 0f       	add	r16, r20
    2fb2:	15 1f       	adc	r17, r21
    2fb4:	26 1f       	adc	r18, r22
    2fb6:	37 1f       	adc	r19, r23
    2fb8:	c2 c0       	rjmp	.+388    	; 0x313e <cluster_c_tail>
    2fba:	48 0d       	add	r20, r8
    2fbc:	59 1d       	adc	r21, r9
    2fbe:	6a 1d       	adc	r22, r10
    2fc0:	7b 1d       	adc	r23, r11
    2fc2:	bd c0       	rjmp	.+378    	; 0x313e <cluster_c_tail>
    2fc4:	4c 0d       	add	r20, r12
    2fc6:	5d 1d       	adc	r21, r13
    2fc8:	6e 1d       	adc	r22, r14
    2fca:	7f 1d       	adc	r23, r15
    2fcc:	b8 c0       	rjmp	.+368    	; 0x313e <cluster_c_tail>
    2fce:	40 0f       	add	r20, r16
    2fd0:	51 1f       	adc	r21, r17
    2fd2:	62 1f       	adc	r22, r18
    2fd4:	73 1f       	adc	r23, r19
    2fd6:	b3 c0       	rjmp	.+358    	; 0x313e <cluster_c_tail>
    2fd8:	44 0f       	add	r20, r20
    2fda:	55 1f       	adc	r21, r21
    2fdc:	66 1f       	adc	r22, r22
    2fde:	77 1f       	adc	r23, r23
    2fe0:	ae c0       	rjmp	.+348    	; 0x313e <cluster_c_tail>
    2fe2:	88 18       	sub	r8, r8
    2fe4:	99 08       	sbc	r9, r9
    2fe6:	aa 08       	sbc	r10, r10
    2fe8:	bb 08       	sbc	r11, r11
    2fea:	a9 c0       	rjmp	.+338    	; 0x313e <cluster_c_tail>
    2fec:	8c 18       	sub	r8, r12
    2fee:	9d 08       	sbc	r9, r13
    2ff0:	ae 08       	sbc	r10, r14
    2ff2:	bf 08       	sbc	r11, r15
    2ff4:	a4 c0       	rjmp	.+328    	; 0x313e <cluster_c_tail>
    2ff6:	80 1a       	sub	r8, r16
    2ff8:	91 0a       	sbc	r9, r17
    2ffa:	a2 0a       	sbc	r10, r18
    2ffc:	b3 0a       	sbc	r11, r19
    2ffe:	9f c0       	rjmp	.+318    	; 0x313e <cluster_c_tail>
    3000:	84 1a       	sub	r8, r20
    3002:	95 0a       	sbc	r9, r21
    3004:	a6 0a       	sbc	r10, r22
    3006:	b7 0a       	sbc	r11, r23
    3008:	9a c0       	rjmp	.+308    	; 0x313e <cluster_c_tail>
    300a:	c8 18       	sub	r12, r8
    300c:	d9 08       	sbc	r13, r9
    300e:	ea 08       	sbc	r14, r10
    3010:	fb 08       	sbc	r15, r11
    3012:	95 c0       	rjmp	.+298    	; 0x313e <cluster_c_tail>
    3014:	cc 18       	sub	r12, r12
    3016:	dd 08       	sbc	r13, r13
    3018:	ee 08       	sbc	r14, r14
    301a:	ff 08       	sbc	r15, r15
    301c:	90 c0       	rjmp	.+288    	; 0x313e <cluster_c_tail>
    301e:	c0 1a       	sub	r12, r16
    3020:	d1 0a       	sbc	r13, r17
    3022:	e2 0a       	sbc	r14, r18
    3024:	f3 0a       	sbc	r15, r19
    3026:	8b c0       	rjmp	.+278    	; 0x313e <cluster_c_tail>
    3028:	c4 1a       	sub	r12, r20
    302a:	d5 0a       	sbc	r13, r21
    302c:	e6 0a       	sbc	r14, r22
    302e:	f7 0a       	sbc	r15, r23
    3030:	86 c0       	rjmp	.+268    	; 0x313e <cluster_c_tail>
    3032:	08 19       	sub	r16, r8
    3034:	19 09       	sbc	r17, r9
    3036:	2a 09       	sbc	r18, r10
    3038:	3b 09       	sbc	r19, r11
    303a:	81 c0       	rjmp	.+258    	; 0x313e <cluster_c_tail>
    303c:	0c 19       	sub	r16, r12
    303e:	1d 09       	sbc	r17, r13
    3040:	2e 09       	sbc	r18, r14
    3042:	3f 09       	sbc	r19, r15
    3044:	7c c0       	rjmp	.+248    	; 0x313e <cluster_c_tail>
    3046:	00 1b       	sub	r16, r16
    3048:	11 0b       	sbc	r17, r17
    304a:	22 0b       	sbc	r18, r18
    304c:	33 0b       	sbc	r19, r19
    304e:	77 c0       	rjmp	.+238    	; 0x313e <cluster_c_tail>
    3050:	04 1b       	sub	r16, r20
    3052:	15 0b       	sbc	r17, r21
    3054:	26 0b       	sbc	r18, r22
    3056:	37 0b       	sbc	r19, r23
    3058:	72 c0       	rjmp	.+228    	; 0x313e <cluster_c_tail>
    305a:	48 19       	sub	r20, r8
    305c:	59 09       	sbc	r21, r9
    305e:	6a 09       	sbc	r22, r10
    3060:	7b 09       	sbc	r23, r11
    3062:	6d c0       	rjmp	.+218    	; 0x313e <cluster_c_tail>
    3064:	4c 19       	sub	r20, r12
    3066:	5d 09       	sbc	r21, r13
    3068:	6e 09       	sbc	r22, r14
    306a:	7f 09       	sbc	r23, r15
    306c:	68 c0       	rjmp	.+208    	; 0x313e <cluster_c_tail>
    306e:	40 1b       	sub	r20, r16
    3070:	51 0b       	sbc	r21, r17
    3072:	62 0b       	sbc	r22, r18
    3074:	73 0b       	sbc	r23, r19
    3076:	63 c0       	rjmp	.+198    	; 0x313e <cluster_c_tail>
    3078:	44 1b       	sub	r20, r20
    307a:	55 0b       	sbc	r21, r21
    307c:	66 0b       	sbc	r22, r22
    307e:	77 0b       	sbc	r23, r23
    3080:	5e c0       	rjmp	.+188    	; 0x313e <cluster_c_tail>
    3082:	b6 94       	lsr	r11
    3084:	a7 94       	ror	r10
    3086:	97 94       	ror	r9
    3088:	87 94       	ror	r8
    308a:	59 c0       	rjmp	.+178    	; 0x313e <cluster_c_tail>
    308c:	f6 94       	lsr	r15
    308e:	e7 94       	ror	r14
    3090:	d7 94       	ror	r13
    3092:	c7 94       	ror	r12
    3094:	54 c0       	rjmp	.+168    	; 0x313e <cluster_c_tail>
    3096:	36 95       	lsr	r19
    3098:	27 95       	ror	r18
    309a:	17 95       	ror	r17
    309c:	07 95       	ror	r16
    309e:	4f c0       	rjmp	.+158    	; 0x313e <cluster_c_tail>
    30a0:	76 95       	lsr	r23
    30a2:	67 95       	ror	r22
    30a4:	57 95       	ror	r21
    30a6:	47 95       	ror	r20
    30a8:	4a c0       	rjmp	.+148    	; 0x313e <cluster_c_tail>
    30aa:	b5 94       	asr	r11
    30ac:	a7 94       	ror	r10
    30ae:	97 94       	ror	r9
    30b0:	87 94       	ror	r8
    30b2:	45 c0       	rjmp	.+138    	; 0x313e <cluster_c_tail>
    30b4:	f5 94       	asr	r15
    30b6:	e7 94       	ror	r14
    30b8:	d7 94       	ror	r13
    30ba:	c7 94       	ror	r12
    30bc:	40 c0       	rjmp	.+128    	; 0x313e <cluster_c_tail>
    30be:	35 95       	asr	r19
    30c0:	27 95       	ror	r18
    30c2:	17 95       	ror	r17
    30c4:	07 95       	ror	r16
    30c6:	3b c0       	rjmp	.+118    	; 0x313e <cluster_c_tail>
    30c8:	75 95       	asr	r23
    30ca:	67 95       	ror	r22
    30cc:	57 95       	ror	r21
    30ce:	47 95       	ror	r20
    30d0:	36 c0       	rjmp	.+108    	; 0x313e <cluster_c_tail>
    30d2:	89 28       	or	r8, r9
    30d4:	99 24       	eor	r9, r9
    30d6:	82 10       	cpse	r8, r2
    30d8:	83 2c       	mov	r8, r3
    30da:	31 c0       	rjmp	.+98     	; 0x313e <cluster_c_tail>
    30dc:	ab 28       	or	r10, r11
    30de:	bb 24       	eor	r11, r11
    30e0:	a2 10       	cpse	r10, r2
    30e2:	a3 2c       	mov	r10, r3
    30e4:	2c c0       	rjmp	.+88     	; 0x313e <cluster_c_tail>
    30e6:	cd 28       	or	r12, r13
    30e8:	dd 24       	eor	r13, r13
    30ea:	c2 10       	cpse	r12, r2
    30ec:	c3 2c       	mov	r12, r3
    30ee:	27 c0       	rjmp	.+78     	; 0x313e <cluster_c_tail>
    30f0:	ef 28       	or	r14, r15
    30f2:	ff 24       	eor	r15, r15
    30f4:	e2 10       	cpse	r14, r2
    30f6:	e3 2c       	mov	r14, r3
    30f8:	22 c0       	rjmp	.+68     	; 0x313e <cluster_c_tail>
    30fa:	01 2b       	or	r16, r17
    30fc:	11 27       	eor	r17, r17
    30fe:	02 11       	cpse	r16, r2
    3100:	03 2d       	mov	r16, r3
    3102:	1d c0       	rjmp	.+58     	; 0x313e <cluster_c_tail>
    3104:	23 2b       	or	r18, r19
    3106:	33 27       	eor	r19, r19
    3108:	22 11       	cpse	r18, r2
    310a:	23 2d       	mov	r18, r3
    310c:	18 c0       	rjmp	.+48     	; 0x313e <cluster_c_tail>
    310e:	45 2b       	or	r20, r21
    3110:	55 27       	eor	r21, r21
    3112:	42 11       	cpse	r20, r2
    3114:	43 2d       	mov	r20, r3
    3116:	13 c0       	rjmp	.+38     	; 0x313e <cluster_c_tail>
    3118:	67 2b       	or	r22, r23
    311a:	77 27       	eor	r23, r23
    311c:	62 11       	cpse	r22, r2
    311e:	63 2d       	mov	r22, r3
    3120:	0e c0       	rjmp	.+28     	; 0x313e <cluster_c_tail>

00003122 <cluster_c_start>:
    3122:	00 00       	nop

00003124 <cluster_c_tail_17>:
    3124:	43 0c       	add	r4, r3
    3126:	52 1c       	adc	r5, r2
    3128:	62 1c       	adc	r6, r2
    312a:	f8 94       	cli
    312c:	2e bc       	out	0x2e, r2	; 46
    312e:	8e b5       	in	r24, 0x2e	; 46
    3130:	78 94       	sei
    3132:	87 9d       	mul	r24, r7
    3134:	f0 01       	movw	r30, r0
    3136:	ff 5f       	subi	r31, 0xFF	; 255
    3138:	09 94       	ijmp

0000313a <cluster_c_tail_18_delay_2>:
    313a:	01 c0       	rjmp	.+2      	; 0x313e <cluster_c_tail>

0000313c <cluster_c_tail_18_delay_1>:
    313c:	00 00       	nop

0000313e <cluster_c_tail>:
    313e:	43 0c       	add	r4, r3
    3140:	8e b5       	in	r24, 0x2e	; 46
    3142:	2e bc       	out	0x2e, r2	; 46
    3144:	52 1c       	adc	r5, r2
    3146:	62 1c       	adc	r6, r2
    3148:	87 9d       	mul	r24, r7
    314a:	f0 01       	movw	r30, r0
    314c:	ff 5f       	subi	r31, 0xFF	; 255
    314e:	09 94       	ijmp

00003150 <cluster_c_end>:
    3150:	88 24       	eor	r8, r8
    3152:	99 24       	eor	r9, r9
    3154:	f1 99       	sbic	0x1e, 1	; 30
    3156:	83 2c       	mov	r8, r3
    3158:	f2 cf       	rjmp	.-28     	; 0x313e <cluster_c_tail>
    315a:	aa 24       	eor	r10, r10
    315c:	bb 24       	eor	r11, r11
    315e:	f1 99       	sbic	0x1e, 1	; 30
    3160:	a3 2c       	mov	r10, r3
    3162:	ed cf       	rjmp	.-38     	; 0x313e <cluster_c_tail>
    3164:	cc 24       	eor	r12, r12
    3166:	dd 24       	eor	r13, r13
    3168:	f1 99       	sbic	0x1e, 1	; 30
    316a:	c3 2c       	mov	r12, r3
    316c:	e8 cf       	rjmp	.-48     	; 0x313e <cluster_c_tail>
    316e:	ee 24       	eor	r14, r14
    3170:	ff 24       	eor	r15, r15
    3172:	f1 99       	sbic	0x1e, 1	; 30
    3174:	e3 2c       	mov	r14, r3
    3176:	e3 cf       	rjmp	.-58     	; 0x313e <cluster_c_tail>
    3178:	00 27       	eor	r16, r16
    317a:	11 27       	eor	r17, r17
    317c:	f1 99       	sbic	0x1e, 1	; 30
    317e:	03 2d       	mov	r16, r3
    3180:	de cf       	rjmp	.-68     	; 0x313e <cluster_c_tail>
    3182:	22 27       	eor	r18, r18
    3184:	33 27       	eor	r19, r19
    3186:	f1 99       	sbic	0x1e, 1	; 30
    3188:	23 2d       	mov	r18, r3
    318a:	d9 cf       	rjmp	.-78     	; 0x313e <cluster_c_tail>
    318c:	44 27       	eor	r20, r20
    318e:	55 27       	eor	r21, r21
    3190:	f1 99       	sbic	0x1e, 1	; 30
    3192:	43 2d       	mov	r20, r3
    3194:	d4 cf       	rjmp	.-88     	; 0x313e <cluster_c_tail>
    3196:	66 27       	eor	r22, r22
    3198:	77 27       	eor	r23, r23
    319a:	f1 99       	sbic	0x1e, 1	; 30
    319c:	63 2d       	mov	r22, r3
    319e:	cf cf       	rjmp	.-98     	; 0x313e <cluster_c_tail>
    31a0:	88 24       	eor	r8, r8
    31a2:	99 24       	eor	r9, r9
    31a4:	f1 9b       	sbis	0x1e, 1	; 30
    31a6:	83 2c       	mov	r8, r3
    31a8:	ca cf       	rjmp	.-108    	; 0x313e <cluster_c_tail>
    31aa:	aa 24       	eor	r10, r10
    31ac:	bb 24       	eor	r11, r11
    31ae:	f1 9b       	sbis	0x1e, 1	; 30
    31b0:	a3 2c       	mov	r10, r3
    31b2:	c5 cf       	rjmp	.-118    	; 0x313e <cluster_c_tail>
    31b4:	cc 24       	eor	r12, r12
    31b6:	dd 24       	eor	r13, r13
    31b8:	f1 9b       	sbis	0x1e, 1	; 30
    31ba:	c3 2c       	mov	r12, r3
    31bc:	c0 cf       	rjmp	.-128    	; 0x313e <cluster_c_tail>
    31be:	ee 24       	eor	r14, r14
    31c0:	ff 24       	eor	r15, r15
    31c2:	f1 9b       	sbis	0x1e, 1	; 30
    31c4:	e3 2c       	mov	r14, r3
    31c6:	bb cf       	rjmp	.-138    	; 0x313e <cluster_c_tail>
    31c8:	00 27       	eor	r16, r16
    31ca:	11 27       	eor	r17, r17
    31cc:	f1 9b       	sbis	0x1e, 1	; 30
    31ce:	03 2d       	mov	r16, r3
    31d0:	b6 cf       	rjmp	.-148    	; 0x313e <cluster_c_tail>
    31d2:	22 27       	eor	r18, r18
    31d4:	33 27       	eor	r19, r19
    31d6:	f1 9b       	sbis	0x1e, 1	; 30
    31d8:	23 2d       	mov	r18, r3
    31da:	b1 cf       	rjmp	.-158    	; 0x313e <cluster_c_tail>
    31dc:	44 27       	eor	r20, r20
    31de:	55 27       	eor	r21, r21
    31e0:	f1 9b       	sbis	0x1e, 1	; 30
    31e2:	43 2d       	mov	r20, r3
    31e4:	ac cf       	rjmp	.-168    	; 0x313e <cluster_c_tail>
    31e6:	66 27       	eor	r22, r22
    31e8:	77 27       	eor	r23, r23
    31ea:	f1 9b       	sbis	0x1e, 1	; 30
    31ec:	63 2d       	mov	r22, r3
    31ee:	a7 cf       	rjmp	.-178    	; 0x313e <cluster_c_tail>
    31f0:	88 24       	eor	r8, r8
    31f2:	99 24       	eor	r9, r9
    31f4:	f0 99       	sbic	0x1e, 0	; 30
    31f6:	83 2c       	mov	r8, r3
    31f8:	a2 cf       	rjmp	.-188    	; 0x313e <cluster_c_tail>
    31fa:	aa 24       	eor	r10, r10
    31fc:	bb 24       	eor	r11, r11
    31fe:	f0 99       	sbic	0x1e, 0	; 30
    3200:	a3 2c       	mov	r10, r3
    3202:	9d cf       	rjmp	.-198    	; 0x313e <cluster_c_tail>
    3204:	cc 24       	eor	r12, r12
    3206:	dd 24       	eor	r13, r13
    3208:	f0 99       	sbic	0x1e, 0	; 30
    320a:	c3 2c       	mov	r12, r3
    320c:	98 cf       	rjmp	.-208    	; 0x313e <cluster_c_tail>
    320e:	ee 24       	eor	r14, r14
    3210:	ff 24       	eor	r15, r15
    3212:	f0 99       	sbic	0x1e, 0	; 30
    3214:	e3 2c       	mov	r14, r3
    3216:	93 cf       	rjmp	.-218    	; 0x313e <cluster_c_tail>
    3218:	00 27       	eor	r16, r16
    321a:	11 27       	eor	r17, r17
    321c:	f0 99       	sbic	0x1e, 0	; 30
    321e:	03 2d       	mov	r16, r3
    3220:	8e cf       	rjmp	.-228    	; 0x313e <cluster_c_tail>
    3222:	22 27       	eor	r18, r18
    3224:	33 27       	eor	r19, r19
    3226:	f0 99       	sbic	0x1e, 0	; 30
    3228:	23 2d       	mov	r18, r3
    322a:	89 cf       	rjmp	.-238    	; 0x313e <cluster_c_tail>
    322c:	44 27       	eor	r20, r20
    322e:	55 27       	eor	r21, r21
    3230:	f0 99       	sbic	0x1e, 0	; 30
    3232:	43 2d       	mov	r20, r3
    3234:	84 cf       	rjmp	.-248    	; 0x313e <cluster_c_tail>
    3236:	66 27       	eor	r22, r22
    3238:	77 27       	eor	r23, r23
    323a:	f0 99       	sbic	0x1e, 0	; 30
    323c:	63 2d       	mov	r22, r3
    323e:	7f cf       	rjmp	.-258    	; 0x313e <cluster_c_tail>
    3240:	88 24       	eor	r8, r8
    3242:	99 24       	eor	r9, r9
    3244:	f0 9b       	sbis	0x1e, 0	; 30
    3246:	83 2c       	mov	r8, r3
    3248:	7a cf       	rjmp	.-268    	; 0x313e <cluster_c_tail>
    324a:	aa 24       	eor	r10, r10
    324c:	bb 24       	eor	r11, r11
    324e:	f0 9b       	sbis	0x1e, 0	; 30
    3250:	a3 2c       	mov	r10, r3
    3252:	75 cf       	rjmp	.-278    	; 0x313e <cluster_c_tail>
    3254:	cc 24       	eor	r12, r12
    3256:	dd 24       	eor	r13, r13
    3258:	f0 9b       	sbis	0x1e, 0	; 30
    325a:	c3 2c       	mov	r12, r3
    325c:	70 cf       	rjmp	.-288    	; 0x313e <cluster_c_tail>
    325e:	ee 24       	eor	r14, r14
    3260:	ff 24       	eor	r15, r15
    3262:	f0 9b       	sbis	0x1e, 0	; 30
    3264:	e3 2c       	mov	r14, r3
    3266:	6b cf       	rjmp	.-298    	; 0x313e <cluster_c_tail>
    3268:	00 27       	eor	r16, r16
    326a:	11 27       	eor	r17, r17
    326c:	f0 9b       	sbis	0x1e, 0	; 30
    326e:	03 2d       	mov	r16, r3
    3270:	66 cf       	rjmp	.-308    	; 0x313e <cluster_c_tail>
    3272:	22 27       	eor	r18, r18
    3274:	33 27       	eor	r19, r19
    3276:	f0 9b       	sbis	0x1e, 0	; 30
    3278:	23 2d       	mov	r18, r3
    327a:	61 cf       	rjmp	.-318    	; 0x313e <cluster_c_tail>
    327c:	44 27       	eor	r20, r20
    327e:	55 27       	eor	r21, r21
    3280:	f0 9b       	sbis	0x1e, 0	; 30
    3282:	43 2d       	mov	r20, r3
    3284:	5c cf       	rjmp	.-328    	; 0x313e <cluster_c_tail>
    3286:	66 27       	eor	r22, r22
    3288:	77 27       	eor	r23, r23
    328a:	f0 9b       	sbis	0x1e, 0	; 30
    328c:	63 2d       	mov	r22, r3
    328e:	57 cf       	rjmp	.-338    	; 0x313e <cluster_c_tail>
    3290:	88 24       	eor	r8, r8
    3292:	99 24       	eor	r9, r9
    3294:	f4 99       	sbic	0x1e, 4	; 30
    3296:	83 2c       	mov	r8, r3
    3298:	52 cf       	rjmp	.-348    	; 0x313e <cluster_c_tail>
    329a:	aa 24       	eor	r10, r10
    329c:	bb 24       	eor	r11, r11
    329e:	f4 99       	sbic	0x1e, 4	; 30
    32a0:	a3 2c       	mov	r10, r3
    32a2:	4d cf       	rjmp	.-358    	; 0x313e <cluster_c_tail>
    32a4:	cc 24       	eor	r12, r12
    32a6:	dd 24       	eor	r13, r13
    32a8:	f4 99       	sbic	0x1e, 4	; 30
    32aa:	c3 2c       	mov	r12, r3
    32ac:	48 cf       	rjmp	.-368    	; 0x313e <cluster_c_tail>
    32ae:	ee 24       	eor	r14, r14
    32b0:	ff 24       	eor	r15, r15
    32b2:	f4 99       	sbic	0x1e, 4	; 30
    32b4:	e3 2c       	mov	r14, r3
    32b6:	43 cf       	rjmp	.-378    	; 0x313e <cluster_c_tail>
    32b8:	00 27       	eor	r16, r16
    32ba:	11 27       	eor	r17, r17
    32bc:	f4 99       	sbic	0x1e, 4	; 30
    32be:	03 2d       	mov	r16, r3
    32c0:	3e cf       	rjmp	.-388    	; 0x313e <cluster_c_tail>
    32c2:	22 27       	eor	r18, r18
    32c4:	33 27       	eor	r19, r19
    32c6:	f4 99       	sbic	0x1e, 4	; 30
    32c8:	23 2d       	mov	r18, r3
    32ca:	39 cf       	rjmp	.-398    	; 0x313e <cluster_c_tail>
    32cc:	44 27       	eor	r20, r20
    32ce:	55 27       	eor	r21, r21
    32d0:	f4 99       	sbic	0x1e, 4	; 30
    32d2:	43 2d       	mov	r20, r3
    32d4:	34 cf       	rjmp	.-408    	; 0x313e <cluster_c_tail>
    32d6:	66 27       	eor	r22, r22
    32d8:	77 27       	eor	r23, r23
    32da:	f4 99       	sbic	0x1e, 4	; 30
    32dc:	63 2d       	mov	r22, r3
    32de:	2f cf       	rjmp	.-418    	; 0x313e <cluster_c_tail>
    32e0:	88 24       	eor	r8, r8
    32e2:	99 24       	eor	r9, r9
    32e4:	f4 9b       	sbis	0x1e, 4	; 30
    32e6:	83 2c       	mov	r8, r3
    32e8:	2a cf       	rjmp	.-428    	; 0x313e <cluster_c_tail>
    32ea:	aa 24       	eor	r10, r10
    32ec:	bb 24       	eor	r11, r11
    32ee:	f4 9b       	sbis	0x1e, 4	; 30
    32f0:	a3 2c       	mov	r10, r3
    32f2:	25 cf       	rjmp	.-438    	; 0x313e <cluster_c_tail>
    32f4:	cc 24       	eor	r12, r12
    32f6:	dd 24       	eor	r13, r13
    32f8:	f4 9b       	sbis	0x1e, 4	; 30
    32fa:	c3 2c       	mov	r12, r3
    32fc:	20 cf       	rjmp	.-448    	; 0x313e <cluster_c_tail>
    32fe:	ee 24       	eor	r14, r14
    3300:	ff 24       	eor	r15, r15
    3302:	f4 9b       	sbis	0x1e, 4	; 30
    3304:	e3 2c       	mov	r14, r3
    3306:	1b cf       	rjmp	.-458    	; 0x313e <cluster_c_tail>
    3308:	00 27       	eor	r16, r16
    330a:	11 27       	eor	r17, r17
    330c:	f4 9b       	sbis	0x1e, 4	; 30
    330e:	03 2d       	mov	r16, r3
    3310:	16 cf       	rjmp	.-468    	; 0x313e <cluster_c_tail>
    3312:	22 27       	eor	r18, r18
    3314:	33 27       	eor	r19, r19
    3316:	f4 9b       	sbis	0x1e, 4	; 30
    3318:	23 2d       	mov	r18, r3
    331a:	11 cf       	rjmp	.-478    	; 0x313e <cluster_c_tail>
    331c:	44 27       	eor	r20, r20
    331e:	55 27       	eor	r21, r21
    3320:	f4 9b       	sbis	0x1e, 4	; 30
    3322:	43 2d       	mov	r20, r3
    3324:	0c cf       	rjmp	.-488    	; 0x313e <cluster_c_tail>
    3326:	66 27       	eor	r22, r22
    3328:	77 27       	eor	r23, r23
    332a:	f4 9b       	sbis	0x1e, 4	; 30
    332c:	63 2d       	mov	r22, r3
    332e:	07 cf       	rjmp	.-498    	; 0x313e <cluster_c_tail>

00003330 <f8_table_end>:
    3330:	6c c0       	rjmp	.+216    	; 0x340a <fa_forward_table_end>
    3332:	77 c0       	rjmp	.+238    	; 0x3422 <fa_shl_r5>
    3334:	82 c0       	rjmp	.+260    	; 0x343a <fa_shl_r6>
    3336:	8d c0       	rjmp	.+282    	; 0x3452 <fa_shl_r7>
    3338:	98 c0       	rjmp	.+304    	; 0x346a <fa_lsr_r4>
    333a:	a3 c0       	rjmp	.+326    	; 0x3482 <fa_lsr_r5>
    333c:	ae c0       	rjmp	.+348    	; 0x349a <fa_lsr_r6>
    333e:	b9 c0       	rjmp	.+370    	; 0x34b2 <fa_lsr_r7>
    3340:	c4 c0       	rjmp	.+392    	; 0x34ca <fa_asr_r4>
    3342:	d0 c0       	rjmp	.+416    	; 0x34e4 <fa_asr_r5>
    3344:	dc c0       	rjmp	.+440    	; 0x34fe <fa_asr_r6>
    3346:	e8 c0       	rjmp	.+464    	; 0x3518 <fa_asr_r7>

00003348 <fa_immediate_invalid>:
    3348:	ff cf       	rjmp	.-2      	; 0x3348 <fa_immediate_invalid>

0000334a <fa_forward_table>:
    334a:	a0 2f       	mov	r26, r16
    334c:	5e c0       	rjmp	.+188    	; 0x340a <fa_forward_table_end>
    334e:	a2 2f       	mov	r26, r18
    3350:	5c c0       	rjmp	.+184    	; 0x340a <fa_forward_table_end>
    3352:	a4 2f       	mov	r26, r20
    3354:	5a c0       	rjmp	.+180    	; 0x340a <fa_forward_table_end>
    3356:	a6 2f       	mov	r26, r22
    3358:	58 c0       	rjmp	.+176    	; 0x340a <fa_forward_table_end>
    335a:	a0 2f       	mov	r26, r16
    335c:	62 c0       	rjmp	.+196    	; 0x3422 <fa_shl_r5>
    335e:	a2 2f       	mov	r26, r18
    3360:	60 c0       	rjmp	.+192    	; 0x3422 <fa_shl_r5>
    3362:	a4 2f       	mov	r26, r20
    3364:	5e c0       	rjmp	.+188    	; 0x3422 <fa_shl_r5>
    3366:	a6 2f       	mov	r26, r22
    3368:	5c c0       	rjmp	.+184    	; 0x3422 <fa_shl_r5>
    336a:	a0 2f       	mov	r26, r16
    336c:	66 c0       	rjmp	.+204    	; 0x343a <fa_shl_r6>
    336e:	a2 2f       	mov	r26, r18
    3370:	64 c0       	rjmp	.+200    	; 0x343a <fa_shl_r6>
    3372:	a4 2f       	mov	r26, r20
    3374:	62 c0       	rjmp	.+196    	; 0x343a <fa_shl_r6>
    3376:	a6 2f       	mov	r26, r22
    3378:	60 c0       	rjmp	.+192    	; 0x343a <fa_shl_r6>
    337a:	a0 2f       	mov	r26, r16
    337c:	6a c0       	rjmp	.+212    	; 0x3452 <fa_shl_r7>
    337e:	a2 2f       	mov	r26, r18
    3380:	68 c0       	rjmp	.+208    	; 0x3452 <fa_shl_r7>
    3382:	a4 2f       	mov	r26, r20
    3384:	66 c0       	rjmp	.+204    	; 0x3452 <fa_shl_r7>
    3386:	a6 2f       	mov	r26, r22
    3388:	64 c0       	rjmp	.+200    	; 0x3452 <fa_shl_r7>
    338a:	a0 2f       	mov	r26, r16
    338c:	6e c0       	rjmp	.+220    	; 0x346a <fa_lsr_r4>
    338e:	a2 2f       	mov	r26, r18
    3390:	6c c0       	rjmp	.+216    	; 0x346a <fa_lsr_r4>
    3392:	a4 2f       	mov	r26, r20
    3394:	6a c0       	rjmp	.+212    	; 0x346a <fa_lsr_r4>
    3396:	a6 2f       	mov	r26, r22
    3398:	68 c0       	rjmp	.+208    	; 0x346a <fa_lsr_r4>
    339a:	a0 2f       	mov	r26, r16
    339c:	72 c0       	rjmp	.+228    	; 0x3482 <fa_lsr_r5>
    339e:	a2 2f       	mov	r26, r18
    33a0:	70 c0       	rjmp	.+224    	; 0x3482 <fa_lsr_r5>
    33a2:	a4 2f       	mov	r26, r20
    33a4:	6e c0       	rjmp	.+220    	; 0x3482 <fa_lsr_r5>
    33a6:	a6 2f       	mov	r26, r22
    33a8:	6c c0       	rjmp	.+216    	; 0x3482 <fa_lsr_r5>
    33aa:	a0 2f       	mov	r26, r16
    33ac:	76 c0       	rjmp	.+236    	; 0x349a <fa_lsr_r6>
    33ae:	a2 2f       	mov	r26, r18
    33b0:	74 c0       	rjmp	.+232    	; 0x349a <fa_lsr_r6>
    33b2:	a4 2f       	mov	r26, r20
    33b4:	72 c0       	rjmp	.+228    	; 0x349a <fa_lsr_r6>
    33b6:	a6 2f       	mov	r26, r22
    33b8:	70 c0       	rjmp	.+224    	; 0x349a <fa_lsr_r6>
    33ba:	a0 2f       	mov	r26, r16
    33bc:	7a c0       	rjmp	.+244    	; 0x34b2 <fa_lsr_r7>
    33be:	a2 2f       	mov	r26, r18
    33c0:	78 c0       	rjmp	.+240    	; 0x34b2 <fa_lsr_r7>
    33c2:	a4 2f       	mov	r26, r20
    33c4:	76 c0       	rjmp	.+236    	; 0x34b2 <fa_lsr_r7>
    33c6:	a6 2f       	mov	r26, r22
    33c8:	74 c0       	rjmp	.+232    	; 0x34b2 <fa_lsr_r7>
    33ca:	a0 2f       	mov	r26, r16
    33cc:	7e c0       	rjmp	.+252    	; 0x34ca <fa_asr_r4>
    33ce:	a2 2f       	mov	r26, r18
    33d0:	7c c0       	rjmp	.+248    	; 0x34ca <fa_asr_r4>
    33d2:	a4 2f       	mov	r26, r20
    33d4:	7a c0       	rjmp	.+244    	; 0x34ca <fa_asr_r4>
    33d6:	a6 2f       	mov	r26, r22
    33d8:	78 c0       	rjmp	.+240    	; 0x34ca <fa_asr_r4>
    33da:	a0 2f       	mov	r26, r16
    33dc:	83 c0       	rjmp	.+262    	; 0x34e4 <fa_asr_r5>
    33de:	a2 2f       	mov	r26, r18
    33e0:	81 c0       	rjmp	.+258    	; 0x34e4 <fa_asr_r5>
    33e2:	a4 2f       	mov	r26, r20
    33e4:	7f c0       	rjmp	.+254    	; 0x34e4 <fa_asr_r5>
    33e6:	a6 2f       	mov	r26, r22
    33e8:	7d c0       	rjmp	.+250    	; 0x34e4 <fa_asr_r5>
    33ea:	a0 2f       	mov	r26, r16
    33ec:	88 c0       	rjmp	.+272    	; 0x34fe <fa_asr_r6>
    33ee:	a2 2f       	mov	r26, r18
    33f0:	86 c0       	rjmp	.+268    	; 0x34fe <fa_asr_r6>
    33f2:	a4 2f       	mov	r26, r20
    33f4:	84 c0       	rjmp	.+264    	; 0x34fe <fa_asr_r6>
    33f6:	a6 2f       	mov	r26, r22
    33f8:	82 c0       	rjmp	.+260    	; 0x34fe <fa_asr_r6>
    33fa:	a0 2f       	mov	r26, r16
    33fc:	8d c0       	rjmp	.+282    	; 0x3518 <fa_asr_r7>
    33fe:	a2 2f       	mov	r26, r18
    3400:	8b c0       	rjmp	.+278    	; 0x3518 <fa_asr_r7>
    3402:	a4 2f       	mov	r26, r20
    3404:	89 c0       	rjmp	.+274    	; 0x3518 <fa_asr_r7>
    3406:	a6 2f       	mov	r26, r22
    3408:	87 c0       	rjmp	.+270    	; 0x3518 <fa_asr_r7>

0000340a <fa_forward_table_end>:
    340a:	af 70       	andi	r26, 0x0F	; 15
    340c:	a3 ff       	sbrs	r26, 3
    340e:	03 c0       	rjmp	.+6      	; 0x3416 <.Lfa_shl_no8_1634>
    3410:	10 2f       	mov	r17, r16
    3412:	00 27       	eor	r16, r16
    3414:	a7 70       	andi	r26, 0x07	; 7

00003416 <.Lfa_shl_no8_1634>:
    3416:	21 f0       	breq	.+8      	; 0x3420 <.Lfa_shl_done_1634>

00003418 <.Lfa_shl_loop_1634>:
    3418:	00 0f       	add	r16, r16
    341a:	11 1f       	adc	r17, r17
    341c:	aa 95       	dec	r26
    341e:	e1 f7       	brne	.-8      	; 0x3418 <.Lfa_shl_loop_1634>

00003420 <.Lfa_shl_done_1634>:
    3420:	8e ce       	rjmp	.-740    	; 0x313e <cluster_c_tail>

00003422 <fa_shl_r5>:
    3422:	af 70       	andi	r26, 0x0F	; 15
    3424:	a3 ff       	sbrs	r26, 3
    3426:	03 c0       	rjmp	.+6      	; 0x342e <.Lfa_shl_no8_1635>
    3428:	32 2f       	mov	r19, r18
    342a:	22 27       	eor	r18, r18
    342c:	a7 70       	andi	r26, 0x07	; 7

0000342e <.Lfa_shl_no8_1635>:
    342e:	21 f0       	breq	.+8      	; 0x3438 <.Lfa_shl_done_1635>

00003430 <.Lfa_shl_loop_1635>:
    3430:	22 0f       	add	r18, r18
    3432:	33 1f       	adc	r19, r19
    3434:	aa 95       	dec	r26
    3436:	e1 f7       	brne	.-8      	; 0x3430 <.Lfa_shl_loop_1635>

00003438 <.Lfa_shl_done_1635>:
    3438:	82 ce       	rjmp	.-764    	; 0x313e <cluster_c_tail>

0000343a <fa_shl_r6>:
    343a:	af 70       	andi	r26, 0x0F	; 15
    343c:	a3 ff       	sbrs	r26, 3
    343e:	03 c0       	rjmp	.+6      	; 0x3446 <.Lfa_shl_no8_1636>
    3440:	54 2f       	mov	r21, r20
    3442:	44 27       	eor	r20, r20
    3444:	a7 70       	andi	r26, 0x07	; 7

00003446 <.Lfa_shl_no8_1636>:
    3446:	21 f0       	breq	.+8      	; 0x3450 <.Lfa_shl_done_1636>

00003448 <.Lfa_shl_loop_1636>:
    3448:	44 0f       	add	r20, r20
    344a:	55 1f       	adc	r21, r21
    344c:	aa 95       	dec	r26
    344e:	e1 f7       	brne	.-8      	; 0x3448 <.Lfa_shl_loop_1636>

00003450 <.Lfa_shl_done_1636>:
    3450:	76 ce       	rjmp	.-788    	; 0x313e <cluster_c_tail>

00003452 <fa_shl_r7>:
    3452:	af 70       	andi	r26, 0x0F	; 15
    3454:	a3 ff       	sbrs	r26, 3
    3456:	03 c0       	rjmp	.+6      	; 0x345e <.Lfa_shl_no8_1637>
    3458:	76 2f       	mov	r23, r22
    345a:	66 27       	eor	r22, r22
    345c:	a7 70       	andi	r26, 0x07	; 7

0000345e <.Lfa_shl_no8_1637>:
    345e:	21 f0       	breq	.+8      	; 0x3468 <.Lfa_shl_done_1637>

00003460 <.Lfa_shl_loop_1637>:
    3460:	66 0f       	add	r22, r22
    3462:	77 1f       	adc	r23, r23
    3464:	aa 95       	dec	r26
    3466:	e1 f7       	brne	.-8      	; 0x3460 <.Lfa_shl_loop_1637>

00003468 <.Lfa_shl_done_1637>:
    3468:	6a ce       	rjmp	.-812    	; 0x313e <cluster_c_tail>

0000346a <fa_lsr_r4>:
    346a:	af 70       	andi	r26, 0x0F	; 15
    346c:	a3 ff       	sbrs	r26, 3
    346e:	03 c0       	rjmp	.+6      	; 0x3476 <.Lfa_lsr_no8_1638>
    3470:	01 2f       	mov	r16, r17
    3472:	11 27       	eor	r17, r17
    3474:	a7 70       	andi	r26, 0x07	; 7

00003476 <.Lfa_lsr_no8_1638>:
    3476:	21 f0       	breq	.+8      	; 0x3480 <.Lfa_lsr_done_1638>

00003478 <.Lfa_lsr_loop_1638>:
    3478:	16 95       	lsr	r17
    347a:	07 95       	ror	r16
    347c:	aa 95       	dec	r26
    347e:	e1 f7       	brne	.-8      	; 0x3478 <.Lfa_lsr_loop_1638>

00003480 <.Lfa_lsr_done_1638>:
    3480:	5e ce       	rjmp	.-836    	; 0x313e <cluster_c_tail>

00003482 <fa_lsr_r5>:
    3482:	af 70       	andi	r26, 0x0F	; 15
    3484:	a3 ff       	sbrs	r26, 3
    3486:	03 c0       	rjmp	.+6      	; 0x348e <.Lfa_lsr_no8_1639>
    3488:	23 2f       	mov	r18, r19
    348a:	33 27       	eor	r19, r19
    348c:	a7 70       	andi	r26, 0x07	; 7

0000348e <.Lfa_lsr_no8_1639>:
    348e:	21 f0       	breq	.+8      	; 0x3498 <.Lfa_lsr_done_1639>

00003490 <.Lfa_lsr_loop_1639>:
    3490:	36 95       	lsr	r19
    3492:	27 95       	ror	r18
    3494:	aa 95       	dec	r26
    3496:	e1 f7       	brne	.-8      	; 0x3490 <.Lfa_lsr_loop_1639>

00003498 <.Lfa_lsr_done_1639>:
    3498:	52 ce       	rjmp	.-860    	; 0x313e <cluster_c_tail>

0000349a <fa_lsr_r6>:
    349a:	af 70       	andi	r26, 0x0F	; 15
    349c:	a3 ff       	sbrs	r26, 3
    349e:	03 c0       	rjmp	.+6      	; 0x34a6 <.Lfa_lsr_no8_1640>
    34a0:	45 2f       	mov	r20, r21
    34a2:	55 27       	eor	r21, r21
    34a4:	a7 70       	andi	r26, 0x07	; 7

000034a6 <.Lfa_lsr_no8_1640>:
    34a6:	21 f0       	breq	.+8      	; 0x34b0 <.Lfa_lsr_done_1640>

000034a8 <.Lfa_lsr_loop_1640>:
    34a8:	56 95       	lsr	r21
    34aa:	47 95       	ror	r20
    34ac:	aa 95       	dec	r26
    34ae:	e1 f7       	brne	.-8      	; 0x34a8 <.Lfa_lsr_loop_1640>

000034b0 <.Lfa_lsr_done_1640>:
    34b0:	46 ce       	rjmp	.-884    	; 0x313e <cluster_c_tail>

000034b2 <fa_lsr_r7>:
    34b2:	af 70       	andi	r26, 0x0F	; 15
    34b4:	a3 ff       	sbrs	r26, 3
    34b6:	03 c0       	rjmp	.+6      	; 0x34be <.Lfa_lsr_no8_1641>
    34b8:	67 2f       	mov	r22, r23
    34ba:	77 27       	eor	r23, r23
    34bc:	a7 70       	andi	r26, 0x07	; 7

000034be <.Lfa_lsr_no8_1641>:
    34be:	21 f0       	breq	.+8      	; 0x34c8 <.Lfa_lsr_done_1641>

000034c0 <.Lfa_lsr_loop_1641>:
    34c0:	76 95       	lsr	r23
    34c2:	67 95       	ror	r22
    34c4:	aa 95       	dec	r26
    34c6:	e1 f7       	brne	.-8      	; 0x34c0 <.Lfa_lsr_loop_1641>

000034c8 <.Lfa_lsr_done_1641>:
    34c8:	3a ce       	rjmp	.-908    	; 0x313e <cluster_c_tail>

000034ca <fa_asr_r4>:
    34ca:	af 70       	andi	r26, 0x0F	; 15
    34cc:	a3 ff       	sbrs	r26, 3
    34ce:	04 c0       	rjmp	.+8      	; 0x34d8 <.Lfa_asr_no8_1642>
    34d0:	01 2f       	mov	r16, r17
    34d2:	11 0f       	add	r17, r17
    34d4:	11 0b       	sbc	r17, r17
    34d6:	a7 70       	andi	r26, 0x07	; 7

000034d8 <.Lfa_asr_no8_1642>:
    34d8:	21 f0       	breq	.+8      	; 0x34e2 <.Lfa_asr_done_1642>

000034da <.Lfa_asr_loop_1642>:
    34da:	15 95       	asr	r17
    34dc:	07 95       	ror	r16
    34de:	aa 95       	dec	r26
    34e0:	e1 f7       	brne	.-8      	; 0x34da <.Lfa_asr_loop_1642>

000034e2 <.Lfa_asr_done_1642>:
    34e2:	2d ce       	rjmp	.-934    	; 0x313e <cluster_c_tail>

000034e4 <fa_asr_r5>:
    34e4:	af 70       	andi	r26, 0x0F	; 15
    34e6:	a3 ff       	sbrs	r26, 3
    34e8:	04 c0       	rjmp	.+8      	; 0x34f2 <.Lfa_asr_no8_1643>
    34ea:	23 2f       	mov	r18, r19
    34ec:	33 0f       	add	r19, r19
    34ee:	33 0b       	sbc	r19, r19
    34f0:	a7 70       	andi	r26, 0x07	; 7

000034f2 <.Lfa_asr_no8_1643>:
    34f2:	21 f0       	breq	.+8      	; 0x34fc <.Lfa_asr_done_1643>

000034f4 <.Lfa_asr_loop_1643>:
    34f4:	35 95       	asr	r19
    34f6:	27 95       	ror	r18
    34f8:	aa 95       	dec	r26
    34fa:	e1 f7       	brne	.-8      	; 0x34f4 <.Lfa_asr_loop_1643>

000034fc <.Lfa_asr_done_1643>:
    34fc:	20 ce       	rjmp	.-960    	; 0x313e <cluster_c_tail>

000034fe <fa_asr_r6>:
    34fe:	af 70       	andi	r26, 0x0F	; 15
    3500:	a3 ff       	sbrs	r26, 3
    3502:	04 c0       	rjmp	.+8      	; 0x350c <.Lfa_asr_no8_1644>
    3504:	45 2f       	mov	r20, r21
    3506:	55 0f       	add	r21, r21
    3508:	55 0b       	sbc	r21, r21
    350a:	a7 70       	andi	r26, 0x07	; 7

0000350c <.Lfa_asr_no8_1644>:
    350c:	21 f0       	breq	.+8      	; 0x3516 <.Lfa_asr_done_1644>

0000350e <.Lfa_asr_loop_1644>:
    350e:	55 95       	asr	r21
    3510:	47 95       	ror	r20
    3512:	aa 95       	dec	r26
    3514:	e1 f7       	brne	.-8      	; 0x350e <.Lfa_asr_loop_1644>

00003516 <.Lfa_asr_done_1644>:
    3516:	13 ce       	rjmp	.-986    	; 0x313e <cluster_c_tail>

00003518 <fa_asr_r7>:
    3518:	af 70       	andi	r26, 0x0F	; 15
    351a:	a3 ff       	sbrs	r26, 3
    351c:	04 c0       	rjmp	.+8      	; 0x3526 <.Lfa_asr_no8_1645>
    351e:	67 2f       	mov	r22, r23
    3520:	77 0f       	add	r23, r23
    3522:	77 0b       	sbc	r23, r23
    3524:	a7 70       	andi	r26, 0x07	; 7

00003526 <.Lfa_asr_no8_1645>:
    3526:	21 f0       	breq	.+8      	; 0x3530 <.Lfa_asr_done_1645>

00003528 <.Lfa_asr_loop_1645>:
    3528:	75 95       	asr	r23
    352a:	67 95       	ror	r22
    352c:	aa 95       	dec	r26
    352e:	e1 f7       	brne	.-8      	; 0x3528 <.Lfa_asr_loop_1645>

00003530 <.Lfa_asr_done_1645>:
    3530:	06 ce       	rjmp	.-1012   	; 0x313e <cluster_c_tail>

00003532 <cmov_table>:
    3532:	44 01       	movw	r8, r8
    3534:	04 ce       	rjmp	.-1016   	; 0x313e <cluster_c_tail>
    3536:	45 01       	movw	r8, r10
    3538:	02 ce       	rjmp	.-1020   	; 0x313e <cluster_c_tail>
    353a:	46 01       	movw	r8, r12
    353c:	00 ce       	rjmp	.-1024   	; 0x313e <cluster_c_tail>
    353e:	47 01       	movw	r8, r14
    3540:	fe cd       	rjmp	.-1028   	; 0x313e <cluster_c_tail>
    3542:	48 01       	movw	r8, r16
    3544:	fc cd       	rjmp	.-1032   	; 0x313e <cluster_c_tail>
    3546:	49 01       	movw	r8, r18
    3548:	fa cd       	rjmp	.-1036   	; 0x313e <cluster_c_tail>
    354a:	4a 01       	movw	r8, r20
    354c:	f8 cd       	rjmp	.-1040   	; 0x313e <cluster_c_tail>
    354e:	4b 01       	movw	r8, r22
    3550:	f6 cd       	rjmp	.-1044   	; 0x313e <cluster_c_tail>
    3552:	54 01       	movw	r10, r8
    3554:	f4 cd       	rjmp	.-1048   	; 0x313e <cluster_c_tail>
    3556:	55 01       	movw	r10, r10
    3558:	f2 cd       	rjmp	.-1052   	; 0x313e <cluster_c_tail>
    355a:	56 01       	movw	r10, r12
    355c:	f0 cd       	rjmp	.-1056   	; 0x313e <cluster_c_tail>
    355e:	57 01       	movw	r10, r14
    3560:	ee cd       	rjmp	.-1060   	; 0x313e <cluster_c_tail>
    3562:	58 01       	movw	r10, r16
    3564:	ec cd       	rjmp	.-1064   	; 0x313e <cluster_c_tail>
    3566:	59 01       	movw	r10, r18
    3568:	ea cd       	rjmp	.-1068   	; 0x313e <cluster_c_tail>
    356a:	5a 01       	movw	r10, r20
    356c:	e8 cd       	rjmp	.-1072   	; 0x313e <cluster_c_tail>
    356e:	5b 01       	movw	r10, r22
    3570:	e6 cd       	rjmp	.-1076   	; 0x313e <cluster_c_tail>
    3572:	64 01       	movw	r12, r8
    3574:	e4 cd       	rjmp	.-1080   	; 0x313e <cluster_c_tail>
    3576:	65 01       	movw	r12, r10
    3578:	e2 cd       	rjmp	.-1084   	; 0x313e <cluster_c_tail>
    357a:	66 01       	movw	r12, r12
    357c:	e0 cd       	rjmp	.-1088   	; 0x313e <cluster_c_tail>
    357e:	67 01       	movw	r12, r14
    3580:	de cd       	rjmp	.-1092   	; 0x313e <cluster_c_tail>
    3582:	68 01       	movw	r12, r16
    3584:	dc cd       	rjmp	.-1096   	; 0x313e <cluster_c_tail>
    3586:	69 01       	movw	r12, r18
    3588:	da cd       	rjmp	.-1100   	; 0x313e <cluster_c_tail>
    358a:	6a 01       	movw	r12, r20
    358c:	d8 cd       	rjmp	.-1104   	; 0x313e <cluster_c_tail>
    358e:	6b 01       	movw	r12, r22
    3590:	d6 cd       	rjmp	.-1108   	; 0x313e <cluster_c_tail>
    3592:	74 01       	movw	r14, r8
    3594:	d4 cd       	rjmp	.-1112   	; 0x313e <cluster_c_tail>
    3596:	75 01       	movw	r14, r10
    3598:	d2 cd       	rjmp	.-1116   	; 0x313e <cluster_c_tail>
    359a:	76 01       	movw	r14, r12
    359c:	d0 cd       	rjmp	.-1120   	; 0x313e <cluster_c_tail>
    359e:	77 01       	movw	r14, r14
    35a0:	ce cd       	rjmp	.-1124   	; 0x313e <cluster_c_tail>
    35a2:	78 01       	movw	r14, r16
    35a4:	cc cd       	rjmp	.-1128   	; 0x313e <cluster_c_tail>
    35a6:	79 01       	movw	r14, r18
    35a8:	ca cd       	rjmp	.-1132   	; 0x313e <cluster_c_tail>
    35aa:	7a 01       	movw	r14, r20
    35ac:	c8 cd       	rjmp	.-1136   	; 0x313e <cluster_c_tail>
    35ae:	7b 01       	movw	r14, r22
    35b0:	c6 cd       	rjmp	.-1140   	; 0x313e <cluster_c_tail>
    35b2:	84 01       	movw	r16, r8
    35b4:	c4 cd       	rjmp	.-1144   	; 0x313e <cluster_c_tail>
    35b6:	85 01       	movw	r16, r10
    35b8:	c2 cd       	rjmp	.-1148   	; 0x313e <cluster_c_tail>
    35ba:	86 01       	movw	r16, r12
    35bc:	c0 cd       	rjmp	.-1152   	; 0x313e <cluster_c_tail>
    35be:	87 01       	movw	r16, r14
    35c0:	be cd       	rjmp	.-1156   	; 0x313e <cluster_c_tail>
    35c2:	88 01       	movw	r16, r16
    35c4:	bc cd       	rjmp	.-1160   	; 0x313e <cluster_c_tail>
    35c6:	89 01       	movw	r16, r18
    35c8:	ba cd       	rjmp	.-1164   	; 0x313e <cluster_c_tail>
    35ca:	8a 01       	movw	r16, r20
    35cc:	b8 cd       	rjmp	.-1168   	; 0x313e <cluster_c_tail>
    35ce:	8b 01       	movw	r16, r22
    35d0:	b6 cd       	rjmp	.-1172   	; 0x313e <cluster_c_tail>
    35d2:	94 01       	movw	r18, r8
    35d4:	b4 cd       	rjmp	.-1176   	; 0x313e <cluster_c_tail>
    35d6:	95 01       	movw	r18, r10
    35d8:	b2 cd       	rjmp	.-1180   	; 0x313e <cluster_c_tail>
    35da:	96 01       	movw	r18, r12
    35dc:	b0 cd       	rjmp	.-1184   	; 0x313e <cluster_c_tail>
    35de:	97 01       	movw	r18, r14
    35e0:	ae cd       	rjmp	.-1188   	; 0x313e <cluster_c_tail>
    35e2:	98 01       	movw	r18, r16
    35e4:	ac cd       	rjmp	.-1192   	; 0x313e <cluster_c_tail>
    35e6:	99 01       	movw	r18, r18
    35e8:	aa cd       	rjmp	.-1196   	; 0x313e <cluster_c_tail>
    35ea:	9a 01       	movw	r18, r20
    35ec:	a8 cd       	rjmp	.-1200   	; 0x313e <cluster_c_tail>
    35ee:	9b 01       	movw	r18, r22
    35f0:	a6 cd       	rjmp	.-1204   	; 0x313e <cluster_c_tail>
    35f2:	a4 01       	movw	r20, r8
    35f4:	a4 cd       	rjmp	.-1208   	; 0x313e <cluster_c_tail>
    35f6:	a5 01       	movw	r20, r10
    35f8:	a2 cd       	rjmp	.-1212   	; 0x313e <cluster_c_tail>
    35fa:	a6 01       	movw	r20, r12
    35fc:	a0 cd       	rjmp	.-1216   	; 0x313e <cluster_c_tail>
    35fe:	a7 01       	movw	r20, r14
    3600:	9e cd       	rjmp	.-1220   	; 0x313e <cluster_c_tail>
    3602:	a8 01       	movw	r20, r16
    3604:	9c cd       	rjmp	.-1224   	; 0x313e <cluster_c_tail>
    3606:	a9 01       	movw	r20, r18
    3608:	9a cd       	rjmp	.-1228   	; 0x313e <cluster_c_tail>
    360a:	aa 01       	movw	r20, r20
    360c:	98 cd       	rjmp	.-1232   	; 0x313e <cluster_c_tail>
    360e:	ab 01       	movw	r20, r22
    3610:	96 cd       	rjmp	.-1236   	; 0x313e <cluster_c_tail>
    3612:	b4 01       	movw	r22, r8
    3614:	94 cd       	rjmp	.-1240   	; 0x313e <cluster_c_tail>
    3616:	b5 01       	movw	r22, r10
    3618:	92 cd       	rjmp	.-1244   	; 0x313e <cluster_c_tail>
    361a:	b6 01       	movw	r22, r12
    361c:	90 cd       	rjmp	.-1248   	; 0x313e <cluster_c_tail>
    361e:	b7 01       	movw	r22, r14
    3620:	8e cd       	rjmp	.-1252   	; 0x313e <cluster_c_tail>
    3622:	b8 01       	movw	r22, r16
    3624:	8c cd       	rjmp	.-1256   	; 0x313e <cluster_c_tail>
    3626:	b9 01       	movw	r22, r18
    3628:	8a cd       	rjmp	.-1260   	; 0x313e <cluster_c_tail>
    362a:	ba 01       	movw	r22, r20
    362c:	88 cd       	rjmp	.-1264   	; 0x313e <cluster_c_tail>
    362e:	bb 01       	movw	r22, r22
    3630:	86 cd       	rjmp	.-1268   	; 0x313e <cluster_c_tail>

00003632 <cmov_table_end>:
    3632:	d4 01       	movw	r26, r8
    3634:	7e c0       	rjmp	.+252    	; 0x3732 <fe_forward_table_end>
    3636:	d5 01       	movw	r26, r10
    3638:	7c c0       	rjmp	.+248    	; 0x3732 <fe_forward_table_end>
    363a:	d6 01       	movw	r26, r12
    363c:	7a c0       	rjmp	.+244    	; 0x3732 <fe_forward_table_end>
    363e:	d7 01       	movw	r26, r14
    3640:	78 c0       	rjmp	.+240    	; 0x3732 <fe_forward_table_end>
    3642:	d8 01       	movw	r26, r16
    3644:	76 c0       	rjmp	.+236    	; 0x3732 <fe_forward_table_end>
    3646:	d9 01       	movw	r26, r18
    3648:	74 c0       	rjmp	.+232    	; 0x3732 <fe_forward_table_end>
    364a:	da 01       	movw	r26, r20
    364c:	72 c0       	rjmp	.+228    	; 0x3732 <fe_forward_table_end>
    364e:	db 01       	movw	r26, r22
    3650:	70 c0       	rjmp	.+224    	; 0x3732 <fe_forward_table_end>
    3652:	d4 01       	movw	r26, r8
    3654:	76 c0       	rjmp	.+236    	; 0x3742 <fe_mul16_r1>
    3656:	d5 01       	movw	r26, r10
    3658:	74 c0       	rjmp	.+232    	; 0x3742 <fe_mul16_r1>
    365a:	d6 01       	movw	r26, r12
    365c:	72 c0       	rjmp	.+228    	; 0x3742 <fe_mul16_r1>
    365e:	d7 01       	movw	r26, r14
    3660:	70 c0       	rjmp	.+224    	; 0x3742 <fe_mul16_r1>
    3662:	d8 01       	movw	r26, r16
    3664:	6e c0       	rjmp	.+220    	; 0x3742 <fe_mul16_r1>
    3666:	d9 01       	movw	r26, r18
    3668:	6c c0       	rjmp	.+216    	; 0x3742 <fe_mul16_r1>
    366a:	da 01       	movw	r26, r20
    366c:	6a c0       	rjmp	.+212    	; 0x3742 <fe_mul16_r1>
    366e:	db 01       	movw	r26, r22
    3670:	68 c0       	rjmp	.+208    	; 0x3742 <fe_mul16_r1>
    3672:	d4 01       	movw	r26, r8
    3674:	6e c0       	rjmp	.+220    	; 0x3752 <fe_mul16_r2>
    3676:	d5 01       	movw	r26, r10
    3678:	6c c0       	rjmp	.+216    	; 0x3752 <fe_mul16_r2>
    367a:	d6 01       	movw	r26, r12
    367c:	6a c0       	rjmp	.+212    	; 0x3752 <fe_mul16_r2>
    367e:	d7 01       	movw	r26, r14
    3680:	68 c0       	rjmp	.+208    	; 0x3752 <fe_mul16_r2>
    3682:	d8 01       	movw	r26, r16
    3684:	66 c0       	rjmp	.+204    	; 0x3752 <fe_mul16_r2>
    3686:	d9 01       	movw	r26, r18
    3688:	64 c0       	rjmp	.+200    	; 0x3752 <fe_mul16_r2>
    368a:	da 01       	movw	r26, r20
    368c:	62 c0       	rjmp	.+196    	; 0x3752 <fe_mul16_r2>
    368e:	db 01       	movw	r26, r22
    3690:	60 c0       	rjmp	.+192    	; 0x3752 <fe_mul16_r2>
    3692:	d4 01       	movw	r26, r8
    3694:	66 c0       	rjmp	.+204    	; 0x3762 <fe_mul16_r3>
    3696:	d5 01       	movw	r26, r10
    3698:	64 c0       	rjmp	.+200    	; 0x3762 <fe_mul16_r3>
    369a:	d6 01       	movw	r26, r12
    369c:	62 c0       	rjmp	.+196    	; 0x3762 <fe_mul16_r3>
    369e:	d7 01       	movw	r26, r14
    36a0:	60 c0       	rjmp	.+192    	; 0x3762 <fe_mul16_r3>
    36a2:	d8 01       	movw	r26, r16
    36a4:	5e c0       	rjmp	.+188    	; 0x3762 <fe_mul16_r3>
    36a6:	d9 01       	movw	r26, r18
    36a8:	5c c0       	rjmp	.+184    	; 0x3762 <fe_mul16_r3>
    36aa:	da 01       	movw	r26, r20
    36ac:	5a c0       	rjmp	.+180    	; 0x3762 <fe_mul16_r3>
    36ae:	db 01       	movw	r26, r22
    36b0:	58 c0       	rjmp	.+176    	; 0x3762 <fe_mul16_r3>
    36b2:	d4 01       	movw	r26, r8
    36b4:	5e c0       	rjmp	.+188    	; 0x3772 <fe_mul16_r4>
    36b6:	d5 01       	movw	r26, r10
    36b8:	5c c0       	rjmp	.+184    	; 0x3772 <fe_mul16_r4>
    36ba:	d6 01       	movw	r26, r12
    36bc:	5a c0       	rjmp	.+180    	; 0x3772 <fe_mul16_r4>
    36be:	d7 01       	movw	r26, r14
    36c0:	58 c0       	rjmp	.+176    	; 0x3772 <fe_mul16_r4>
    36c2:	d8 01       	movw	r26, r16
    36c4:	56 c0       	rjmp	.+172    	; 0x3772 <fe_mul16_r4>
    36c6:	d9 01       	movw	r26, r18
    36c8:	54 c0       	rjmp	.+168    	; 0x3772 <fe_mul16_r4>
    36ca:	da 01       	movw	r26, r20
    36cc:	52 c0       	rjmp	.+164    	; 0x3772 <fe_mul16_r4>
    36ce:	db 01       	movw	r26, r22
    36d0:	50 c0       	rjmp	.+160    	; 0x3772 <fe_mul16_r4>
    36d2:	d4 01       	movw	r26, r8
    36d4:	56 c0       	rjmp	.+172    	; 0x3782 <fe_mul16_r5>
    36d6:	d5 01       	movw	r26, r10
    36d8:	54 c0       	rjmp	.+168    	; 0x3782 <fe_mul16_r5>
    36da:	d6 01       	movw	r26, r12
    36dc:	52 c0       	rjmp	.+164    	; 0x3782 <fe_mul16_r5>
    36de:	d7 01       	movw	r26, r14
    36e0:	50 c0       	rjmp	.+160    	; 0x3782 <fe_mul16_r5>
    36e2:	d8 01       	movw	r26, r16
    36e4:	4e c0       	rjmp	.+156    	; 0x3782 <fe_mul16_r5>
    36e6:	d9 01       	movw	r26, r18
    36e8:	4c c0       	rjmp	.+152    	; 0x3782 <fe_mul16_r5>
    36ea:	da 01       	movw	r26, r20
    36ec:	4a c0       	rjmp	.+148    	; 0x3782 <fe_mul16_r5>
    36ee:	db 01       	movw	r26, r22
    36f0:	48 c0       	rjmp	.+144    	; 0x3782 <fe_mul16_r5>
    36f2:	d4 01       	movw	r26, r8
    36f4:	4e c0       	rjmp	.+156    	; 0x3792 <fe_mul16_r6>
    36f6:	d5 01       	movw	r26, r10
    36f8:	4c c0       	rjmp	.+152    	; 0x3792 <fe_mul16_r6>
    36fa:	d6 01       	movw	r26, r12
    36fc:	4a c0       	rjmp	.+148    	; 0x3792 <fe_mul16_r6>
    36fe:	d7 01       	movw	r26, r14
    3700:	48 c0       	rjmp	.+144    	; 0x3792 <fe_mul16_r6>
    3702:	d8 01       	movw	r26, r16
    3704:	46 c0       	rjmp	.+140    	; 0x3792 <fe_mul16_r6>
    3706:	d9 01       	movw	r26, r18
    3708:	44 c0       	rjmp	.+136    	; 0x3792 <fe_mul16_r6>
    370a:	da 01       	movw	r26, r20
    370c:	42 c0       	rjmp	.+132    	; 0x3792 <fe_mul16_r6>
    370e:	db 01       	movw	r26, r22
    3710:	40 c0       	rjmp	.+128    	; 0x3792 <fe_mul16_r6>
    3712:	d4 01       	movw	r26, r8
    3714:	46 c0       	rjmp	.+140    	; 0x37a2 <fe_mul16_r7>
    3716:	d5 01       	movw	r26, r10
    3718:	44 c0       	rjmp	.+136    	; 0x37a2 <fe_mul16_r7>
    371a:	d6 01       	movw	r26, r12
    371c:	42 c0       	rjmp	.+132    	; 0x37a2 <fe_mul16_r7>
    371e:	d7 01       	movw	r26, r14
    3720:	40 c0       	rjmp	.+128    	; 0x37a2 <fe_mul16_r7>
    3722:	d8 01       	movw	r26, r16
    3724:	3e c0       	rjmp	.+124    	; 0x37a2 <fe_mul16_r7>
    3726:	d9 01       	movw	r26, r18
    3728:	3c c0       	rjmp	.+120    	; 0x37a2 <fe_mul16_r7>
    372a:	da 01       	movw	r26, r20
    372c:	3a c0       	rjmp	.+116    	; 0x37a2 <fe_mul16_r7>
    372e:	db 01       	movw	r26, r22
    3730:	38 c0       	rjmp	.+112    	; 0x37a2 <fe_mul16_r7>

00003732 <fe_forward_table_end>:
    3732:	f4 01       	movw	r30, r8
    3734:	ea 9f       	mul	r30, r26
    3736:	40 01       	movw	r8, r0
    3738:	fa 9f       	mul	r31, r26
    373a:	90 0c       	add	r9, r0
    373c:	eb 9f       	mul	r30, r27
    373e:	90 0c       	add	r9, r0
    3740:	fe cc       	rjmp	.-1540   	; 0x313e <cluster_c_tail>

00003742 <fe_mul16_r1>:
    3742:	f5 01       	movw	r30, r10
    3744:	ea 9f       	mul	r30, r26
    3746:	50 01       	movw	r10, r0
    3748:	fa 9f       	mul	r31, r26
    374a:	b0 0c       	add	r11, r0
    374c:	eb 9f       	mul	r30, r27
    374e:	b0 0c       	add	r11, r0
    3750:	f6 cc       	rjmp	.-1556   	; 0x313e <cluster_c_tail>

00003752 <fe_mul16_r2>:
    3752:	f6 01       	movw	r30, r12
    3754:	ea 9f       	mul	r30, r26
    3756:	60 01       	movw	r12, r0
    3758:	fa 9f       	mul	r31, r26
    375a:	d0 0c       	add	r13, r0
    375c:	eb 9f       	mul	r30, r27
    375e:	d0 0c       	add	r13, r0
    3760:	ee cc       	rjmp	.-1572   	; 0x313e <cluster_c_tail>

00003762 <fe_mul16_r3>:
    3762:	f7 01       	movw	r30, r14
    3764:	ea 9f       	mul	r30, r26
    3766:	70 01       	movw	r14, r0
    3768:	fa 9f       	mul	r31, r26
    376a:	f0 0c       	add	r15, r0
    376c:	eb 9f       	mul	r30, r27
    376e:	f0 0c       	add	r15, r0
    3770:	e6 cc       	rjmp	.-1588   	; 0x313e <cluster_c_tail>

00003772 <fe_mul16_r4>:
    3772:	f8 01       	movw	r30, r16
    3774:	ea 9f       	mul	r30, r26
    3776:	80 01       	movw	r16, r0
    3778:	fa 9f       	mul	r31, r26
    377a:	10 0d       	add	r17, r0
    377c:	eb 9f       	mul	r30, r27
    377e:	10 0d       	add	r17, r0
    3780:	de cc       	rjmp	.-1604   	; 0x313e <cluster_c_tail>

00003782 <fe_mul16_r5>:
    3782:	f9 01       	movw	r30, r18
    3784:	ea 9f       	mul	r30, r26
    3786:	90 01       	movw	r18, r0
    3788:	fa 9f       	mul	r31, r26
    378a:	30 0d       	add	r19, r0
    378c:	eb 9f       	mul	r30, r27
    378e:	30 0d       	add	r19, r0
    3790:	d6 cc       	rjmp	.-1620   	; 0x313e <cluster_c_tail>

00003792 <fe_mul16_r6>:
    3792:	fa 01       	movw	r30, r20
    3794:	ea 9f       	mul	r30, r26
    3796:	a0 01       	movw	r20, r0
    3798:	fa 9f       	mul	r31, r26
    379a:	50 0d       	add	r21, r0
    379c:	eb 9f       	mul	r30, r27
    379e:	50 0d       	add	r21, r0
    37a0:	ce cc       	rjmp	.-1636   	; 0x313e <cluster_c_tail>

000037a2 <fe_mul16_r7>:
    37a2:	fb 01       	movw	r30, r22
    37a4:	ea 9f       	mul	r30, r26
    37a6:	b0 01       	movw	r22, r0
    37a8:	fa 9f       	mul	r31, r26
    37aa:	70 0d       	add	r23, r0
    37ac:	eb 9f       	mul	r30, r27
    37ae:	70 0d       	add	r23, r0
    37b0:	c6 cc       	rjmp	.-1652   	; 0x313e <cluster_c_tail>

000037b2 <fe_mul16_bodies_end>:
    37b2:	59 9a       	sbi	0x0b, 1	; 11
    37b4:	e3 e0       	ldi	r30, 0x03	; 3
    37b6:	59 98       	cbi	0x0b, 1	; 11
    37b8:	ee bd       	out	0x2e, r30	; 46
    37ba:	a0 91 00 0a 	lds	r26, 0x0A00	; 0x800a00 <__DATA_REGION_ORIGIN__+0x9a0>
    37be:	a5 0d       	add	r26, r5
    37c0:	b0 91 01 0a 	lds	r27, 0x0A01	; 0x800a01 <__DATA_REGION_ORIGIN__+0x9a1>
    37c4:	b6 1d       	adc	r27, r6
    37c6:	10 d0       	rcall	.+32     	; 0x37e8 <fx_seek_delay_10>
    37c8:	be bd       	out	0x2e, r27	; 46
    37ca:	08 d0       	rcall	.+16     	; 0x37dc <fx_seek_delay_17>
    37cc:	ae bd       	out	0x2e, r26	; 46
    37ce:	06 d0       	rcall	.+12     	; 0x37dc <fx_seek_delay_17>
    37d0:	4e bc       	out	0x2e, r4	; 46
    37d2:	04 d0       	rcall	.+8      	; 0x37dc <fx_seek_delay_17>
    37d4:	2e bc       	out	0x2e, r2	; 46
    37d6:	00 c0       	rjmp	.+0      	; 0x37d8 <fe_mul16_bodies_end+0x26>
    37d8:	07 d0       	rcall	.+14     	; 0x37e8 <fx_seek_delay_10>
    37da:	08 95       	ret

000037dc <fx_seek_delay_17>:
    37dc:	00 00       	nop

000037de <fx_seek_delay_16>:
    37de:	00 c0       	rjmp	.+0      	; 0x37e0 <fx_seek_delay_14>

000037e0 <fx_seek_delay_14>:
    37e0:	00 00       	nop

000037e2 <fx_seek_delay_13>:
    37e2:	00 00       	nop

000037e4 <fx_seek_delay_12>:
    37e4:	00 00       	nop

000037e6 <fx_seek_delay_11>:
    37e6:	00 00       	nop

000037e8 <fx_seek_delay_10>:
    37e8:	00 00       	nop

000037ea <fx_seek_delay_9>:
    37ea:	00 c0       	rjmp	.+0      	; 0x37ec <fx_seek_delay_7>

000037ec <fx_seek_delay_7>:
    37ec:	08 95       	ret

000037ee <startup_func>:
    37ee:	f8 94       	cli
    37f0:	af ef       	ldi	r26, 0xFF	; 255
    37f2:	ad bf       	out	0x3d, r26	; 61
    37f4:	aa e0       	ldi	r26, 0x0A	; 10
    37f6:	ae bf       	out	0x3e, r26	; 62
    37f8:	22 24       	eor	r2, r2
    37fa:	a1 e0       	ldi	r26, 0x01	; 1
    37fc:	3a 2e       	mov	r3, r26
    37fe:	a4 e0       	ldi	r26, 0x04	; 4
    3800:	7a 2e       	mov	r7, r26
    3802:	20 92 04 0a 	sts	0x0A04, r2	; 0x800a04 <__DATA_REGION_ORIGIN__+0x9a4>
    3806:	20 92 05 0a 	sts	0x0A05, r2	; 0x800a05 <__DATA_REGION_ORIGIN__+0x9a5>
    380a:	20 92 06 0a 	sts	0x0A06, r2	; 0x800a06 <__DATA_REGION_ORIGIN__+0x9a6>
    380e:	20 92 07 0a 	sts	0x0A07, r2	; 0x800a07 <__DATA_REGION_ORIGIN__+0x9a7>
    3812:	20 92 08 0a 	sts	0x0A08, r2	; 0x800a08 <__DATA_REGION_ORIGIN__+0x9a8>
    3816:	20 92 0c 0a 	sts	0x0A0C, r2	; 0x800a0c <_end>
    381a:	20 92 11 0a 	sts	0x0A11, r2	; 0x800a11 <_end+0x5>
    381e:	a2 e0       	ldi	r26, 0x02	; 2
    3820:	a0 93 14 0a 	sts	0x0A14, r26	; 0x800a14 <_end+0x8>
    3824:	c0 e0       	ldi	r28, 0x00	; 0
    3826:	da e0       	ldi	r29, 0x0A	; 10
    3828:	2e ba       	out	0x1e, r2	; 30
    382a:	ee d0       	rcall	.+476    	; 0x3a08 <hardware_init_pins_func>
    382c:	a0 e5       	ldi	r26, 0x50	; 80
    382e:	ac bd       	out	0x2c, r26	; 44
    3830:	a1 e0       	ldi	r26, 0x01	; 1
    3832:	ad bd       	out	0x2d, r26	; 45
    3834:	20 d1       	rcall	.+576    	; 0x3a76 <oled_startup_init_func>
    3836:	59 98       	cbi	0x0b, 1	; 11
    3838:	eb ea       	ldi	r30, 0xAB	; 171
    383a:	dc d0       	rcall	.+440    	; 0x39f4 <fx_spi_transfer_blocking>
    383c:	59 9a       	sbi	0x0b, 1	; 11
    383e:	e0 d0       	rcall	.+448    	; 0x3a00 <fx_startup_wake_delay>
    3840:	e4 e1       	ldi	r30, 0x14	; 20
    3842:	f0 e0       	ldi	r31, 0x00	; 0
    3844:	45 91       	lpm	r20, Z+
    3846:	55 91       	lpm	r21, Z+
    3848:	48 31       	cpi	r20, 0x18	; 24
    384a:	c1 f4       	brne	.+48     	; 0x387c <startup_find_development_image>
    384c:	55 39       	cpi	r21, 0x95	; 149
    384e:	b1 f4       	brne	.+44     	; 0x387c <startup_find_development_image>
    3850:	b5 91       	lpm	r27, Z+
    3852:	a5 91       	lpm	r26, Z+
    3854:	a0 93 00 0a 	sts	0x0A00, r26	; 0x800a00 <__DATA_REGION_ORIGIN__+0x9a0>
    3858:	b0 93 01 0a 	sts	0x0A01, r27	; 0x800a01 <__DATA_REGION_ORIGIN__+0x9a1>
    385c:	45 91       	lpm	r20, Z+
    385e:	55 91       	lpm	r21, Z+
    3860:	48 31       	cpi	r20, 0x18	; 24
    3862:	21 f5       	brne	.+72     	; 0x38ac <startup_read_header>
    3864:	55 39       	cpi	r21, 0x95	; 149
    3866:	11 f5       	brne	.+68     	; 0x38ac <startup_read_header>
    3868:	b5 91       	lpm	r27, Z+
    386a:	a5 91       	lpm	r26, Z+
    386c:	a0 93 02 0a 	sts	0x0A02, r26	; 0x800a02 <__DATA_REGION_ORIGIN__+0x9a2>
    3870:	b0 93 03 0a 	sts	0x0A03, r27	; 0x800a03 <__DATA_REGION_ORIGIN__+0x9a3>
    3874:	a1 e0       	ldi	r26, 0x01	; 1
    3876:	a0 93 04 0a 	sts	0x0A04, r26	; 0x800a04 <__DATA_REGION_ORIGIN__+0x9a4>
    387a:	18 c0       	rjmp	.+48     	; 0x38ac <startup_read_header>

0000387c <startup_find_development_image>:
    387c:	6f ef       	ldi	r22, 0xFF	; 255
    387e:	bf ef       	ldi	r27, 0xFF	; 255
    3880:	a8 ef       	ldi	r26, 0xF8	; 248
    3882:	44 27       	eor	r20, r20
    3884:	55 27       	eor	r21, r21
    3886:	88 d0       	rcall	.+272    	; 0x3998 <startup_try_tail>
    3888:	88 f0       	brcs	.+34     	; 0x38ac <startup_read_header>
    388a:	6f ef       	ldi	r22, 0xFF	; 255
    388c:	bf ee       	ldi	r27, 0xEF	; 239
    388e:	a8 ef       	ldi	r26, 0xF8	; 248
    3890:	40 ef       	ldi	r20, 0xF0	; 240
    3892:	5f ef       	ldi	r21, 0xFF	; 255
    3894:	81 d0       	rcall	.+258    	; 0x3998 <startup_try_tail>
    3896:	08 f0       	brcs	.+2      	; 0x389a <.L1^B1>
    3898:	6c c0       	rjmp	.+216    	; 0x3972 <startup_invalid_image>

0000389a <.L1^B1>:
    389a:	a0 ef       	ldi	r26, 0xF0	; 240
    389c:	bf ef       	ldi	r27, 0xFF	; 255
    389e:	a0 93 02 0a 	sts	0x0A02, r26	; 0x800a02 <__DATA_REGION_ORIGIN__+0x9a2>
    38a2:	b0 93 03 0a 	sts	0x0A03, r27	; 0x800a03 <__DATA_REGION_ORIGIN__+0x9a3>
    38a6:	a1 e0       	ldi	r26, 0x01	; 1
    38a8:	a0 93 04 0a 	sts	0x0A04, r26	; 0x800a04 <__DATA_REGION_ORIGIN__+0x9a4>

000038ac <startup_read_header>:
    38ac:	aa 27       	eor	r26, r26
    38ae:	b0 91 00 0a 	lds	r27, 0x0A00	; 0x800a00 <__DATA_REGION_ORIGIN__+0x9a0>
    38b2:	60 91 01 0a 	lds	r22, 0x0A01	; 0x800a01 <__DATA_REGION_ORIGIN__+0x9a1>
    38b6:	92 d0       	rcall	.+292    	; 0x39dc <fx_startup_begin_read>
    38b8:	9c d0       	rcall	.+312    	; 0x39f2 <fx_startup_read_byte>
    38ba:	e1 34       	cpi	r30, 0x41	; 65
    38bc:	09 f0       	breq	.+2      	; 0x38c0 <.L1^B2>
    38be:	59 c0       	rjmp	.+178    	; 0x3972 <startup_invalid_image>

000038c0 <.L1^B2>:
    38c0:	98 d0       	rcall	.+304    	; 0x39f2 <fx_startup_read_byte>
    38c2:	e6 35       	cpi	r30, 0x56	; 86
    38c4:	09 f0       	breq	.+2      	; 0x38c8 <.L1^B3>
    38c6:	55 c0       	rjmp	.+170    	; 0x3972 <startup_invalid_image>

000038c8 <.L1^B3>:
    38c8:	94 d0       	rcall	.+296    	; 0x39f2 <fx_startup_read_byte>
    38ca:	ed 34       	cpi	r30, 0x4D	; 77
    38cc:	09 f0       	breq	.+2      	; 0x38d0 <.L1^B4>
    38ce:	51 c0       	rjmp	.+162    	; 0x3972 <startup_invalid_image>

000038d0 <.L1^B4>:
    38d0:	90 d0       	rcall	.+288    	; 0x39f2 <fx_startup_read_byte>
    38d2:	e1 30       	cpi	r30, 0x01	; 1
    38d4:	09 f0       	breq	.+2      	; 0x38d8 <.L1^B5>
    38d6:	4d c0       	rjmp	.+154    	; 0x3972 <startup_invalid_image>

000038d8 <.L1^B5>:
    38d8:	8c d0       	rcall	.+280    	; 0x39f2 <fx_startup_read_byte>
    38da:	e1 30       	cpi	r30, 0x01	; 1
    38dc:	09 f0       	breq	.+2      	; 0x38e0 <.L1^B6>
    38de:	49 c0       	rjmp	.+146    	; 0x3972 <startup_invalid_image>

000038e0 <.L1^B6>:
    38e0:	88 d0       	rcall	.+272    	; 0x39f2 <fx_startup_read_byte>
    38e2:	4e 2e       	mov	r4, r30
    38e4:	86 d0       	rcall	.+268    	; 0x39f2 <fx_startup_read_byte>
    38e6:	5e 2e       	mov	r5, r30
    38e8:	84 d0       	rcall	.+264    	; 0x39f2 <fx_startup_read_byte>
    38ea:	6e 2e       	mov	r6, r30
    38ec:	82 d0       	rcall	.+260    	; 0x39f2 <fx_startup_read_byte>
    38ee:	0e 2f       	mov	r16, r30
    38f0:	80 d0       	rcall	.+256    	; 0x39f2 <fx_startup_read_byte>
    38f2:	1e 2f       	mov	r17, r30
    38f4:	7e d0       	rcall	.+252    	; 0x39f2 <fx_startup_read_byte>
    38f6:	4e 2f       	mov	r20, r30
    38f8:	7c d0       	rcall	.+248    	; 0x39f2 <fx_startup_read_byte>
    38fa:	5e 2f       	mov	r21, r30
    38fc:	59 9a       	sbi	0x0b, 1	; 11
    38fe:	04 17       	cp	r16, r20
    3900:	15 07       	cpc	r17, r21
    3902:	08 f4       	brcc	.+2      	; 0x3906 <.L1^B7>
    3904:	36 c0       	rjmp	.+108    	; 0x3972 <startup_invalid_image>

00003906 <.L1^B7>:
    3906:	14 30       	cpi	r17, 0x04	; 4
    3908:	28 f0       	brcs	.+10     	; 0x3914 <.L1^B8>
    390a:	09 f0       	breq	.+2      	; 0x390e <.L2^B1>
    390c:	32 c0       	rjmp	.+100    	; 0x3972 <startup_invalid_image>

0000390e <.L2^B1>:
    390e:	00 23       	and	r16, r16
    3910:	09 f0       	breq	.+2      	; 0x3914 <.L1^B8>
    3912:	2f c0       	rjmp	.+94     	; 0x3972 <startup_invalid_image>

00003914 <.L1^B8>:
    3914:	42 15       	cp	r20, r2
    3916:	52 05       	cpc	r21, r2
    3918:	21 f0       	breq	.+8      	; 0x3922 <startup_copy_data>
    391a:	a0 91 04 0a 	lds	r26, 0x0A04	; 0x800a04 <__DATA_REGION_ORIGIN__+0x9a4>
    391e:	a0 ff       	sbrs	r26, 0
    3920:	28 c0       	rjmp	.+80     	; 0x3972 <startup_invalid_image>

00003922 <startup_copy_data>:
    3922:	02 15       	cp	r16, r2
    3924:	12 05       	cpc	r17, r2
    3926:	89 f0       	breq	.+34     	; 0x394a <startup_enter_image>
    3928:	b0 91 00 0a 	lds	r27, 0x0A00	; 0x800a00 <__DATA_REGION_ORIGIN__+0x9a0>
    392c:	60 91 01 0a 	lds	r22, 0x0A01	; 0x800a01 <__DATA_REGION_ORIGIN__+0x9a1>
    3930:	b3 95       	inc	r27
    3932:	09 f4       	brne	.+2      	; 0x3936 <.L4^B1>
    3934:	63 95       	inc	r22

00003936 <.L4^B1>:
    3936:	aa 27       	eor	r26, r26
    3938:	51 d0       	rcall	.+162    	; 0x39dc <fx_startup_begin_read>
    393a:	a0 e0       	ldi	r26, 0x00	; 0
    393c:	b1 e0       	ldi	r27, 0x01	; 1

0000393e <startup_copy_data_loop>:
    393e:	59 d0       	rcall	.+178    	; 0x39f2 <fx_startup_read_byte>
    3940:	ed 93       	st	X+, r30
    3942:	01 50       	subi	r16, 0x01	; 1
    3944:	10 40       	sbci	r17, 0x00	; 0
    3946:	d9 f7       	brne	.-10     	; 0x393e <startup_copy_data_loop>
    3948:	59 9a       	sbi	0x0b, 1	; 11

0000394a <startup_enter_image>:
    394a:	e0 e0       	ldi	r30, 0x00	; 0
    394c:	f5 e0       	ldi	r31, 0x05	; 5
    394e:	80 e0       	ldi	r24, 0x00	; 0
    3950:	94 e0       	ldi	r25, 0x04	; 4

00003952 <startup_clear_framebuffer_loop>:
    3952:	21 92       	st	Z+, r2
    3954:	01 97       	sbiw	r24, 0x01	; 1
    3956:	e9 f7       	brne	.-6      	; 0x3952 <startup_clear_framebuffer_loop>
    3958:	02 2d       	mov	r16, r2
    395a:	0e 94 ea 0b 	call	0x17d4	; 0x17d4 <display_update_func>
    395e:	0c d0       	rcall	.+24     	; 0x3978 <timer0_init_func>
    3960:	28 df       	rcall	.-432    	; 0x37b2 <fe_mul16_bodies_end>
    3962:	8e b5       	in	r24, 0x2e	; 46
    3964:	2e bc       	out	0x2e, r2	; 46
    3966:	78 94       	sei
    3968:	00 00       	nop
    396a:	87 9d       	mul	r24, r7
    396c:	f0 01       	movw	r30, r0
    396e:	ff 5f       	subi	r31, 0xFF	; 255
    3970:	09 94       	ijmp

00003972 <startup_invalid_image>:
    3972:	f8 94       	cli
    3974:	59 9a       	sbi	0x0b, 1	; 11

00003976 <startup_invalid_image_loop>:
    3976:	ff cf       	rjmp	.-2      	; 0x3976 <startup_invalid_image_loop>

00003978 <timer0_init_func>:
    3978:	25 bc       	out	0x25, r2	; 37
    397a:	20 92 6e 00 	sts	0x006E, r2	; 0x80006e <__DATA_REGION_ORIGIN__+0xe>
    397e:	a2 e0       	ldi	r26, 0x02	; 2
    3980:	a4 bd       	out	0x24, r26	; 36
    3982:	26 bc       	out	0x26, r2	; 38
    3984:	a9 ef       	ldi	r26, 0xF9	; 249
    3986:	a7 bd       	out	0x27, r26	; 39
    3988:	a2 e0       	ldi	r26, 0x02	; 2
    398a:	a5 bb       	out	0x15, r26	; 21
    398c:	a2 e0       	ldi	r26, 0x02	; 2
    398e:	a0 93 6e 00 	sts	0x006E, r26	; 0x80006e <__DATA_REGION_ORIGIN__+0xe>
    3992:	a3 e0       	ldi	r26, 0x03	; 3
    3994:	a5 bd       	out	0x25, r26	; 37
    3996:	08 95       	ret

00003998 <startup_try_tail>:
    3998:	21 d0       	rcall	.+66     	; 0x39dc <fx_startup_begin_read>
    399a:	2b d0       	rcall	.+86     	; 0x39f2 <fx_startup_read_byte>
    399c:	e1 34       	cpi	r30, 0x41	; 65
    399e:	d9 f4       	brne	.+54     	; 0x39d6 <startup_try_tail_fail>
    39a0:	28 d0       	rcall	.+80     	; 0x39f2 <fx_startup_read_byte>
    39a2:	e6 35       	cpi	r30, 0x56	; 86
    39a4:	c1 f4       	brne	.+48     	; 0x39d6 <startup_try_tail_fail>
    39a6:	25 d0       	rcall	.+74     	; 0x39f2 <fx_startup_read_byte>
    39a8:	e4 35       	cpi	r30, 0x54	; 84
    39aa:	a9 f4       	brne	.+42     	; 0x39d6 <startup_try_tail_fail>
    39ac:	22 d0       	rcall	.+68     	; 0x39f2 <fx_startup_read_byte>
    39ae:	e1 30       	cpi	r30, 0x01	; 1
    39b0:	91 f4       	brne	.+36     	; 0x39d6 <startup_try_tail_fail>
    39b2:	1f d0       	rcall	.+62     	; 0x39f2 <fx_startup_read_byte>
    39b4:	0e 2e       	mov	r0, r30
    39b6:	1d d0       	rcall	.+58     	; 0x39f2 <fx_startup_read_byte>
    39b8:	1e 2e       	mov	r1, r30
    39ba:	59 9a       	sbi	0x0b, 1	; 11
    39bc:	02 14       	cp	r0, r2
    39be:	12 04       	cpc	r1, r2
    39c0:	59 f0       	breq	.+22     	; 0x39d8 <startup_try_tail_fail_disabled>
    39c2:	a4 2f       	mov	r26, r20
    39c4:	b5 2f       	mov	r27, r21
    39c6:	a0 19       	sub	r26, r0
    39c8:	b1 09       	sbc	r27, r1
    39ca:	a0 93 00 0a 	sts	0x0A00, r26	; 0x800a00 <__DATA_REGION_ORIGIN__+0x9a0>
    39ce:	b0 93 01 0a 	sts	0x0A01, r27	; 0x800a01 <__DATA_REGION_ORIGIN__+0x9a1>
    39d2:	08 94       	sec
    39d4:	08 95       	ret

000039d6 <startup_try_tail_fail>:
    39d6:	59 9a       	sbi	0x0b, 1	; 11

000039d8 <startup_try_tail_fail_disabled>:
    39d8:	88 94       	clc
    39da:	08 95       	ret

000039dc <fx_startup_begin_read>:
    39dc:	59 9a       	sbi	0x0b, 1	; 11
    39de:	59 98       	cbi	0x0b, 1	; 11
    39e0:	e3 e0       	ldi	r30, 0x03	; 3
    39e2:	08 d0       	rcall	.+16     	; 0x39f4 <fx_spi_transfer_blocking>
    39e4:	e6 2f       	mov	r30, r22
    39e6:	06 d0       	rcall	.+12     	; 0x39f4 <fx_spi_transfer_blocking>
    39e8:	eb 2f       	mov	r30, r27
    39ea:	04 d0       	rcall	.+8      	; 0x39f4 <fx_spi_transfer_blocking>
    39ec:	ea 2f       	mov	r30, r26
    39ee:	02 d0       	rcall	.+4      	; 0x39f4 <fx_spi_transfer_blocking>
    39f0:	08 95       	ret

000039f2 <fx_startup_read_byte>:
    39f2:	e2 2d       	mov	r30, r2

000039f4 <fx_spi_transfer_blocking>:
    39f4:	ee bd       	out	0x2e, r30	; 46

000039f6 <.L1^B9>:
    39f6:	fd b5       	in	r31, 0x2d	; 45
    39f8:	f7 ff       	sbrs	r31, 7
    39fa:	fd cf       	rjmp	.-6      	; 0x39f6 <.L1^B9>
    39fc:	ee b5       	in	r30, 0x2e	; 46
    39fe:	08 95       	ret

00003a00 <fx_startup_wake_delay>:
    3a00:	a0 e2       	ldi	r26, 0x20	; 32

00003a02 <.L1^B10>:
    3a02:	aa 95       	dec	r26
    3a04:	f1 f7       	brne	.-4      	; 0x3a02 <.L1^B10>
    3a06:	08 95       	ret

00003a08 <hardware_init_pins_func>:
    3a08:	29 98       	cbi	0x05, 1	; 5
    3a0a:	21 9a       	sbi	0x04, 1	; 4
    3a0c:	2a 98       	cbi	0x05, 2	; 5
    3a0e:	22 9a       	sbi	0x04, 2	; 4
    3a10:	23 98       	cbi	0x04, 3	; 4
    3a12:	2b 98       	cbi	0x05, 3	; 5
    3a14:	59 9a       	sbi	0x0b, 1	; 11
    3a16:	51 9a       	sbi	0x0a, 1	; 10
    3a18:	5e 98       	cbi	0x0b, 6	; 11
    3a1a:	56 9a       	sbi	0x0a, 6	; 10
    3a1c:	5c 9a       	sbi	0x0b, 4	; 11
    3a1e:	54 9a       	sbi	0x0a, 4	; 10
    3a20:	5f 98       	cbi	0x0b, 7	; 11
    3a22:	57 9a       	sbi	0x0a, 7	; 10
    3a24:	2e 9a       	sbi	0x05, 6	; 5
    3a26:	26 9a       	sbi	0x04, 6	; 4
    3a28:	2f 9a       	sbi	0x05, 7	; 5
    3a2a:	27 9a       	sbi	0x04, 7	; 4
    3a2c:	2d 9a       	sbi	0x05, 5	; 5
    3a2e:	25 9a       	sbi	0x04, 5	; 4
    3a30:	5d 9a       	sbi	0x0b, 5	; 11
    3a32:	55 9a       	sbi	0x0a, 5	; 10
    3a34:	28 9a       	sbi	0x05, 0	; 5
    3a36:	20 9a       	sbi	0x04, 0	; 4
    3a38:	85 98       	cbi	0x10, 5	; 16
    3a3a:	8d 9a       	sbi	0x11, 5	; 17
    3a3c:	86 98       	cbi	0x10, 6	; 16
    3a3e:	8e 9a       	sbi	0x11, 6	; 17
    3a40:	87 98       	cbi	0x10, 7	; 16
    3a42:	8f 9a       	sbi	0x11, 7	; 17
    3a44:	84 98       	cbi	0x10, 4	; 16
    3a46:	8c 9a       	sbi	0x11, 4	; 17
    3a48:	6e 98       	cbi	0x0d, 6	; 13
    3a4a:	76 9a       	sbi	0x0e, 6	; 14
    3a4c:	24 98       	cbi	0x04, 4	; 4
    3a4e:	2c 9a       	sbi	0x05, 4	; 5
    3a50:	81 98       	cbi	0x10, 1	; 16
    3a52:	89 98       	cbi	0x11, 1	; 17
    3a54:	a1 ec       	ldi	r26, 0xC1	; 193
    3a56:	a0 93 7c 00 	sts	0x007C, r26	; 0x80007c <__DATA_REGION_ORIGIN__+0x1c>
    3a5a:	08 95       	ret

00003a5c <oled_reset_delay_5ms_func>:
    3a5c:	88 e6       	ldi	r24, 0x68	; 104

00003a5e <.L1^B11>:
    3a5e:	99 27       	eor	r25, r25

00003a60 <.L2^B2>:
    3a60:	9a 95       	dec	r25
    3a62:	f1 f7       	brne	.-4      	; 0x3a60 <.L2^B2>
    3a64:	8a 95       	dec	r24
    3a66:	d9 f7       	brne	.-10     	; 0x3a5e <.L1^B11>
    3a68:	08 95       	ret

00003a6a <oled_spi_transfer_blocking_func>:
    3a6a:	ae bd       	out	0x2e, r26	; 46

00003a6c <.L1^B12>:
    3a6c:	bd b5       	in	r27, 0x2d	; 45
    3a6e:	b7 ff       	sbrs	r27, 7
    3a70:	fd cf       	rjmp	.-6      	; 0x3a6c <.L1^B12>
    3a72:	ae b5       	in	r26, 0x2e	; 46
    3a74:	08 95       	ret

00003a76 <oled_startup_init_func>:
    3a76:	f2 df       	rcall	.-28     	; 0x3a5c <oled_reset_delay_5ms_func>
    3a78:	5f 9a       	sbi	0x0b, 7	; 11
    3a7a:	f0 df       	rcall	.-32     	; 0x3a5c <oled_reset_delay_5ms_func>
    3a7c:	5e 98       	cbi	0x0b, 6	; 11
    3a7e:	5c 98       	cbi	0x0b, 4	; 11
    3a80:	e6 e9       	ldi	r30, 0x96	; 150
    3a82:	fa e3       	ldi	r31, 0x3A	; 58
    3a84:	8d e0       	ldi	r24, 0x0D	; 13

00003a86 <.L1^B13>:
    3a86:	a5 91       	lpm	r26, Z+
    3a88:	f0 df       	rcall	.-32     	; 0x3a6a <oled_spi_transfer_blocking_func>
    3a8a:	8a 95       	dec	r24
    3a8c:	e1 f7       	brne	.-8      	; 0x3a86 <.L1^B13>
    3a8e:	5c 9a       	sbi	0x0b, 4	; 11
    3a90:	5e 9a       	sbi	0x0b, 6	; 11
    3a92:	59 9a       	sbi	0x0b, 1	; 11
    3a94:	08 95       	ret

00003a96 <oled_boot_program>:
    3a96:	d5 f0       	brhs	.+52     	; 0x3acc <.Lff_direct_left_q3+0x2>
    3a98:	8d 14       	cp	r8, r13
    3a9a:	a1 c8       	rjmp	.-3774   	; 0x2bde <f6_table_end+0x5c>
    3a9c:	81 cf       	rjmp	.-254    	; 0x39a0 <startup_try_tail+0x8>
    3a9e:	d9 f1       	breq	.+118    	; 0x3b16 <.Lff_direct_left_nan_fraction_zero>
    3aa0:	af 20       	and	r10, r15
    3aa2:	00        	nop

00003aa3 <oled_boot_program_end>:
    3aa3:	00        	ldi	r16, 0xB0	; 176

00003aa4 <ff_direct_load_left_q>:
    3aa4:	eb b5       	in	r30, 0x2b	; 43
    3aa6:	e6 95       	lsr	r30
    3aa8:	e6 95       	lsr	r30
    3aaa:	e3 70       	andi	r30, 0x03	; 3
    3aac:	e1 fd       	sbrc	r30, 1
    3aae:	08 c0       	rjmp	.+16     	; 0x3ac0 <.Lff_direct_left_high>
    3ab0:	e0 fd       	sbrc	r30, 0
    3ab2:	03 c0       	rjmp	.+6      	; 0x3aba <.Lff_direct_left_q1>
    3ab4:	d4 01       	movw	r26, r8
    3ab6:	c5 01       	movw	r24, r10
    3ab8:	0a c0       	rjmp	.+20     	; 0x3ace <ff_direct_load_right_q>

00003aba <.Lff_direct_left_q1>:
    3aba:	d6 01       	movw	r26, r12
    3abc:	c7 01       	movw	r24, r14
    3abe:	07 c0       	rjmp	.+14     	; 0x3ace <ff_direct_load_right_q>

00003ac0 <.Lff_direct_left_high>:
    3ac0:	e0 fd       	sbrc	r30, 0
    3ac2:	03 c0       	rjmp	.+6      	; 0x3aca <.Lff_direct_left_q3>
    3ac4:	d8 01       	movw	r26, r16
    3ac6:	c9 01       	movw	r24, r18
    3ac8:	02 c0       	rjmp	.+4      	; 0x3ace <ff_direct_load_right_q>

00003aca <.Lff_direct_left_q3>:
    3aca:	da 01       	movw	r26, r20
    3acc:	cb 01       	movw	r24, r22

00003ace <ff_direct_load_right_q>:
    3ace:	eb b5       	in	r30, 0x2b	; 43
    3ad0:	e3 70       	andi	r30, 0x03	; 3
    3ad2:	e1 fd       	sbrc	r30, 1
    3ad4:	08 c0       	rjmp	.+16     	; 0x3ae6 <.Lff_direct_right_high>
    3ad6:	e0 fd       	sbrc	r30, 0
    3ad8:	03 c0       	rjmp	.+6      	; 0x3ae0 <.Lff_direct_right_q1>
    3ada:	04 01       	movw	r0, r8
    3adc:	f5 01       	movw	r30, r10
    3ade:	0a c0       	rjmp	.+20     	; 0x3af4 <ff_direct_operands_ready>

00003ae0 <.Lff_direct_right_q1>:
    3ae0:	06 01       	movw	r0, r12
    3ae2:	f7 01       	movw	r30, r14
    3ae4:	07 c0       	rjmp	.+14     	; 0x3af4 <ff_direct_operands_ready>

00003ae6 <.Lff_direct_right_high>:
    3ae6:	e0 fd       	sbrc	r30, 0
    3ae8:	03 c0       	rjmp	.+6      	; 0x3af0 <.Lff_direct_right_q3>
    3aea:	08 01       	movw	r0, r16
    3aec:	f9 01       	movw	r30, r18
    3aee:	02 c0       	rjmp	.+4      	; 0x3af4 <ff_direct_operands_ready>

00003af0 <.Lff_direct_right_q3>:
    3af0:	0a 01       	movw	r0, r20
    3af2:	fb 01       	movw	r30, r22

00003af4 <ff_direct_operands_ready>:
    3af4:	2b b4       	in	r2, 0x2b	; 43
    3af6:	97 fb       	bst	r25, 7
    3af8:	9f 77       	andi	r25, 0x7F	; 127
    3afa:	9f 37       	cpi	r25, 0x7F	; 127
    3afc:	81 f4       	brne	.+32     	; 0x3b1e <.Lff_direct_left_not_nan>
    3afe:	87 ff       	sbrs	r24, 7
    3b00:	0e c0       	rjmp	.+28     	; 0x3b1e <.Lff_direct_left_not_nan>
    3b02:	8f 77       	andi	r24, 0x7F	; 127
    3b04:	99 27       	eor	r25, r25
    3b06:	9a 2b       	or	r25, r26
    3b08:	9b 2b       	or	r25, r27
    3b0a:	98 2b       	or	r25, r24
    3b0c:	21 f0       	breq	.+8      	; 0x3b16 <.Lff_direct_left_nan_fraction_zero>
    3b0e:	80 68       	ori	r24, 0x80	; 128
    3b10:	9f e7       	ldi	r25, 0x7F	; 127
    3b12:	97 f9       	bld	r25, 7
    3b14:	06 c0       	rjmp	.+12     	; 0x3b22 <.Lff_direct_left_nan>

00003b16 <.Lff_direct_left_nan_fraction_zero>:
    3b16:	80 68       	ori	r24, 0x80	; 128
    3b18:	9f e7       	ldi	r25, 0x7F	; 127
    3b1a:	97 f9       	bld	r25, 7
    3b1c:	05 c0       	rjmp	.+10     	; 0x3b28 <.Lff_direct_check_right_nan>

00003b1e <.Lff_direct_left_not_nan>:
    3b1e:	97 f9       	bld	r25, 7
    3b20:	03 c0       	rjmp	.+6      	; 0x3b28 <.Lff_direct_check_right_nan>

00003b22 <.Lff_direct_left_nan>:
    3b22:	27 fc       	sbrc	r2, 7
    3b24:	6b c0       	rjmp	.+214    	; 0x3bfc <.Lff_direct_cmp_unordered>
    3b26:	5c c0       	rjmp	.+184    	; 0x3be0 <.Lff_direct_select_right>

00003b28 <.Lff_direct_check_right_nan>:
    3b28:	f7 fb       	bst	r31, 7
    3b2a:	ff 77       	andi	r31, 0x7F	; 127
    3b2c:	ff 37       	cpi	r31, 0x7F	; 127
    3b2e:	81 f4       	brne	.+32     	; 0x3b50 <.Lff_direct_right_not_nan>
    3b30:	e7 ff       	sbrs	r30, 7
    3b32:	0e c0       	rjmp	.+28     	; 0x3b50 <.Lff_direct_right_not_nan>
    3b34:	ef 77       	andi	r30, 0x7F	; 127
    3b36:	ff 27       	eor	r31, r31
    3b38:	f0 29       	or	r31, r0
    3b3a:	f1 29       	or	r31, r1
    3b3c:	fe 2b       	or	r31, r30
    3b3e:	21 f0       	breq	.+8      	; 0x3b48 <.Lff_direct_right_nan_fraction_zero>
    3b40:	e0 68       	ori	r30, 0x80	; 128
    3b42:	ff e7       	ldi	r31, 0x7F	; 127
    3b44:	f7 f9       	bld	r31, 7
    3b46:	06 c0       	rjmp	.+12     	; 0x3b54 <.Lff_direct_right_nan>

00003b48 <.Lff_direct_right_nan_fraction_zero>:
    3b48:	e0 68       	ori	r30, 0x80	; 128
    3b4a:	ff e7       	ldi	r31, 0x7F	; 127
    3b4c:	f7 f9       	bld	r31, 7
    3b4e:	05 c0       	rjmp	.+10     	; 0x3b5a <.Lff_direct_compare_numeric>

00003b50 <.Lff_direct_right_not_nan>:
    3b50:	f7 f9       	bld	r31, 7
    3b52:	03 c0       	rjmp	.+6      	; 0x3b5a <.Lff_direct_compare_numeric>

00003b54 <.Lff_direct_right_nan>:
    3b54:	27 fc       	sbrc	r2, 7
    3b56:	52 c0       	rjmp	.+164    	; 0x3bfc <.Lff_direct_cmp_unordered>
    3b58:	45 c0       	rjmp	.+138    	; 0x3be4 <.Lff_direct_select_left>

00003b5a <.Lff_direct_compare_numeric>:
    3b5a:	27 fe       	sbrs	r2, 7
    3b5c:	14 c0       	rjmp	.+40     	; 0x3b86 <.Lff_direct_compare_signs>
    3b5e:	aa 23       	and	r26, r26
    3b60:	91 f4       	brne	.+36     	; 0x3b86 <.Lff_direct_compare_signs>
    3b62:	bb 23       	and	r27, r27
    3b64:	81 f4       	brne	.+32     	; 0x3b86 <.Lff_direct_compare_signs>
    3b66:	88 23       	and	r24, r24
    3b68:	71 f4       	brne	.+28     	; 0x3b86 <.Lff_direct_compare_signs>
    3b6a:	90 30       	cpi	r25, 0x00	; 0
    3b6c:	11 f0       	breq	.+4      	; 0x3b72 <.Lff_direct_left_zero>
    3b6e:	90 38       	cpi	r25, 0x80	; 128
    3b70:	51 f4       	brne	.+20     	; 0x3b86 <.Lff_direct_compare_signs>

00003b72 <.Lff_direct_left_zero>:
    3b72:	00 20       	and	r0, r0
    3b74:	41 f4       	brne	.+16     	; 0x3b86 <.Lff_direct_compare_signs>
    3b76:	11 20       	and	r1, r1
    3b78:	31 f4       	brne	.+12     	; 0x3b86 <.Lff_direct_compare_signs>
    3b7a:	ee 23       	and	r30, r30
    3b7c:	21 f4       	brne	.+8      	; 0x3b86 <.Lff_direct_compare_signs>
    3b7e:	f0 30       	cpi	r31, 0x00	; 0
    3b80:	11 f1       	breq	.+68     	; 0x3bc6 <.Lff_direct_equal>
    3b82:	f0 38       	cpi	r31, 0x80	; 128
    3b84:	01 f1       	breq	.+64     	; 0x3bc6 <.Lff_direct_equal>

00003b86 <.Lff_direct_compare_signs>:
    3b86:	97 fd       	sbrc	r25, 7
    3b88:	03 c0       	rjmp	.+6      	; 0x3b90 <.Lff_direct_left_negative>
    3b8a:	f7 fd       	sbrc	r31, 7
    3b8c:	24 c0       	rjmp	.+72     	; 0x3bd6 <.Lff_direct_greater>
    3b8e:	0f c0       	rjmp	.+30     	; 0x3bae <.Lff_direct_compare_positive>

00003b90 <.Lff_direct_left_negative>:
    3b90:	f7 ff       	sbrs	r31, 7
    3b92:	1c c0       	rjmp	.+56     	; 0x3bcc <.Lff_direct_less>
    3b94:	9f 17       	cp	r25, r31
    3b96:	f8 f0       	brcs	.+62     	; 0x3bd6 <.Lff_direct_greater>
    3b98:	c9 f4       	brne	.+50     	; 0x3bcc <.Lff_direct_less>
    3b9a:	8e 17       	cp	r24, r30
    3b9c:	e0 f0       	brcs	.+56     	; 0x3bd6 <.Lff_direct_greater>
    3b9e:	b1 f4       	brne	.+44     	; 0x3bcc <.Lff_direct_less>
    3ba0:	b1 15       	cp	r27, r1
    3ba2:	c8 f0       	brcs	.+50     	; 0x3bd6 <.Lff_direct_greater>
    3ba4:	99 f4       	brne	.+38     	; 0x3bcc <.Lff_direct_less>
    3ba6:	a0 15       	cp	r26, r0
    3ba8:	b0 f0       	brcs	.+44     	; 0x3bd6 <.Lff_direct_greater>
    3baa:	81 f4       	brne	.+32     	; 0x3bcc <.Lff_direct_less>
    3bac:	0c c0       	rjmp	.+24     	; 0x3bc6 <.Lff_direct_equal>

00003bae <.Lff_direct_compare_positive>:
    3bae:	9f 17       	cp	r25, r31
    3bb0:	68 f0       	brcs	.+26     	; 0x3bcc <.Lff_direct_less>
    3bb2:	89 f4       	brne	.+34     	; 0x3bd6 <.Lff_direct_greater>
    3bb4:	8e 17       	cp	r24, r30
    3bb6:	50 f0       	brcs	.+20     	; 0x3bcc <.Lff_direct_less>
    3bb8:	71 f4       	brne	.+28     	; 0x3bd6 <.Lff_direct_greater>
    3bba:	b1 15       	cp	r27, r1
    3bbc:	38 f0       	brcs	.+14     	; 0x3bcc <.Lff_direct_less>
    3bbe:	59 f4       	brne	.+22     	; 0x3bd6 <.Lff_direct_greater>
    3bc0:	a0 15       	cp	r26, r0
    3bc2:	20 f0       	brcs	.+8      	; 0x3bcc <.Lff_direct_less>
    3bc4:	41 f4       	brne	.+16     	; 0x3bd6 <.Lff_direct_greater>

00003bc6 <.Lff_direct_equal>:
    3bc6:	27 fc       	sbrc	r2, 7
    3bc8:	13 c0       	rjmp	.+38     	; 0x3bf0 <.Lff_direct_cmp_equal>
    3bca:	0c c0       	rjmp	.+24     	; 0x3be4 <.Lff_direct_select_left>

00003bcc <.Lff_direct_less>:
    3bcc:	27 fc       	sbrc	r2, 7
    3bce:	0d c0       	rjmp	.+26     	; 0x3bea <.Lff_direct_cmp_less>
    3bd0:	26 fc       	sbrc	r2, 6
    3bd2:	06 c0       	rjmp	.+12     	; 0x3be0 <.Lff_direct_select_right>
    3bd4:	07 c0       	rjmp	.+14     	; 0x3be4 <.Lff_direct_select_left>

00003bd6 <.Lff_direct_greater>:
    3bd6:	27 fc       	sbrc	r2, 7
    3bd8:	0e c0       	rjmp	.+28     	; 0x3bf6 <.Lff_direct_cmp_greater>
    3bda:	26 fc       	sbrc	r2, 6
    3bdc:	03 c0       	rjmp	.+6      	; 0x3be4 <.Lff_direct_select_left>
    3bde:	00 c0       	rjmp	.+0      	; 0x3be0 <.Lff_direct_select_right>

00003be0 <.Lff_direct_select_right>:
    3be0:	d0 01       	movw	r26, r0
    3be2:	cf 01       	movw	r24, r30

00003be4 <.Lff_direct_select_left>:
    3be4:	22 24       	eor	r2, r2
    3be6:	ea b5       	in	r30, 0x2a	; 42
    3be8:	d8 c1       	rjmp	.+944    	; 0x3f9a <ff_store_q_result>

00003bea <.Lff_direct_cmp_less>:
    3bea:	8f ef       	ldi	r24, 0xFF	; 255
    3bec:	9f ef       	ldi	r25, 0xFF	; 255
    3bee:	08 c0       	rjmp	.+16     	; 0x3c00 <.Lff_direct_cmp_store>

00003bf0 <.Lff_direct_cmp_equal>:
    3bf0:	88 27       	eor	r24, r24
    3bf2:	99 27       	eor	r25, r25
    3bf4:	05 c0       	rjmp	.+10     	; 0x3c00 <.Lff_direct_cmp_store>

00003bf6 <.Lff_direct_cmp_greater>:
    3bf6:	81 e0       	ldi	r24, 0x01	; 1
    3bf8:	99 27       	eor	r25, r25
    3bfa:	02 c0       	rjmp	.+4      	; 0x3c00 <.Lff_direct_cmp_store>

00003bfc <.Lff_direct_cmp_unordered>:
    3bfc:	82 e0       	ldi	r24, 0x02	; 2
    3bfe:	99 27       	eor	r25, r25

00003c00 <.Lff_direct_cmp_store>:
    3c00:	22 24       	eor	r2, r2
    3c02:	ea b5       	in	r30, 0x2a	; 42
    3c04:	ec c1       	rjmp	.+984    	; 0x3fde <ff_bridge_store_r16>

00003c06 <ff_direct_round_load_q>:
    3c06:	0a b4       	in	r0, 0x2a	; 42
    3c08:	01 fc       	sbrc	r0, 1
    3c0a:	08 c0       	rjmp	.+16     	; 0x3c1c <.Lff_direct_round_high>
    3c0c:	00 fc       	sbrc	r0, 0
    3c0e:	03 c0       	rjmp	.+6      	; 0x3c16 <.Lff_direct_round_q1>
    3c10:	d4 01       	movw	r26, r8
    3c12:	c5 01       	movw	r24, r10
    3c14:	0a c0       	rjmp	.+20     	; 0x3c2a <ff_direct_round_ready>

00003c16 <.Lff_direct_round_q1>:
    3c16:	d6 01       	movw	r26, r12
    3c18:	c7 01       	movw	r24, r14
    3c1a:	07 c0       	rjmp	.+14     	; 0x3c2a <ff_direct_round_ready>

00003c1c <.Lff_direct_round_high>:
    3c1c:	00 fc       	sbrc	r0, 0
    3c1e:	03 c0       	rjmp	.+6      	; 0x3c26 <.Lff_direct_round_q3>
    3c20:	d8 01       	movw	r26, r16
    3c22:	c9 01       	movw	r24, r18
    3c24:	02 c0       	rjmp	.+4      	; 0x3c2a <ff_direct_round_ready>

00003c26 <.Lff_direct_round_q3>:
    3c26:	da 01       	movw	r26, r20
    3c28:	cb 01       	movw	r24, r22

00003c2a <ff_direct_round_ready>:
    3c2a:	2b b4       	in	r2, 0x2b	; 43
    3c2c:	e9 2f       	mov	r30, r25
    3c2e:	ee 0f       	add	r30, r30
    3c30:	87 fd       	sbrc	r24, 7
    3c32:	e1 60       	ori	r30, 0x01	; 1
    3c34:	e6 39       	cpi	r30, 0x96	; 150
    3c36:	08 f0       	brcs	.+2      	; 0x3c3a <.Lff_direct_round_not_integral>
    3c38:	8b c0       	rjmp	.+278    	; 0x3d50 <.Lff_direct_round_finish>

00003c3a <.Lff_direct_round_not_integral>:
    3c3a:	ef 37       	cpi	r30, 0x7F	; 127
    3c3c:	00 f5       	brcc	.+64     	; 0x3c7e <.Lff_direct_round_fractional_integer>
    3c3e:	f9 2f       	mov	r31, r25
    3c40:	ff 77       	andi	r31, 0x7F	; 127
    3c42:	f8 2b       	or	r31, r24
    3c44:	fb 2b       	or	r31, r27
    3c46:	fa 2b       	or	r31, r26
    3c48:	09 f4       	brne	.+2      	; 0x3c4c <.Lff_direct_round_small_nonzero>
    3c4a:	82 c0       	rjmp	.+260    	; 0x3d50 <.Lff_direct_round_finish>

00003c4c <.Lff_direct_round_small_nonzero>:
    3c4c:	22 20       	and	r2, r2
    3c4e:	91 f0       	breq	.+36     	; 0x3c74 <.Lff_direct_round_make_zero>
    3c50:	21 fc       	sbrc	r2, 1
    3c52:	03 c0       	rjmp	.+6      	; 0x3c5a <.Lff_direct_round_small_high_mode>
    3c54:	97 ff       	sbrs	r25, 7
    3c56:	0e c0       	rjmp	.+28     	; 0x3c74 <.Lff_direct_round_make_zero>
    3c58:	07 c0       	rjmp	.+14     	; 0x3c68 <.Lff_direct_round_make_one>

00003c5a <.Lff_direct_round_small_high_mode>:
    3c5a:	20 fc       	sbrc	r2, 0
    3c5c:	03 c0       	rjmp	.+6      	; 0x3c64 <.Lff_direct_round_small_round>
    3c5e:	97 fd       	sbrc	r25, 7
    3c60:	09 c0       	rjmp	.+18     	; 0x3c74 <.Lff_direct_round_make_zero>
    3c62:	02 c0       	rjmp	.+4      	; 0x3c68 <.Lff_direct_round_make_one>

00003c64 <.Lff_direct_round_small_round>:
    3c64:	ee 37       	cpi	r30, 0x7E	; 126
    3c66:	30 f0       	brcs	.+12     	; 0x3c74 <.Lff_direct_round_make_zero>

00003c68 <.Lff_direct_round_make_one>:
    3c68:	aa 27       	eor	r26, r26
    3c6a:	bb 27       	eor	r27, r27
    3c6c:	80 e8       	ldi	r24, 0x80	; 128
    3c6e:	90 78       	andi	r25, 0x80	; 128
    3c70:	9f 63       	ori	r25, 0x3F	; 63
    3c72:	6e c0       	rjmp	.+220    	; 0x3d50 <.Lff_direct_round_finish>

00003c74 <.Lff_direct_round_make_zero>:
    3c74:	aa 27       	eor	r26, r26
    3c76:	bb 27       	eor	r27, r27
    3c78:	88 27       	eor	r24, r24
    3c7a:	90 78       	andi	r25, 0x80	; 128
    3c7c:	69 c0       	rjmp	.+210    	; 0x3d50 <.Lff_direct_round_finish>

00003c7e <.Lff_direct_round_fractional_integer>:
    3c7e:	f6 e9       	ldi	r31, 0x96	; 150
    3c80:	fe 1b       	sub	r31, r30
    3c82:	97 fb       	bst	r25, 7
    3c84:	9f 77       	andi	r25, 0x7F	; 127
    3c86:	ef 2f       	mov	r30, r31
    3c88:	e7 70       	andi	r30, 0x07	; 7
    3c8a:	f8 30       	cpi	r31, 0x08	; 8
    3c8c:	90 f0       	brcs	.+36     	; 0x3cb2 <.Lff_direct_round_compact_low>
    3c8e:	f0 31       	cpi	r31, 0x10	; 16
    3c90:	48 f0       	brcs	.+18     	; 0x3ca4 <.Lff_direct_round_compact_mid>
    3c92:	23 2c       	mov	r2, r3
    3c94:	22 0c       	add	r2, r2
    3c96:	08 2e       	mov	r0, r24
    3c98:	1a 2e       	mov	r1, r26
    3c9a:	1b 2a       	or	r1, r27
    3c9c:	ee 23       	and	r30, r30
    3c9e:	61 f4       	brne	.+24     	; 0x3cb8 <.Lff_direct_round_compact_partial>
    3ca0:	0b 2e       	mov	r0, r27
    3ca2:	2a c0       	rjmp	.+84     	; 0x3cf8 <.Lff_direct_round_compact_boundary>

00003ca4 <.Lff_direct_round_compact_mid>:
    3ca4:	23 2c       	mov	r2, r3
    3ca6:	0b 2e       	mov	r0, r27
    3ca8:	1a 2e       	mov	r1, r26
    3caa:	ee 23       	and	r30, r30
    3cac:	29 f4       	brne	.+10     	; 0x3cb8 <.Lff_direct_round_compact_partial>
    3cae:	0a 2e       	mov	r0, r26
    3cb0:	23 c0       	rjmp	.+70     	; 0x3cf8 <.Lff_direct_round_compact_boundary>

00003cb2 <.Lff_direct_round_compact_low>:
    3cb2:	22 24       	eor	r2, r2
    3cb4:	0a 2e       	mov	r0, r26
    3cb6:	11 24       	eor	r1, r1

00003cb8 <.Lff_direct_round_compact_partial>:
    3cb8:	f1 e0       	ldi	r31, 0x01	; 1

00003cba <.Lff_direct_round_compact_mask_loop>:
    3cba:	ff 0f       	add	r31, r31
    3cbc:	ea 95       	dec	r30
    3cbe:	e9 f7       	brne	.-6      	; 0x3cba <.Lff_direct_round_compact_mask_loop>
    3cc0:	ef 2f       	mov	r30, r31
    3cc2:	e6 95       	lsr	r30
    3cc4:	e0 21       	and	r30, r0
    3cc6:	11 f0       	breq	.+4      	; 0x3ccc <.Lff_direct_round_compact_no_half>
    3cc8:	e2 e0       	ldi	r30, 0x02	; 2
    3cca:	01 c0       	rjmp	.+2      	; 0x3cce <.Lff_direct_round_compact_half_done>

00003ccc <.Lff_direct_round_compact_no_half>:
    3ccc:	ee 27       	eor	r30, r30

00003cce <.Lff_direct_round_compact_half_done>:
    3cce:	fa 95       	dec	r31
    3cd0:	0f 22       	and	r0, r31
    3cd2:	10 28       	or	r1, r0
    3cd4:	09 f0       	breq	.+2      	; 0x3cd8 <.Lff_direct_round_compact_no_discard>
    3cd6:	e1 60       	ori	r30, 0x01	; 1

00003cd8 <.Lff_direct_round_compact_no_discard>:
    3cd8:	f0 95       	com	r31
    3cda:	22 20       	and	r2, r2
    3cdc:	49 f0       	breq	.+18     	; 0x3cf0 <.Lff_direct_round_compact_clear_low>
    3cde:	23 14       	cp	r2, r3
    3ce0:	21 f0       	breq	.+8      	; 0x3cea <.Lff_direct_round_compact_clear_mid>
    3ce2:	8f 23       	and	r24, r31
    3ce4:	bb 27       	eor	r27, r27
    3ce6:	aa 27       	eor	r26, r26
    3ce8:	04 c0       	rjmp	.+8      	; 0x3cf2 <.Lff_direct_round_compact_restore_ulp>

00003cea <.Lff_direct_round_compact_clear_mid>:
    3cea:	bf 23       	and	r27, r31
    3cec:	aa 27       	eor	r26, r26
    3cee:	01 c0       	rjmp	.+2      	; 0x3cf2 <.Lff_direct_round_compact_restore_ulp>

00003cf0 <.Lff_direct_round_compact_clear_low>:
    3cf0:	af 23       	and	r26, r31

00003cf2 <.Lff_direct_round_compact_restore_ulp>:
    3cf2:	f0 95       	com	r31
    3cf4:	f3 95       	inc	r31
    3cf6:	0b c0       	rjmp	.+22     	; 0x3d0e <.Lff_direct_round_decide_increment>

00003cf8 <.Lff_direct_round_compact_boundary>:
    3cf8:	f1 e0       	ldi	r31, 0x01	; 1
    3cfa:	ee 27       	eor	r30, r30
    3cfc:	07 fc       	sbrc	r0, 7
    3cfe:	e2 60       	ori	r30, 0x02	; 2
    3d00:	11 20       	and	r1, r1
    3d02:	09 f0       	breq	.+2      	; 0x3d06 <.Lff_direct_round_compact_boundary_no_discard>
    3d04:	e1 60       	ori	r30, 0x01	; 1

00003d06 <.Lff_direct_round_compact_boundary_no_discard>:
    3d06:	23 14       	cp	r2, r3
    3d08:	09 f0       	breq	.+2      	; 0x3d0c <.Lff_direct_round_compact_boundary_mid>
    3d0a:	bb 27       	eor	r27, r27

00003d0c <.Lff_direct_round_compact_boundary_mid>:
    3d0c:	aa 27       	eor	r26, r26

00003d0e <.Lff_direct_round_decide_increment>:
    3d0e:	e0 ff       	sbrs	r30, 0
    3d10:	1d c0       	rjmp	.+58     	; 0x3d4c <.Lff_direct_round_restore_sign>
    3d12:	0b b4       	in	r0, 0x2b	; 43
    3d14:	00 20       	and	r0, r0
    3d16:	d1 f0       	breq	.+52     	; 0x3d4c <.Lff_direct_round_restore_sign>
    3d18:	01 fc       	sbrc	r0, 1
    3d1a:	02 c0       	rjmp	.+4      	; 0x3d20 <.Lff_direct_round_high_mode_increment>
    3d1c:	be f4       	brtc	.+46     	; 0x3d4c <.Lff_direct_round_restore_sign>
    3d1e:	06 c0       	rjmp	.+12     	; 0x3d2c <.Lff_direct_round_apply_direct_ulp>

00003d20 <.Lff_direct_round_high_mode_increment>:
    3d20:	00 fc       	sbrc	r0, 0
    3d22:	02 c0       	rjmp	.+4      	; 0x3d28 <.Lff_direct_round_round_increment>
    3d24:	9e f0       	brts	.+38     	; 0x3d4c <.Lff_direct_round_restore_sign>
    3d26:	02 c0       	rjmp	.+4      	; 0x3d2c <.Lff_direct_round_apply_direct_ulp>

00003d28 <.Lff_direct_round_round_increment>:
    3d28:	e1 ff       	sbrs	r30, 1
    3d2a:	10 c0       	rjmp	.+32     	; 0x3d4c <.Lff_direct_round_restore_sign>

00003d2c <.Lff_direct_round_apply_direct_ulp>:
    3d2c:	11 24       	eor	r1, r1
    3d2e:	22 20       	and	r2, r2
    3d30:	49 f0       	breq	.+18     	; 0x3d44 <.Lff_direct_round_add_low>
    3d32:	23 14       	cp	r2, r3
    3d34:	19 f0       	breq	.+6      	; 0x3d3c <.Lff_direct_round_add_mid>
    3d36:	8f 0f       	add	r24, r31
    3d38:	91 1d       	adc	r25, r1
    3d3a:	08 c0       	rjmp	.+16     	; 0x3d4c <.Lff_direct_round_restore_sign>

00003d3c <.Lff_direct_round_add_mid>:
    3d3c:	bf 0f       	add	r27, r31
    3d3e:	81 1d       	adc	r24, r1
    3d40:	91 1d       	adc	r25, r1
    3d42:	04 c0       	rjmp	.+8      	; 0x3d4c <.Lff_direct_round_restore_sign>

00003d44 <.Lff_direct_round_add_low>:
    3d44:	af 0f       	add	r26, r31
    3d46:	b1 1d       	adc	r27, r1
    3d48:	81 1d       	adc	r24, r1
    3d4a:	91 1d       	adc	r25, r1

00003d4c <.Lff_direct_round_restore_sign>:
    3d4c:	97 f9       	bld	r25, 7
    3d4e:	00 c0       	rjmp	.+0      	; 0x3d50 <.Lff_direct_round_finish>

00003d50 <.Lff_direct_round_finish>:
    3d50:	22 24       	eor	r2, r2
    3d52:	ea b5       	in	r30, 0x2a	; 42
    3d54:	22 c1       	rjmp	.+580    	; 0x3f9a <ff_store_q_result>

00003d56 <ff_bridge_binary_q_to_q>:
    3d56:	83 fd       	sbrc	r24, 3
    3d58:	07 c0       	rjmp	.+14     	; 0x3d68 <.Lff_bridge_heavy_binary_high_dest>
    3d5a:	2f 93       	push	r18
    3d5c:	3f 93       	push	r19
    3d5e:	4f 93       	push	r20
    3d60:	5f 93       	push	r21
    3d62:	6f 93       	push	r22
    3d64:	7f 93       	push	r23
    3d66:	09 c0       	rjmp	.+18     	; 0x3d7a <.Lff_bridge_heavy_binary_saved>

00003d68 <.Lff_bridge_heavy_binary_high_dest>:
    3d68:	82 fd       	sbrc	r24, 2
    3d6a:	05 c0       	rjmp	.+10     	; 0x3d76 <.Lff_bridge_heavy_binary_save_q3>
    3d6c:	4f 93       	push	r20
    3d6e:	5f 93       	push	r21
    3d70:	6f 93       	push	r22
    3d72:	7f 93       	push	r23
    3d74:	02 c0       	rjmp	.+4      	; 0x3d7a <.Lff_bridge_heavy_binary_saved>

00003d76 <.Lff_bridge_heavy_binary_save_q3>:
    3d76:	2f 93       	push	r18
    3d78:	3f 93       	push	r19

00003d7a <.Lff_bridge_heavy_binary_saved>:
    3d7a:	df 01       	movw	r26, r30
    3d7c:	98 2f       	mov	r25, r24
    3d7e:	9f 70       	andi	r25, 0x0F	; 15
    3d80:	e5 e0       	ldi	r30, 0x05	; 5
    3d82:	9e 9f       	mul	r25, r30
    3d84:	e7 ec       	ldi	r30, 0xC7	; 199
    3d86:	fe e1       	ldi	r31, 0x1E	; 30
    3d88:	e0 0d       	add	r30, r0
    3d8a:	f2 1d       	adc	r31, r2
    3d8c:	09 94       	ijmp

00003d8e <ff_binary_marshal_table>:
    3d8e:	94 01       	movw	r18, r8
    3d90:	a5 01       	movw	r20, r10
    3d92:	b4 01       	movw	r22, r8
    3d94:	c5 01       	movw	r24, r10
    3d96:	bd c0       	rjmp	.+378    	; 0x3f12 <ff_bridge_call_heavy_q0_result>
    3d98:	96 01       	movw	r18, r12
    3d9a:	a7 01       	movw	r20, r14
    3d9c:	b4 01       	movw	r22, r8
    3d9e:	c5 01       	movw	r24, r10
    3da0:	b8 c0       	rjmp	.+368    	; 0x3f12 <ff_bridge_call_heavy_q0_result>
    3da2:	a9 01       	movw	r20, r18
    3da4:	98 01       	movw	r18, r16
    3da6:	b4 01       	movw	r22, r8
    3da8:	c5 01       	movw	r24, r10
    3daa:	b3 c0       	rjmp	.+358    	; 0x3f12 <ff_bridge_call_heavy_q0_result>
    3dac:	9a 01       	movw	r18, r20
    3dae:	ab 01       	movw	r20, r22
    3db0:	b4 01       	movw	r22, r8
    3db2:	c5 01       	movw	r24, r10
    3db4:	ae c0       	rjmp	.+348    	; 0x3f12 <ff_bridge_call_heavy_q0_result>
    3db6:	94 01       	movw	r18, r8
    3db8:	a5 01       	movw	r20, r10
    3dba:	b6 01       	movw	r22, r12
    3dbc:	c7 01       	movw	r24, r14
    3dbe:	b4 c0       	rjmp	.+360    	; 0x3f28 <ff_bridge_call_heavy_q1_result>
    3dc0:	96 01       	movw	r18, r12
    3dc2:	a7 01       	movw	r20, r14
    3dc4:	b6 01       	movw	r22, r12
    3dc6:	c7 01       	movw	r24, r14
    3dc8:	af c0       	rjmp	.+350    	; 0x3f28 <ff_bridge_call_heavy_q1_result>
    3dca:	a9 01       	movw	r20, r18
    3dcc:	98 01       	movw	r18, r16
    3dce:	b6 01       	movw	r22, r12
    3dd0:	c7 01       	movw	r24, r14
    3dd2:	aa c0       	rjmp	.+340    	; 0x3f28 <ff_bridge_call_heavy_q1_result>
    3dd4:	9a 01       	movw	r18, r20
    3dd6:	ab 01       	movw	r20, r22
    3dd8:	b6 01       	movw	r22, r12
    3dda:	c7 01       	movw	r24, r14
    3ddc:	a5 c0       	rjmp	.+330    	; 0x3f28 <ff_bridge_call_heavy_q1_result>
    3dde:	a5 01       	movw	r20, r10
    3de0:	b8 01       	movw	r22, r16
    3de2:	c9 01       	movw	r24, r18
    3de4:	94 01       	movw	r18, r8
    3de6:	ab c0       	rjmp	.+342    	; 0x3f3e <ff_bridge_call_heavy_q2_result>
    3de8:	a7 01       	movw	r20, r14
    3dea:	b8 01       	movw	r22, r16
    3dec:	c9 01       	movw	r24, r18
    3dee:	96 01       	movw	r18, r12
    3df0:	a6 c0       	rjmp	.+332    	; 0x3f3e <ff_bridge_call_heavy_q2_result>
    3df2:	a9 01       	movw	r20, r18
    3df4:	98 01       	movw	r18, r16
    3df6:	b8 01       	movw	r22, r16
    3df8:	ca 01       	movw	r24, r20
    3dfa:	a1 c0       	rjmp	.+322    	; 0x3f3e <ff_bridge_call_heavy_q2_result>
    3dfc:	c9 01       	movw	r24, r18
    3dfe:	9a 01       	movw	r18, r20
    3e00:	ab 01       	movw	r20, r22
    3e02:	b8 01       	movw	r22, r16
    3e04:	9c c0       	rjmp	.+312    	; 0x3f3e <ff_bridge_call_heavy_q2_result>
    3e06:	94 01       	movw	r18, r8
    3e08:	cb 01       	movw	r24, r22
    3e0a:	ba 01       	movw	r22, r20
    3e0c:	a5 01       	movw	r20, r10
    3e0e:	a0 c0       	rjmp	.+320    	; 0x3f50 <ff_bridge_call_heavy_q3_result>
    3e10:	96 01       	movw	r18, r12
    3e12:	cb 01       	movw	r24, r22
    3e14:	ba 01       	movw	r22, r20
    3e16:	a7 01       	movw	r20, r14
    3e18:	9b c0       	rjmp	.+310    	; 0x3f50 <ff_bridge_call_heavy_q3_result>
    3e1a:	cb 01       	movw	r24, r22
    3e1c:	ba 01       	movw	r22, r20
    3e1e:	a9 01       	movw	r20, r18
    3e20:	98 01       	movw	r18, r16
    3e22:	96 c0       	rjmp	.+300    	; 0x3f50 <ff_bridge_call_heavy_q3_result>
    3e24:	9a 01       	movw	r18, r20
    3e26:	ab 01       	movw	r20, r22
    3e28:	b9 01       	movw	r22, r18
    3e2a:	ca 01       	movw	r24, r20
    3e2c:	91 c0       	rjmp	.+290    	; 0x3f50 <ff_bridge_call_heavy_q3_result>

00003e2e <ff_binary_marshal_table_end>:
    3e2e:	98 2f       	mov	r25, r24
    3e30:	93 70       	andi	r25, 0x03	; 3
    3e32:	9a bd       	out	0x2a, r25	; 42
    3e34:	11 24       	eor	r1, r1
    3e36:	0e c0       	rjmp	.+28     	; 0x3e54 <ff_bridge_save_heavy_q_source>

00003e38 <ff_bridge_q_to_q>:
    3e38:	98 2f       	mov	r25, r24
    3e3a:	96 95       	lsr	r25
    3e3c:	96 95       	lsr	r25
    3e3e:	93 70       	andi	r25, 0x03	; 3
    3e40:	9a bd       	out	0x2a, r25	; 42
    3e42:	13 2c       	mov	r1, r3
    3e44:	19 c0       	rjmp	.+50     	; 0x3e78 <ff_bridge_save_light_q_source>

00003e46 <ff_bridge_q_to_r16>:
    3e46:	98 2f       	mov	r25, r24
    3e48:	92 95       	swap	r25
    3e4a:	97 70       	andi	r25, 0x07	; 7
    3e4c:	9a bd       	out	0x2a, r25	; 42
    3e4e:	13 2c       	mov	r1, r3
    3e50:	11 0c       	add	r1, r1
    3e52:	12 c0       	rjmp	.+36     	; 0x3e78 <ff_bridge_save_light_q_source>

00003e54 <ff_bridge_save_heavy_q_source>:
    3e54:	92 30       	cpi	r25, 0x02	; 2
    3e56:	41 f0       	breq	.+16     	; 0x3e68 <.Lff_bridge_heavy_q_source_save_q2>
    3e58:	60 f4       	brcc	.+24     	; 0x3e72 <.Lff_bridge_heavy_q_source_save_q3>
    3e5a:	2f 93       	push	r18
    3e5c:	3f 93       	push	r19
    3e5e:	4f 93       	push	r20
    3e60:	5f 93       	push	r21
    3e62:	6f 93       	push	r22
    3e64:	7f 93       	push	r23
    3e66:	13 c0       	rjmp	.+38     	; 0x3e8e <.Lff_bridge_q_source_saved>

00003e68 <.Lff_bridge_heavy_q_source_save_q2>:
    3e68:	4f 93       	push	r20
    3e6a:	5f 93       	push	r21
    3e6c:	6f 93       	push	r22
    3e6e:	7f 93       	push	r23
    3e70:	0e c0       	rjmp	.+28     	; 0x3e8e <.Lff_bridge_q_source_saved>

00003e72 <.Lff_bridge_heavy_q_source_save_q3>:
    3e72:	2f 93       	push	r18
    3e74:	3f 93       	push	r19
    3e76:	0b c0       	rjmp	.+22     	; 0x3e8e <.Lff_bridge_q_source_saved>

00003e78 <ff_bridge_save_light_q_source>:
    3e78:	11 fc       	sbrc	r1, 1
    3e7a:	05 c0       	rjmp	.+10     	; 0x3e86 <.Lff_bridge_light_q_source_check_r16>
    3e7c:	93 30       	cpi	r25, 0x03	; 3
    3e7e:	39 f0       	breq	.+14     	; 0x3e8e <.Lff_bridge_q_source_saved>
    3e80:	6f 93       	push	r22
    3e82:	7f 93       	push	r23
    3e84:	04 c0       	rjmp	.+8      	; 0x3e8e <.Lff_bridge_q_source_saved>

00003e86 <.Lff_bridge_light_q_source_check_r16>:
    3e86:	97 30       	cpi	r25, 0x07	; 7
    3e88:	11 f0       	breq	.+4      	; 0x3e8e <.Lff_bridge_q_source_saved>
    3e8a:	6f 93       	push	r22
    3e8c:	7f 93       	push	r23

00003e8e <.Lff_bridge_q_source_saved>:
    3e8e:	df 01       	movw	r26, r30
    3e90:	83 70       	andi	r24, 0x03	; 3
    3e92:	81 fd       	sbrc	r24, 1
    3e94:	08 c0       	rjmp	.+16     	; 0x3ea6 <.Lff_q_source_high>
    3e96:	80 fd       	sbrc	r24, 0
    3e98:	03 c0       	rjmp	.+6      	; 0x3ea0 <.Lff_q_source_q1>
    3e9a:	b4 01       	movw	r22, r8
    3e9c:	c5 01       	movw	r24, r10
    3e9e:	0a c0       	rjmp	.+20     	; 0x3eb4 <ff_bridge_q_source_ready>

00003ea0 <.Lff_q_source_q1>:
    3ea0:	b6 01       	movw	r22, r12
    3ea2:	c7 01       	movw	r24, r14
    3ea4:	07 c0       	rjmp	.+14     	; 0x3eb4 <ff_bridge_q_source_ready>

00003ea6 <.Lff_q_source_high>:
    3ea6:	80 fd       	sbrc	r24, 0
    3ea8:	03 c0       	rjmp	.+6      	; 0x3eb0 <.Lff_q_source_q3>
    3eaa:	b8 01       	movw	r22, r16
    3eac:	c9 01       	movw	r24, r18
    3eae:	02 c0       	rjmp	.+4      	; 0x3eb4 <ff_bridge_q_source_ready>

00003eb0 <.Lff_q_source_q3>:
    3eb0:	cb 01       	movw	r24, r22
    3eb2:	ba 01       	movw	r22, r20

00003eb4 <ff_bridge_q_source_ready>:
    3eb4:	11 20       	and	r1, r1
    3eb6:	09 f4       	brne	.+2      	; 0x3eba <.Lff_bridge_q_source_light_result>
    3eb8:	52 c0       	rjmp	.+164    	; 0x3f5e <ff_bridge_call_heavy_q_result>

00003eba <.Lff_bridge_q_source_light_result>:
    3eba:	11 fc       	sbrc	r1, 1
    3ebc:	88 c0       	rjmp	.+272    	; 0x3fce <ff_bridge_call_light_r16_result>
    3ebe:	65 c0       	rjmp	.+202    	; 0x3f8a <ff_bridge_call_light_q_result>

00003ec0 <ff_bridge_r16_to_q_s>:
    3ec0:	98 2f       	mov	r25, r24
    3ec2:	93 70       	andi	r25, 0x03	; 3
    3ec4:	9a bd       	out	0x2a, r25	; 42
    3ec6:	11 24       	eor	r1, r1
    3ec8:	04 c0       	rjmp	.+8      	; 0x3ed2 <ff_bridge_save_light_r16_source>

00003eca <ff_bridge_r16_to_q_u>:
    3eca:	98 2f       	mov	r25, r24
    3ecc:	93 70       	andi	r25, 0x03	; 3
    3ece:	9a bd       	out	0x2a, r25	; 42
    3ed0:	13 2c       	mov	r1, r3

00003ed2 <ff_bridge_save_light_r16_source>:
    3ed2:	93 30       	cpi	r25, 0x03	; 3
    3ed4:	11 f0       	breq	.+4      	; 0x3eda <.Lff_bridge_light_r16_source_saved>
    3ed6:	6f 93       	push	r22
    3ed8:	7f 93       	push	r23

00003eda <.Lff_bridge_light_r16_source_saved>:
    3eda:	10 fc       	sbrc	r1, 0
    3edc:	0e c0       	rjmp	.+28     	; 0x3efa <ff_bridge_marshal_r16_u>

00003ede <ff_bridge_marshal_r16_s>:
    3ede:	a8 2f       	mov	r26, r24
    3ee0:	a2 95       	swap	r26
    3ee2:	a7 70       	andi	r26, 0x07	; 7
    3ee4:	aa 0f       	add	r26, r26
    3ee6:	a7 5f       	subi	r26, 0xF7	; 247
    3ee8:	bb 27       	eor	r27, r27
    3eea:	7c 91       	ld	r23, X
    3eec:	6e 91       	ld	r22, -X
    3eee:	87 2f       	mov	r24, r23
    3ef0:	88 0f       	add	r24, r24
    3ef2:	88 0b       	sbc	r24, r24
    3ef4:	98 2f       	mov	r25, r24
    3ef6:	df 01       	movw	r26, r30
    3ef8:	48 c0       	rjmp	.+144    	; 0x3f8a <ff_bridge_call_light_q_result>

00003efa <ff_bridge_marshal_r16_u>:
    3efa:	a8 2f       	mov	r26, r24
    3efc:	a2 95       	swap	r26
    3efe:	a7 70       	andi	r26, 0x07	; 7
    3f00:	aa 0f       	add	r26, r26
    3f02:	a7 5f       	subi	r26, 0xF7	; 247
    3f04:	bb 27       	eor	r27, r27
    3f06:	7c 91       	ld	r23, X
    3f08:	6e 91       	ld	r22, -X
    3f0a:	88 27       	eor	r24, r24
    3f0c:	99 27       	eor	r25, r25
    3f0e:	df 01       	movw	r26, r30
    3f10:	3c c0       	rjmp	.+120    	; 0x3f8a <ff_bridge_call_light_q_result>

00003f12 <ff_bridge_call_heavy_q0_result>:
    3f12:	fd 01       	movw	r30, r26
    3f14:	09 95       	icall
    3f16:	4b 01       	movw	r8, r22
    3f18:	5c 01       	movw	r10, r24
    3f1a:	7f 91       	pop	r23
    3f1c:	6f 91       	pop	r22
    3f1e:	5f 91       	pop	r21
    3f20:	4f 91       	pop	r20
    3f22:	3f 91       	pop	r19
    3f24:	2f 91       	pop	r18
    3f26:	3f c0       	rjmp	.+126    	; 0x3fa6 <ff_cluster_tail_18>

00003f28 <ff_bridge_call_heavy_q1_result>:
    3f28:	fd 01       	movw	r30, r26
    3f2a:	09 95       	icall
    3f2c:	6b 01       	movw	r12, r22
    3f2e:	7c 01       	movw	r14, r24
    3f30:	7f 91       	pop	r23
    3f32:	6f 91       	pop	r22
    3f34:	5f 91       	pop	r21
    3f36:	4f 91       	pop	r20
    3f38:	3f 91       	pop	r19
    3f3a:	2f 91       	pop	r18
    3f3c:	34 c0       	rjmp	.+104    	; 0x3fa6 <ff_cluster_tail_18>

00003f3e <ff_bridge_call_heavy_q2_result>:
    3f3e:	fd 01       	movw	r30, r26
    3f40:	09 95       	icall
    3f42:	8b 01       	movw	r16, r22
    3f44:	9c 01       	movw	r18, r24
    3f46:	7f 91       	pop	r23
    3f48:	6f 91       	pop	r22
    3f4a:	5f 91       	pop	r21
    3f4c:	4f 91       	pop	r20
    3f4e:	2b c0       	rjmp	.+86     	; 0x3fa6 <ff_cluster_tail_18>

00003f50 <ff_bridge_call_heavy_q3_result>:
    3f50:	fd 01       	movw	r30, r26
    3f52:	09 95       	icall
    3f54:	ab 01       	movw	r20, r22
    3f56:	bc 01       	movw	r22, r24
    3f58:	3f 91       	pop	r19
    3f5a:	2f 91       	pop	r18
    3f5c:	24 c0       	rjmp	.+72     	; 0x3fa6 <ff_cluster_tail_18>

00003f5e <ff_bridge_call_heavy_q_result>:
    3f5e:	fd 01       	movw	r30, r26
    3f60:	09 95       	icall
    3f62:	ea b5       	in	r30, 0x2a	; 42
    3f64:	db 01       	movw	r26, r22
    3f66:	e2 30       	cpi	r30, 0x02	; 2
    3f68:	41 f0       	breq	.+16     	; 0x3f7a <.Lff_bridge_restore_heavy_q2>
    3f6a:	60 f4       	brcc	.+24     	; 0x3f84 <.Lff_bridge_restore_heavy_q3>
    3f6c:	7f 91       	pop	r23
    3f6e:	6f 91       	pop	r22
    3f70:	5f 91       	pop	r21
    3f72:	4f 91       	pop	r20
    3f74:	3f 91       	pop	r19
    3f76:	2f 91       	pop	r18
    3f78:	10 c0       	rjmp	.+32     	; 0x3f9a <ff_store_q_result>

00003f7a <.Lff_bridge_restore_heavy_q2>:
    3f7a:	7f 91       	pop	r23
    3f7c:	6f 91       	pop	r22
    3f7e:	5f 91       	pop	r21
    3f80:	4f 91       	pop	r20
    3f82:	0b c0       	rjmp	.+22     	; 0x3f9a <ff_store_q_result>

00003f84 <.Lff_bridge_restore_heavy_q3>:
    3f84:	3f 91       	pop	r19
    3f86:	2f 91       	pop	r18
    3f88:	08 c0       	rjmp	.+16     	; 0x3f9a <ff_store_q_result>

00003f8a <ff_bridge_call_light_q_result>:
    3f8a:	fd 01       	movw	r30, r26
    3f8c:	09 95       	icall
    3f8e:	ea b5       	in	r30, 0x2a	; 42
    3f90:	db 01       	movw	r26, r22
    3f92:	e3 30       	cpi	r30, 0x03	; 3
    3f94:	11 f0       	breq	.+4      	; 0x3f9a <ff_store_q_result>
    3f96:	7f 91       	pop	r23
    3f98:	6f 91       	pop	r22

00003f9a <ff_store_q_result>:
    3f9a:	e1 fd       	sbrc	r30, 1
    3f9c:	10 c0       	rjmp	.+32     	; 0x3fbe <.Lff_store_q_high>
    3f9e:	e0 fd       	sbrc	r30, 0
    3fa0:	0b c0       	rjmp	.+22     	; 0x3fb8 <.Lff_store_q1>
    3fa2:	4d 01       	movw	r8, r26
    3fa4:	5c 01       	movw	r10, r24

00003fa6 <ff_cluster_tail_18>:
    3fa6:	43 0c       	add	r4, r3
    3fa8:	8e b5       	in	r24, 0x2e	; 46
    3faa:	2e bc       	out	0x2e, r2	; 46
    3fac:	52 1c       	adc	r5, r2
    3fae:	62 1c       	adc	r6, r2
    3fb0:	87 9d       	mul	r24, r7
    3fb2:	f0 01       	movw	r30, r0
    3fb4:	ff 5f       	subi	r31, 0xFF	; 255
    3fb6:	09 94       	ijmp

00003fb8 <.Lff_store_q1>:
    3fb8:	6d 01       	movw	r12, r26
    3fba:	7c 01       	movw	r14, r24
    3fbc:	f4 cf       	rjmp	.-24     	; 0x3fa6 <ff_cluster_tail_18>

00003fbe <.Lff_store_q_high>:
    3fbe:	e0 fd       	sbrc	r30, 0
    3fc0:	03 c0       	rjmp	.+6      	; 0x3fc8 <.Lff_store_q3>
    3fc2:	8d 01       	movw	r16, r26
    3fc4:	9c 01       	movw	r18, r24
    3fc6:	ef cf       	rjmp	.-34     	; 0x3fa6 <ff_cluster_tail_18>

00003fc8 <.Lff_store_q3>:
    3fc8:	ad 01       	movw	r20, r26
    3fca:	bc 01       	movw	r22, r24
    3fcc:	ec cf       	rjmp	.-40     	; 0x3fa6 <ff_cluster_tail_18>

00003fce <ff_bridge_call_light_r16_result>:
    3fce:	fd 01       	movw	r30, r26
    3fd0:	09 95       	icall
    3fd2:	ea b5       	in	r30, 0x2a	; 42
    3fd4:	cb 01       	movw	r24, r22
    3fd6:	e7 30       	cpi	r30, 0x07	; 7
    3fd8:	11 f0       	breq	.+4      	; 0x3fde <ff_bridge_store_r16>
    3fda:	7f 91       	pop	r23
    3fdc:	6f 91       	pop	r22

00003fde <ff_bridge_store_r16>:
    3fde:	e7 70       	andi	r30, 0x07	; 7
    3fe0:	ee 0f       	add	r30, r30
    3fe2:	e8 5f       	subi	r30, 0xF8	; 248
    3fe4:	ff 27       	eor	r31, r31
    3fe6:	81 93       	st	Z+, r24
    3fe8:	90 83       	st	Z, r25
    3fea:	dd cf       	rjmp	.-70     	; 0x3fa6 <ff_cluster_tail_18>

00003fec <__subsf3>:
    3fec:	50 58       	subi	r21, 0x80	; 128

00003fee <__addsf3>:
    3fee:	bb 27       	eor	r27, r27
    3ff0:	aa 27       	eor	r26, r26
    3ff2:	0e d0       	rcall	.+28     	; 0x4010 <__addsf3x>
    3ff4:	5a c1       	rjmp	.+692    	; 0x42aa <__fp_round>

00003ff6 <.L__addsf3_special_cases>:
    3ff6:	4b d1       	rcall	.+662    	; 0x428e <__fp_pscA>
    3ff8:	30 f0       	brcs	.+12     	; 0x4006 <.L__addsf3_nan>
    3ffa:	50 d1       	rcall	.+672    	; 0x429c <__fp_pscB>
    3ffc:	20 f0       	brcs	.+8      	; 0x4006 <.L__addsf3_nan>
    3ffe:	31 f4       	brne	.+12     	; 0x400c <.L__addsf3_infinity>
    4000:	9f 3f       	cpi	r25, 0xFF	; 255
    4002:	11 f4       	brne	.+4      	; 0x4008 <.L__addsf3_infinity_b>
    4004:	1e f4       	brtc	.+6      	; 0x400c <.L__addsf3_infinity>

00004006 <.L__addsf3_nan>:
    4006:	40 c1       	rjmp	.+640    	; 0x4288 <__fp_nan>

00004008 <.L__addsf3_infinity_b>:
    4008:	0e f4       	brtc	.+2      	; 0x400c <.L__addsf3_infinity>
    400a:	e0 95       	com	r30

0000400c <.L__addsf3_infinity>:
    400c:	e7 fb       	bst	r30, 7
    400e:	28 c1       	rjmp	.+592    	; 0x4260 <__fp_inf>

00004010 <__addsf3x>:
    4010:	e9 2f       	mov	r30, r25
    4012:	5c d1       	rcall	.+696    	; 0x42cc <__fp_split3>
    4014:	80 f3       	brcs	.-32     	; 0x3ff6 <.L__addsf3_special_cases>
    4016:	ba 17       	cp	r27, r26
    4018:	62 07       	cpc	r22, r18
    401a:	73 07       	cpc	r23, r19
    401c:	84 07       	cpc	r24, r20
    401e:	95 07       	cpc	r25, r21
    4020:	18 f0       	brcs	.+6      	; 0x4028 <.L__addsf3x_swap_operands>
    4022:	69 f4       	brne	.+26     	; 0x403e <.L__addsf3x_align_mantissas>
    4024:	96 f5       	brtc	.+100    	; 0x408a <.L__addsf3x_add_mantissas>
    4026:	74 c1       	rjmp	.+744    	; 0x4310 <__fp_zero>

00004028 <.L__addsf3x_swap_operands>:
    4028:	0e f4       	brtc	.+2      	; 0x402c <.L__addsf3x_swap_values>
    402a:	e0 95       	com	r30

0000402c <.L__addsf3x_swap_values>:
    402c:	0b 2e       	mov	r0, r27
    402e:	ba 2f       	mov	r27, r26
    4030:	a0 2d       	mov	r26, r0
    4032:	0b 01       	movw	r0, r22
    4034:	b9 01       	movw	r22, r18
    4036:	90 01       	movw	r18, r0
    4038:	0c 01       	movw	r0, r24
    403a:	ca 01       	movw	r24, r20
    403c:	a0 01       	movw	r20, r0

0000403e <.L__addsf3x_align_mantissas>:
    403e:	ff 27       	eor	r31, r31
    4040:	59 1b       	sub	r21, r25

00004042 <.L__addsf3x_align_bytes>:
    4042:	99 f0       	breq	.+38     	; 0x406a <.L__addsf3x_combine_mantissas>
    4044:	59 3f       	cpi	r21, 0xF9	; 249
    4046:	50 f4       	brcc	.+20     	; 0x405c <.L__addsf3x_align_bits>
    4048:	50 3e       	cpi	r21, 0xE0	; 224
    404a:	68 f1       	brcs	.+90     	; 0x40a6 <.L__addsf3x_pack_result>
    404c:	2a 16       	cp	r2, r26
    404e:	f0 40       	sbci	r31, 0x00	; 0
    4050:	a2 2f       	mov	r26, r18
    4052:	23 2f       	mov	r18, r19
    4054:	34 2f       	mov	r19, r20
    4056:	44 27       	eor	r20, r20
    4058:	58 5f       	subi	r21, 0xF8	; 248
    405a:	f3 cf       	rjmp	.-26     	; 0x4042 <.L__addsf3x_align_bytes>

0000405c <.L__addsf3x_align_bits>:
    405c:	46 95       	lsr	r20
    405e:	37 95       	ror	r19
    4060:	27 95       	ror	r18
    4062:	a7 95       	ror	r26
    4064:	f0 40       	sbci	r31, 0x00	; 0
    4066:	53 95       	inc	r21
    4068:	c9 f7       	brne	.-14     	; 0x405c <.L__addsf3x_align_bits>

0000406a <.L__addsf3x_combine_mantissas>:
    406a:	7e f4       	brtc	.+30     	; 0x408a <.L__addsf3x_add_mantissas>
    406c:	2f 16       	cp	r2, r31
    406e:	ba 0b       	sbc	r27, r26
    4070:	62 0b       	sbc	r22, r18
    4072:	73 0b       	sbc	r23, r19
    4074:	84 0b       	sbc	r24, r20
    4076:	ba f0       	brmi	.+46     	; 0x40a6 <.L__addsf3x_pack_result>

00004078 <.L__addsf3x_normalize_difference>:
    4078:	91 50       	subi	r25, 0x01	; 1
    407a:	a1 f0       	breq	.+40     	; 0x40a4 <.L__addsf3x_increment_exponent>
    407c:	ff 0f       	add	r31, r31
    407e:	bb 1f       	adc	r27, r27
    4080:	66 1f       	adc	r22, r22
    4082:	77 1f       	adc	r23, r23
    4084:	88 1f       	adc	r24, r24
    4086:	c2 f7       	brpl	.-16     	; 0x4078 <.L__addsf3x_normalize_difference>
    4088:	0e c0       	rjmp	.+28     	; 0x40a6 <.L__addsf3x_pack_result>

0000408a <.L__addsf3x_add_mantissas>:
    408a:	ba 0f       	add	r27, r26
    408c:	62 1f       	adc	r22, r18
    408e:	73 1f       	adc	r23, r19
    4090:	84 1f       	adc	r24, r20
    4092:	48 f4       	brcc	.+18     	; 0x40a6 <.L__addsf3x_pack_result>
    4094:	87 95       	ror	r24
    4096:	77 95       	ror	r23
    4098:	67 95       	ror	r22
    409a:	b7 95       	ror	r27
    409c:	f7 95       	ror	r31
    409e:	9e 3f       	cpi	r25, 0xFE	; 254
    40a0:	08 f0       	brcs	.+2      	; 0x40a4 <.L__addsf3x_increment_exponent>
    40a2:	b4 cf       	rjmp	.-152    	; 0x400c <.L__addsf3_infinity>

000040a4 <.L__addsf3x_increment_exponent>:
    40a4:	93 95       	inc	r25

000040a6 <.L__addsf3x_pack_result>:
    40a6:	88 0f       	add	r24, r24
    40a8:	08 f0       	brcs	.+2      	; 0x40ac <.L__addsf3x_apply_sign>
    40aa:	99 27       	eor	r25, r25

000040ac <.L__addsf3x_apply_sign>:
    40ac:	ee 0f       	add	r30, r30
    40ae:	97 95       	ror	r25
    40b0:	87 95       	ror	r24
    40b2:	08 95       	ret

000040b4 <__divsf3>:
    40b4:	0c d0       	rcall	.+24     	; 0x40ce <__divsf3x>
    40b6:	f9 c0       	rjmp	.+498    	; 0x42aa <__fp_round>

000040b8 <.L__divsf3_special_cases>:
    40b8:	f1 d0       	rcall	.+482    	; 0x429c <__fp_pscB>
    40ba:	40 f0       	brcs	.+16     	; 0x40cc <.L__divsf3_nan>
    40bc:	e8 d0       	rcall	.+464    	; 0x428e <__fp_pscA>
    40be:	30 f0       	brcs	.+12     	; 0x40cc <.L__divsf3_nan>
    40c0:	21 f4       	brne	.+8      	; 0x40ca <.L__divsf3_szero>
    40c2:	5f 3f       	cpi	r21, 0xFF	; 255
    40c4:	19 f0       	breq	.+6      	; 0x40cc <.L__divsf3_nan>

000040c6 <.L__divsf3_infinity>:
    40c6:	cc c0       	rjmp	.+408    	; 0x4260 <__fp_inf>

000040c8 <.L__divsf3_zero_numerator>:
    40c8:	52 11       	cpse	r21, r2

000040ca <.L__divsf3_szero>:
    40ca:	23 c1       	rjmp	.+582    	; 0x4312 <__fp_szero>

000040cc <.L__divsf3_nan>:
    40cc:	dd c0       	rjmp	.+442    	; 0x4288 <__fp_nan>

000040ce <__divsf3x>:
    40ce:	fe d0       	rcall	.+508    	; 0x42cc <__fp_split3>
    40d0:	98 f3       	brcs	.-26     	; 0x40b8 <.L__divsf3_special_cases>

000040d2 <__divsf3_pse>:
    40d2:	99 23       	and	r25, r25
    40d4:	c9 f3       	breq	.-14     	; 0x40c8 <.L__divsf3_zero_numerator>
    40d6:	55 23       	and	r21, r21
    40d8:	b1 f3       	breq	.-20     	; 0x40c6 <.L__divsf3_infinity>
    40da:	95 1b       	sub	r25, r21
    40dc:	55 0b       	sbc	r21, r21
    40de:	bb 27       	eor	r27, r27
    40e0:	aa 27       	eor	r26, r26

000040e2 <.L__divsf3_normalize_divisor>:
    40e2:	62 17       	cp	r22, r18
    40e4:	73 07       	cpc	r23, r19
    40e6:	84 07       	cpc	r24, r20
    40e8:	38 f0       	brcs	.+14     	; 0x40f8 <.L__divsf3_begin_quotient>
    40ea:	9f 5f       	subi	r25, 0xFF	; 255
    40ec:	5f 4f       	sbci	r21, 0xFF	; 255
    40ee:	22 0f       	add	r18, r18
    40f0:	33 1f       	adc	r19, r19
    40f2:	44 1f       	adc	r20, r20
    40f4:	aa 1f       	adc	r26, r26
    40f6:	a9 f3       	breq	.-22     	; 0x40e2 <.L__divsf3_normalize_divisor>

000040f8 <.L__divsf3_begin_quotient>:
    40f8:	33 d0       	rcall	.+102    	; 0x4160 <.L__divsf3_divide_byte>
    40fa:	0e 2e       	mov	r0, r30
    40fc:	3a f0       	brmi	.+14     	; 0x410c <.L__divsf3_build_remaining_quotient>

000040fe <.L__divsf3_build_leading_quotient>:
    40fe:	e0 e8       	ldi	r30, 0x80	; 128
    4100:	30 d0       	rcall	.+96     	; 0x4162 <.L__divsf3_divide_bit>
    4102:	91 50       	subi	r25, 0x01	; 1
    4104:	50 40       	sbci	r21, 0x00	; 0
    4106:	e6 95       	lsr	r30
    4108:	00 1c       	adc	r0, r0
    410a:	ca f7       	brpl	.-14     	; 0x40fe <.L__divsf3_build_leading_quotient>

0000410c <.L__divsf3_build_remaining_quotient>:
    410c:	29 d0       	rcall	.+82     	; 0x4160 <.L__divsf3_divide_byte>
    410e:	fe 2f       	mov	r31, r30
    4110:	27 d0       	rcall	.+78     	; 0x4160 <.L__divsf3_divide_byte>
    4112:	66 0f       	add	r22, r22
    4114:	77 1f       	adc	r23, r23
    4116:	88 1f       	adc	r24, r24
    4118:	bb 1f       	adc	r27, r27
    411a:	26 17       	cp	r18, r22
    411c:	37 07       	cpc	r19, r23
    411e:	48 07       	cpc	r20, r24
    4120:	ab 07       	cpc	r26, r27
    4122:	b0 e8       	ldi	r27, 0x80	; 128
    4124:	09 f0       	breq	.+2      	; 0x4128 <.L__divsf3_finish_quotient>
    4126:	bb 0b       	sbc	r27, r27

00004128 <.L__divsf3_finish_quotient>:
    4128:	80 2d       	mov	r24, r0
    412a:	bf 01       	movw	r22, r30
    412c:	ff 27       	eor	r31, r31
    412e:	93 58       	subi	r25, 0x83	; 131
    4130:	5f 4f       	sbci	r21, 0xFF	; 255
    4132:	2a f0       	brmi	.+10     	; 0x413e <.L__divsf3_prepare_denormal>
    4134:	9e 3f       	cpi	r25, 0xFE	; 254
    4136:	52 05       	cpc	r21, r2
    4138:	68 f0       	brcs	.+26     	; 0x4154 <.L__divsf3_pack_result>
    413a:	92 c0       	rjmp	.+292    	; 0x4260 <__fp_inf>

0000413c <.L__divsf3_underflow_zero>:
    413c:	ea c0       	rjmp	.+468    	; 0x4312 <__fp_szero>

0000413e <.L__divsf3_prepare_denormal>:
    413e:	5f 3f       	cpi	r21, 0xFF	; 255
    4140:	ec f3       	brlt	.-6      	; 0x413c <.L__divsf3_underflow_zero>
    4142:	98 3e       	cpi	r25, 0xE8	; 232
    4144:	dc f3       	brlt	.-10     	; 0x413c <.L__divsf3_underflow_zero>

00004146 <.L__divsf3_denormalize>:
    4146:	86 95       	lsr	r24
    4148:	77 95       	ror	r23
    414a:	67 95       	ror	r22
    414c:	b7 95       	ror	r27
    414e:	f7 95       	ror	r31
    4150:	9f 5f       	subi	r25, 0xFF	; 255
    4152:	c9 f7       	brne	.-14     	; 0x4146 <.L__divsf3_denormalize>

00004154 <.L__divsf3_pack_result>:
    4154:	88 0f       	add	r24, r24
    4156:	92 1d       	adc	r25, r2
    4158:	96 95       	lsr	r25
    415a:	87 95       	ror	r24
    415c:	97 f9       	bld	r25, 7
    415e:	08 95       	ret

00004160 <.L__divsf3_divide_byte>:
    4160:	e1 e0       	ldi	r30, 0x01	; 1

00004162 <.L__divsf3_divide_bit>:
    4162:	66 0f       	add	r22, r22
    4164:	77 1f       	adc	r23, r23
    4166:	88 1f       	adc	r24, r24
    4168:	bb 1f       	adc	r27, r27
    416a:	62 17       	cp	r22, r18
    416c:	73 07       	cpc	r23, r19
    416e:	84 07       	cpc	r24, r20
    4170:	ba 07       	cpc	r27, r26
    4172:	20 f0       	brcs	.+8      	; 0x417c <.L__divsf3_divide_emit_bit>
    4174:	62 1b       	sub	r22, r18
    4176:	73 0b       	sbc	r23, r19
    4178:	84 0b       	sbc	r24, r20
    417a:	ba 0b       	sbc	r27, r26

0000417c <.L__divsf3_divide_emit_bit>:
    417c:	ee 1f       	adc	r30, r30
    417e:	88 f7       	brcc	.-30     	; 0x4162 <.L__divsf3_divide_bit>
    4180:	e0 95       	com	r30
    4182:	08 95       	ret

00004184 <__fixsfsi>:
    4184:	04 d0       	rcall	.+8      	; 0x418e <__fixunssfsi>
    4186:	68 94       	set
    4188:	b2 11       	cpse	r27, r2
    418a:	c3 c0       	rjmp	.+390    	; 0x4312 <__fp_szero>
    418c:	08 95       	ret

0000418e <__fixunssfsi>:
    418e:	a6 d0       	rcall	.+332    	; 0x42dc <__fp_splitA>
    4190:	88 f0       	brcs	.+34     	; 0x41b4 <.L__fixunssfsi_error>
    4192:	9f 57       	subi	r25, 0x7F	; 127
    4194:	90 f0       	brcs	.+36     	; 0x41ba <.L__fixunssfsi_zero>
    4196:	b9 2f       	mov	r27, r25
    4198:	99 27       	eor	r25, r25
    419a:	b7 51       	subi	r27, 0x17	; 23
    419c:	a0 f0       	brcs	.+40     	; 0x41c6 <.L__fixunssfsi_select_right_shift>
    419e:	d1 f0       	breq	.+52     	; 0x41d4 <.L__fixunssfsi_apply_sign>

000041a0 <.L__fixunssfsi_shift_left>:
    41a0:	66 0f       	add	r22, r22
    41a2:	77 1f       	adc	r23, r23
    41a4:	88 1f       	adc	r24, r24
    41a6:	99 1f       	adc	r25, r25
    41a8:	1a f0       	brmi	.+6      	; 0x41b0 <.L__fixunssfsi_check_signed_overflow>
    41aa:	ba 95       	dec	r27
    41ac:	c9 f7       	brne	.-14     	; 0x41a0 <.L__fixunssfsi_shift_left>
    41ae:	12 c0       	rjmp	.+36     	; 0x41d4 <.L__fixunssfsi_apply_sign>

000041b0 <.L__fixunssfsi_check_signed_overflow>:
    41b0:	b1 30       	cpi	r27, 0x01	; 1
    41b2:	81 f0       	breq	.+32     	; 0x41d4 <.L__fixunssfsi_apply_sign>

000041b4 <.L__fixunssfsi_error>:
    41b4:	ad d0       	rcall	.+346    	; 0x4310 <__fp_zero>
    41b6:	b1 e0       	ldi	r27, 0x01	; 1
    41b8:	08 95       	ret

000041ba <.L__fixunssfsi_zero>:
    41ba:	aa c0       	rjmp	.+340    	; 0x4310 <__fp_zero>

000041bc <.L__fixunssfsi_shift_right_byte>:
    41bc:	67 2f       	mov	r22, r23
    41be:	78 2f       	mov	r23, r24
    41c0:	88 27       	eor	r24, r24
    41c2:	b8 5f       	subi	r27, 0xF8	; 248
    41c4:	39 f0       	breq	.+14     	; 0x41d4 <.L__fixunssfsi_apply_sign>

000041c6 <.L__fixunssfsi_select_right_shift>:
    41c6:	b9 3f       	cpi	r27, 0xF9	; 249
    41c8:	cc f3       	brlt	.-14     	; 0x41bc <.L__fixunssfsi_shift_right_byte>

000041ca <.L__fixunssfsi_shift_right_bit>:
    41ca:	86 95       	lsr	r24
    41cc:	77 95       	ror	r23
    41ce:	67 95       	ror	r22
    41d0:	b3 95       	inc	r27
    41d2:	d9 f7       	brne	.-10     	; 0x41ca <.L__fixunssfsi_shift_right_bit>

000041d4 <.L__fixunssfsi_apply_sign>:
    41d4:	3e f4       	brtc	.+14     	; 0x41e4 <.L__fixunssfsi_return>
    41d6:	90 95       	com	r25
    41d8:	80 95       	com	r24
    41da:	70 95       	com	r23
    41dc:	61 95       	neg	r22
    41de:	7f 4f       	sbci	r23, 0xFF	; 255
    41e0:	8f 4f       	sbci	r24, 0xFF	; 255
    41e2:	9f 4f       	sbci	r25, 0xFF	; 255

000041e4 <.L__fixunssfsi_return>:
    41e4:	08 95       	ret

000041e6 <__floatunsisf>:
    41e6:	e8 94       	clt
    41e8:	09 c0       	rjmp	.+18     	; 0x41fc <.L__floatsisf_magnitude_ready>

000041ea <__floatsisf>:
    41ea:	97 fb       	bst	r25, 7
    41ec:	3e f4       	brtc	.+14     	; 0x41fc <.L__floatsisf_magnitude_ready>
    41ee:	90 95       	com	r25
    41f0:	80 95       	com	r24
    41f2:	70 95       	com	r23
    41f4:	61 95       	neg	r22
    41f6:	7f 4f       	sbci	r23, 0xFF	; 255
    41f8:	8f 4f       	sbci	r24, 0xFF	; 255
    41fa:	9f 4f       	sbci	r25, 0xFF	; 255

000041fc <.L__floatsisf_magnitude_ready>:
    41fc:	99 23       	and	r25, r25
    41fe:	a9 f0       	breq	.+42     	; 0x422a <.L__floatsisf_check_middle_byte>
    4200:	f9 2f       	mov	r31, r25
    4202:	96 e9       	ldi	r25, 0x96	; 150
    4204:	bb 27       	eor	r27, r27

00004206 <.L__floatsisf_shift_right>:
    4206:	93 95       	inc	r25
    4208:	f6 95       	lsr	r31
    420a:	87 95       	ror	r24
    420c:	77 95       	ror	r23
    420e:	67 95       	ror	r22
    4210:	b7 95       	ror	r27
    4212:	f2 11       	cpse	r31, r2
    4214:	f8 cf       	rjmp	.-16     	; 0x4206 <.L__floatsisf_shift_right>
    4216:	fa f4       	brpl	.+62     	; 0x4256 <.L__floatsisf_pack>
    4218:	bb 0f       	add	r27, r27
    421a:	11 f4       	brne	.+4      	; 0x4220 <.L__floatsisf_round_up>
    421c:	60 ff       	sbrs	r22, 0
    421e:	1b c0       	rjmp	.+54     	; 0x4256 <.L__floatsisf_pack>

00004220 <.L__floatsisf_round_up>:
    4220:	6f 5f       	subi	r22, 0xFF	; 255
    4222:	7f 4f       	sbci	r23, 0xFF	; 255
    4224:	8f 4f       	sbci	r24, 0xFF	; 255
    4226:	9f 4f       	sbci	r25, 0xFF	; 255
    4228:	16 c0       	rjmp	.+44     	; 0x4256 <.L__floatsisf_pack>

0000422a <.L__floatsisf_check_middle_byte>:
    422a:	88 23       	and	r24, r24
    422c:	11 f0       	breq	.+4      	; 0x4232 <.L__floatsisf_check_low_word>
    422e:	96 e9       	ldi	r25, 0x96	; 150
    4230:	11 c0       	rjmp	.+34     	; 0x4254 <.L__floatsisf_continue_left_shift>

00004232 <.L__floatsisf_check_low_word>:
    4232:	77 23       	and	r23, r23
    4234:	21 f0       	breq	.+8      	; 0x423e <.L__floatsisf_check_low_byte>
    4236:	9e e8       	ldi	r25, 0x8E	; 142
    4238:	87 2f       	mov	r24, r23
    423a:	76 2f       	mov	r23, r22
    423c:	05 c0       	rjmp	.+10     	; 0x4248 <.L__floatsisf_prepare_left_shift>

0000423e <.L__floatsisf_check_low_byte>:
    423e:	66 23       	and	r22, r22
    4240:	71 f0       	breq	.+28     	; 0x425e <.L__floatsisf_return>
    4242:	96 e8       	ldi	r25, 0x86	; 134
    4244:	86 2f       	mov	r24, r22
    4246:	70 e0       	ldi	r23, 0x00	; 0

00004248 <.L__floatsisf_prepare_left_shift>:
    4248:	60 e0       	ldi	r22, 0x00	; 0
    424a:	2a f0       	brmi	.+10     	; 0x4256 <.L__floatsisf_pack>

0000424c <.L__floatsisf_shift_left>:
    424c:	9a 95       	dec	r25
    424e:	66 0f       	add	r22, r22
    4250:	77 1f       	adc	r23, r23
    4252:	88 1f       	adc	r24, r24

00004254 <.L__floatsisf_continue_left_shift>:
    4254:	da f7       	brpl	.-10     	; 0x424c <.L__floatsisf_shift_left>

00004256 <.L__floatsisf_pack>:
    4256:	88 0f       	add	r24, r24
    4258:	96 95       	lsr	r25
    425a:	87 95       	ror	r24
    425c:	97 f9       	bld	r25, 7

0000425e <.L__floatsisf_return>:
    425e:	08 95       	ret

00004260 <__fp_inf>:
    4260:	97 f9       	bld	r25, 7
    4262:	9f 67       	ori	r25, 0x7F	; 127
    4264:	80 e8       	ldi	r24, 0x80	; 128
    4266:	70 e0       	ldi	r23, 0x00	; 0
    4268:	60 e0       	ldi	r22, 0x00	; 0
    426a:	08 95       	ret

0000426c <__fp_mpack>:
    426c:	9f 3f       	cpi	r25, 0xFF	; 255
    426e:	31 f0       	breq	.+12     	; 0x427c <.L__fp_mpack_pack_common>

00004270 <__fp_mpack_finite>:
    4270:	91 50       	subi	r25, 0x01	; 1
    4272:	20 f4       	brcc	.+8      	; 0x427c <.L__fp_mpack_pack_common>
    4274:	87 95       	ror	r24
    4276:	77 95       	ror	r23
    4278:	67 95       	ror	r22
    427a:	b7 95       	ror	r27

0000427c <.L__fp_mpack_pack_common>:
    427c:	88 0f       	add	r24, r24
    427e:	92 1d       	adc	r25, r2
    4280:	96 95       	lsr	r25
    4282:	87 95       	ror	r24
    4284:	97 f9       	bld	r25, 7
    4286:	08 95       	ret

00004288 <__fp_nan>:
    4288:	9f ef       	ldi	r25, 0xFF	; 255
    428a:	80 ec       	ldi	r24, 0xC0	; 192
    428c:	08 95       	ret

0000428e <__fp_pscA>:
    428e:	00 24       	eor	r0, r0
    4290:	0a 94       	dec	r0
    4292:	26 16       	cp	r2, r22
    4294:	27 06       	cpc	r2, r23
    4296:	28 06       	cpc	r2, r24
    4298:	09 06       	cpc	r0, r25
    429a:	08 95       	ret

0000429c <__fp_pscB>:
    429c:	00 24       	eor	r0, r0
    429e:	0a 94       	dec	r0
    42a0:	22 16       	cp	r2, r18
    42a2:	23 06       	cpc	r2, r19
    42a4:	24 06       	cpc	r2, r20
    42a6:	05 06       	cpc	r0, r21
    42a8:	08 95       	ret

000042aa <__fp_round>:
    42aa:	09 2e       	mov	r0, r25
    42ac:	03 94       	inc	r0
    42ae:	00 0c       	add	r0, r0
    42b0:	11 f4       	brne	.+4      	; 0x42b6 <.L__fp_round_check_rounding>
    42b2:	88 23       	and	r24, r24
    42b4:	52 f0       	brmi	.+20     	; 0x42ca <.L__fp_round_return>

000042b6 <.L__fp_round_check_rounding>:
    42b6:	bb 0f       	add	r27, r27
    42b8:	40 f4       	brcc	.+16     	; 0x42ca <.L__fp_round_return>
    42ba:	bf 2b       	or	r27, r31
    42bc:	11 f4       	brne	.+4      	; 0x42c2 <.L__fp_round_increment>
    42be:	60 ff       	sbrs	r22, 0
    42c0:	04 c0       	rjmp	.+8      	; 0x42ca <.L__fp_round_return>

000042c2 <.L__fp_round_increment>:
    42c2:	6f 5f       	subi	r22, 0xFF	; 255
    42c4:	7f 4f       	sbci	r23, 0xFF	; 255
    42c6:	8f 4f       	sbci	r24, 0xFF	; 255
    42c8:	9f 4f       	sbci	r25, 0xFF	; 255

000042ca <.L__fp_round_return>:
    42ca:	08 95       	ret

000042cc <__fp_split3>:
    42cc:	57 fd       	sbrc	r21, 7
    42ce:	90 58       	subi	r25, 0x80	; 128
    42d0:	44 0f       	add	r20, r20
    42d2:	55 1f       	adc	r21, r21
    42d4:	59 f0       	breq	.+22     	; 0x42ec <.L__fp_split3_b_zero_or_subnormal>
    42d6:	5f 3f       	cpi	r21, 0xFF	; 255
    42d8:	71 f0       	breq	.+28     	; 0x42f6 <.L__fp_split3_b_nonfinite>

000042da <.L__fp_split3_restore_b_mantissa>:
    42da:	47 95       	ror	r20

000042dc <__fp_splitA>:
    42dc:	88 0f       	add	r24, r24
    42de:	97 fb       	bst	r25, 7
    42e0:	99 1f       	adc	r25, r25
    42e2:	61 f0       	breq	.+24     	; 0x42fc <.L__fp_splitA_zero_or_subnormal>
    42e4:	9f 3f       	cpi	r25, 0xFF	; 255
    42e6:	79 f0       	breq	.+30     	; 0x4306 <.L__fp_splitA_nonfinite>

000042e8 <.L__fp_splitA_restore_mantissa>:
    42e8:	87 95       	ror	r24
    42ea:	08 95       	ret

000042ec <.L__fp_split3_b_zero_or_subnormal>:
    42ec:	22 16       	cp	r2, r18
    42ee:	23 06       	cpc	r2, r19
    42f0:	24 06       	cpc	r2, r20
    42f2:	55 1f       	adc	r21, r21
    42f4:	f2 cf       	rjmp	.-28     	; 0x42da <.L__fp_split3_restore_b_mantissa>

000042f6 <.L__fp_split3_b_nonfinite>:
    42f6:	46 95       	lsr	r20
    42f8:	f1 df       	rcall	.-30     	; 0x42dc <__fp_splitA>
    42fa:	08 c0       	rjmp	.+16     	; 0x430c <.L__fp_splitA_return_nonfinite>

000042fc <.L__fp_splitA_zero_or_subnormal>:
    42fc:	26 16       	cp	r2, r22
    42fe:	27 06       	cpc	r2, r23
    4300:	28 06       	cpc	r2, r24
    4302:	99 1f       	adc	r25, r25
    4304:	f1 cf       	rjmp	.-30     	; 0x42e8 <.L__fp_splitA_restore_mantissa>

00004306 <.L__fp_splitA_nonfinite>:
    4306:	86 95       	lsr	r24
    4308:	72 05       	cpc	r23, r2
    430a:	62 05       	cpc	r22, r2

0000430c <.L__fp_splitA_return_nonfinite>:
    430c:	08 94       	sec
    430e:	08 95       	ret

00004310 <__fp_zero>:
    4310:	e8 94       	clt

00004312 <__fp_szero>:
    4312:	bb 27       	eor	r27, r27
    4314:	66 27       	eor	r22, r22
    4316:	77 27       	eor	r23, r23
    4318:	cb 01       	movw	r24, r22
    431a:	97 f9       	bld	r25, 7
    431c:	08 95       	ret

0000431e <__mulsf3>:
    431e:	0a d0       	rcall	.+20     	; 0x4334 <__mulsf3x>
    4320:	c4 cf       	rjmp	.-120    	; 0x42aa <__fp_round>

00004322 <.L__mulsf3_special_cases>:
    4322:	b5 df       	rcall	.-150    	; 0x428e <__fp_pscA>
    4324:	28 f0       	brcs	.+10     	; 0x4330 <.L__mulsf3_nan>
    4326:	ba df       	rcall	.-140    	; 0x429c <__fp_pscB>
    4328:	18 f0       	brcs	.+6      	; 0x4330 <.L__mulsf3_nan>
    432a:	95 23       	and	r25, r21
    432c:	09 f0       	breq	.+2      	; 0x4330 <.L__mulsf3_nan>
    432e:	98 cf       	rjmp	.-208    	; 0x4260 <__fp_inf>

00004330 <.L__mulsf3_nan>:
    4330:	ab cf       	rjmp	.-170    	; 0x4288 <__fp_nan>

00004332 <.L__mulsf3_szero>:
    4332:	ef cf       	rjmp	.-34     	; 0x4312 <__fp_szero>

00004334 <__mulsf3x>:
    4334:	cb df       	rcall	.-106    	; 0x42cc <__fp_split3>
    4336:	a8 f3       	brcs	.-22     	; 0x4322 <.L__mulsf3_special_cases>

00004338 <__mulsf3_pse>:
    4338:	95 9f       	mul	r25, r21
    433a:	d9 f3       	breq	.-10     	; 0x4332 <.L__mulsf3_szero>
    433c:	95 0f       	add	r25, r21
    433e:	50 e0       	ldi	r21, 0x00	; 0
    4340:	55 1f       	adc	r21, r21
    4342:	62 9f       	mul	r22, r18
    4344:	f0 01       	movw	r30, r0
    4346:	72 9f       	mul	r23, r18
    4348:	bb 27       	eor	r27, r27
    434a:	f0 0d       	add	r31, r0
    434c:	b1 1d       	adc	r27, r1
    434e:	63 9f       	mul	r22, r19
    4350:	aa 27       	eor	r26, r26
    4352:	f0 0d       	add	r31, r0
    4354:	b1 1d       	adc	r27, r1
    4356:	aa 1f       	adc	r26, r26
    4358:	64 9f       	mul	r22, r20
    435a:	66 27       	eor	r22, r22
    435c:	b0 0d       	add	r27, r0
    435e:	a1 1d       	adc	r26, r1
    4360:	66 1f       	adc	r22, r22
    4362:	82 9f       	mul	r24, r18
    4364:	22 27       	eor	r18, r18
    4366:	b0 0d       	add	r27, r0
    4368:	a1 1d       	adc	r26, r1
    436a:	62 1f       	adc	r22, r18
    436c:	73 9f       	mul	r23, r19
    436e:	b0 0d       	add	r27, r0
    4370:	a1 1d       	adc	r26, r1
    4372:	62 1f       	adc	r22, r18
    4374:	83 9f       	mul	r24, r19
    4376:	a0 0d       	add	r26, r0
    4378:	61 1d       	adc	r22, r1
    437a:	22 1f       	adc	r18, r18
    437c:	74 9f       	mul	r23, r20
    437e:	33 27       	eor	r19, r19
    4380:	a0 0d       	add	r26, r0
    4382:	61 1d       	adc	r22, r1
    4384:	23 1f       	adc	r18, r19
    4386:	84 9f       	mul	r24, r20
    4388:	60 0d       	add	r22, r0
    438a:	21 1d       	adc	r18, r1
    438c:	82 2f       	mov	r24, r18
    438e:	76 2f       	mov	r23, r22
    4390:	6a 2f       	mov	r22, r26
    4392:	9f 57       	subi	r25, 0x7F	; 127
    4394:	50 40       	sbci	r21, 0x00	; 0
    4396:	8a f0       	brmi	.+34     	; 0x43ba <.L__mulsf3_prepare_denormal>
    4398:	e1 f0       	breq	.+56     	; 0x43d2 <.L__mulsf3_pack_result>

0000439a <.L__mulsf3_normalize>:
    439a:	88 23       	and	r24, r24
    439c:	4a f0       	brmi	.+18     	; 0x43b0 <.L__mulsf3_check_overflow>
    439e:	ee 0f       	add	r30, r30
    43a0:	ff 1f       	adc	r31, r31
    43a2:	bb 1f       	adc	r27, r27
    43a4:	66 1f       	adc	r22, r22
    43a6:	77 1f       	adc	r23, r23
    43a8:	88 1f       	adc	r24, r24
    43aa:	91 50       	subi	r25, 0x01	; 1
    43ac:	50 40       	sbci	r21, 0x00	; 0
    43ae:	a9 f7       	brne	.-22     	; 0x439a <.L__mulsf3_normalize>

000043b0 <.L__mulsf3_check_overflow>:
    43b0:	9e 3f       	cpi	r25, 0xFE	; 254
    43b2:	52 05       	cpc	r21, r2
    43b4:	70 f0       	brcs	.+28     	; 0x43d2 <.L__mulsf3_pack_result>
    43b6:	54 cf       	rjmp	.-344    	; 0x4260 <__fp_inf>

000043b8 <.L__mulsf3_underflow_zero>:
    43b8:	ac cf       	rjmp	.-168    	; 0x4312 <__fp_szero>

000043ba <.L__mulsf3_prepare_denormal>:
    43ba:	5f 3f       	cpi	r21, 0xFF	; 255
    43bc:	ec f3       	brlt	.-6      	; 0x43b8 <.L__mulsf3_underflow_zero>
    43be:	98 3e       	cpi	r25, 0xE8	; 232
    43c0:	dc f3       	brlt	.-10     	; 0x43b8 <.L__mulsf3_underflow_zero>

000043c2 <.L__mulsf3_denormalize>:
    43c2:	86 95       	lsr	r24
    43c4:	77 95       	ror	r23
    43c6:	67 95       	ror	r22
    43c8:	b7 95       	ror	r27
    43ca:	f7 95       	ror	r31
    43cc:	e7 95       	ror	r30
    43ce:	9f 5f       	subi	r25, 0xFF	; 255
    43d0:	c1 f7       	brne	.-16     	; 0x43c2 <.L__mulsf3_denormalize>

000043d2 <.L__mulsf3_pack_result>:
    43d2:	fe 2b       	or	r31, r30
    43d4:	88 0f       	add	r24, r24
    43d6:	92 1d       	adc	r25, r2
    43d8:	96 95       	lsr	r25
    43da:	87 95       	ror	r24
    43dc:	97 f9       	bld	r25, 7
    43de:	08 95       	ret

000043e0 <.L_sqrtf_nonfinite>:
    43e0:	11 f4       	brne	.+4      	; 0x43e6 <.L_sqrtf_pack>
    43e2:	0e f4       	brtc	.+2      	; 0x43e6 <.L_sqrtf_pack>

000043e4 <.L_sqrtf_nan>:
    43e4:	51 cf       	rjmp	.-350    	; 0x4288 <__fp_nan>

000043e6 <.L_sqrtf_pack>:
    43e6:	42 cf       	rjmp	.-380    	; 0x426c <__fp_mpack>

000043e8 <sqrt>:
    43e8:	79 df       	rcall	.-270    	; 0x42dc <__fp_splitA>
    43ea:	d0 f3       	brcs	.-12     	; 0x43e0 <.L_sqrtf_nonfinite>
    43ec:	99 23       	and	r25, r25
    43ee:	d9 f3       	breq	.-10     	; 0x43e6 <.L_sqrtf_pack>
    43f0:	ce f3       	brts	.-14     	; 0x43e4 <.L_sqrtf_nan>
    43f2:	9f 57       	subi	r25, 0x7F	; 127
    43f4:	55 0b       	sbc	r21, r21
    43f6:	87 ff       	sbrs	r24, 7
    43f8:	36 d0       	rcall	.+108    	; 0x4466 <__fp_norm2>
    43fa:	00 24       	eor	r0, r0
    43fc:	12 2c       	mov	r1, r2
    43fe:	a0 e6       	ldi	r26, 0x60	; 96
    4400:	40 ea       	ldi	r20, 0xA0	; 160
    4402:	90 01       	movw	r18, r0
    4404:	80 58       	subi	r24, 0x80	; 128
    4406:	56 95       	lsr	r21
    4408:	97 95       	ror	r25
    440a:	28 f4       	brcc	.+10     	; 0x4416 <.L_sqrtf_compare_trial>
    440c:	80 5c       	subi	r24, 0xC0	; 192

0000440e <.L_sqrtf_digit_loop>:
    440e:	66 0f       	add	r22, r22
    4410:	77 1f       	adc	r23, r23
    4412:	88 1f       	adc	r24, r24
    4414:	20 f0       	brcs	.+8      	; 0x441e <.L_sqrtf_accept_trial>

00004416 <.L_sqrtf_compare_trial>:
    4416:	26 17       	cp	r18, r22
    4418:	37 07       	cpc	r19, r23
    441a:	48 07       	cpc	r20, r24
    441c:	30 f4       	brcc	.+12     	; 0x442a <.L_sqrtf_advance_digit>

0000441e <.L_sqrtf_accept_trial>:
    441e:	62 1b       	sub	r22, r18
    4420:	73 0b       	sbc	r23, r19
    4422:	84 0b       	sbc	r24, r20
    4424:	20 29       	or	r18, r0
    4426:	31 29       	or	r19, r1
    4428:	4a 2b       	or	r20, r26

0000442a <.L_sqrtf_advance_digit>:
    442a:	a6 95       	lsr	r26
    442c:	17 94       	ror	r1
    442e:	07 94       	ror	r0
    4430:	20 25       	eor	r18, r0
    4432:	31 25       	eor	r19, r1
    4434:	4a 27       	eor	r20, r26
    4436:	58 f7       	brcc	.-42     	; 0x440e <.L_sqrtf_digit_loop>

00004438 <.L_sqrtf_rounding_loop>:
    4438:	66 0f       	add	r22, r22
    443a:	77 1f       	adc	r23, r23
    443c:	88 1f       	adc	r24, r24
    443e:	20 f0       	brcs	.+8      	; 0x4448 <.L_sqrtf_accept_rounding_bit>
    4440:	26 17       	cp	r18, r22
    4442:	37 07       	cpc	r19, r23
    4444:	48 07       	cpc	r20, r24
    4446:	30 f4       	brcc	.+12     	; 0x4454 <.L_sqrtf_advance_rounding>

00004448 <.L_sqrtf_accept_rounding_bit>:
    4448:	62 0b       	sbc	r22, r18
    444a:	73 0b       	sbc	r23, r19
    444c:	84 0b       	sbc	r24, r20
    444e:	20 0d       	add	r18, r0
    4450:	31 1d       	adc	r19, r1
    4452:	41 1d       	adc	r20, r1

00004454 <.L_sqrtf_advance_rounding>:
    4454:	a0 95       	com	r26
    4456:	81 f7       	brne	.-32     	; 0x4438 <.L_sqrtf_rounding_loop>
    4458:	b9 01       	movw	r22, r18
    445a:	84 2f       	mov	r24, r20
    445c:	91 58       	subi	r25, 0x81	; 129
    445e:	88 0f       	add	r24, r24
    4460:	96 95       	lsr	r25
    4462:	87 95       	ror	r24
    4464:	08 95       	ret

00004466 <__fp_norm2>:
    4466:	91 50       	subi	r25, 0x01	; 1
    4468:	50 40       	sbci	r21, 0x00	; 0
    446a:	66 0f       	add	r22, r22
    446c:	77 1f       	adc	r23, r23
    446e:	88 1f       	adc	r24, r24
    4470:	d2 f7       	brpl	.-12     	; 0x4466 <__fp_norm2>
    4472:	08 95       	ret

00004474 <squaref>:
    4474:	9b 01       	movw	r18, r22
    4476:	ac 01       	movw	r20, r24
    4478:	52 cf       	rjmp	.-348    	; 0x431e <__mulsf3>

0000447a <__inversef>:
    447a:	9b 01       	movw	r18, r22
    447c:	ac 01       	movw	r20, r24
    447e:	60 e0       	ldi	r22, 0x00	; 0
    4480:	70 e0       	ldi	r23, 0x00	; 0
    4482:	80 e8       	ldi	r24, 0x80	; 128
    4484:	9f e3       	ldi	r25, 0x3F	; 63
    4486:	16 ce       	rjmp	.-980    	; 0x40b4 <__divsf3>

00004488 <__fp_powser>:
    4488:	df 93       	push	r29
    448a:	cf 93       	push	r28
    448c:	1f 93       	push	r17
    448e:	0f 93       	push	r16
    4490:	ff 92       	push	r15
    4492:	ef 92       	push	r14
    4494:	df 92       	push	r13
    4496:	7b 01       	movw	r14, r22
    4498:	8c 01       	movw	r16, r24
    449a:	68 94       	set
    449c:	05 c0       	rjmp	.+10     	; 0x44a8 <.L__fp_powser_load_coefficient>

0000449e <.L__fp_powser_capture_degree>:
    449e:	da 2e       	mov	r13, r26

000044a0 <.L__fp_powser_multiply_loop>:
    44a0:	ef 01       	movw	r28, r30
    44a2:	48 df       	rcall	.-368    	; 0x4334 <__mulsf3x>
    44a4:	fe 01       	movw	r30, r28
    44a6:	e8 94       	clt

000044a8 <.L__fp_powser_load_coefficient>:
    44a8:	a5 91       	lpm	r26, Z+
    44aa:	25 91       	lpm	r18, Z+
    44ac:	35 91       	lpm	r19, Z+
    44ae:	45 91       	lpm	r20, Z+
    44b0:	55 91       	lpm	r21, Z+
    44b2:	ae f3       	brts	.-22     	; 0x449e <.L__fp_powser_capture_degree>
    44b4:	ef 01       	movw	r28, r30
    44b6:	ac dd       	rcall	.-1192   	; 0x4010 <__addsf3x>
    44b8:	fe 01       	movw	r30, r28
    44ba:	97 01       	movw	r18, r14
    44bc:	a8 01       	movw	r20, r16
    44be:	da 94       	dec	r13
    44c0:	79 f7       	brne	.-34     	; 0x44a0 <.L__fp_powser_multiply_loop>
    44c2:	df 90       	pop	r13
    44c4:	ef 90       	pop	r14
    44c6:	ff 90       	pop	r15
    44c8:	0f 91       	pop	r16
    44ca:	1f 91       	pop	r17
    44cc:	cf 91       	pop	r28
    44ce:	df 91       	pop	r29
    44d0:	08 95       	ret

000044d2 <__fp_powsodd>:
    44d2:	9f 93       	push	r25
    44d4:	8f 93       	push	r24
    44d6:	7f 93       	push	r23
    44d8:	6f 93       	push	r22
    44da:	ff 93       	push	r31
    44dc:	ef 93       	push	r30
    44de:	9b 01       	movw	r18, r22
    44e0:	ac 01       	movw	r20, r24
    44e2:	1d df       	rcall	.-454    	; 0x431e <__mulsf3>
    44e4:	ef 91       	pop	r30
    44e6:	ff 91       	pop	r31
    44e8:	cf df       	rcall	.-98     	; 0x4488 <__fp_powser>
    44ea:	2f 91       	pop	r18
    44ec:	3f 91       	pop	r19
    44ee:	4f 91       	pop	r20
    44f0:	5f 91       	pop	r21
    44f2:	15 cf       	rjmp	.-470    	; 0x431e <__mulsf3>

000044f4 <__fp_rempio2>:
    44f4:	f3 de       	rcall	.-538    	; 0x42dc <__fp_splitA>
    44f6:	08 f4       	brcc	.+2      	; 0x44fa <.L__fp_rempio2_finite>
    44f8:	c7 ce       	rjmp	.-626    	; 0x4288 <__fp_nan>

000044fa <.L__fp_rempio2_finite>:
    44fa:	e8 94       	clt
    44fc:	e0 e0       	ldi	r30, 0x00	; 0
    44fe:	bb 27       	eor	r27, r27
    4500:	9f 57       	subi	r25, 0x7F	; 127
    4502:	f0 f0       	brcs	.+60     	; 0x4540 <.L__fp_rempio2_pack>
    4504:	2a ed       	ldi	r18, 0xDA	; 218
    4506:	3f e0       	ldi	r19, 0x0F	; 15
    4508:	49 ec       	ldi	r20, 0xC9	; 201
    450a:	06 c0       	rjmp	.+12     	; 0x4518 <.L__fp_rempio2_compare>

0000450c <.L__fp_rempio2_loop>:
    450c:	ee 0f       	add	r30, r30
    450e:	bb 0f       	add	r27, r27
    4510:	66 1f       	adc	r22, r22
    4512:	77 1f       	adc	r23, r23
    4514:	88 1f       	adc	r24, r24
    4516:	28 f0       	brcs	.+10     	; 0x4522 <.L__fp_rempio2_subtract>

00004518 <.L__fp_rempio2_compare>:
    4518:	b2 3a       	cpi	r27, 0xA2	; 162
    451a:	62 07       	cpc	r22, r18
    451c:	73 07       	cpc	r23, r19
    451e:	84 07       	cpc	r24, r20
    4520:	28 f0       	brcs	.+10     	; 0x452c <.L__fp_rempio2_advance>

00004522 <.L__fp_rempio2_subtract>:
    4522:	b2 5a       	subi	r27, 0xA2	; 162
    4524:	62 0b       	sbc	r22, r18
    4526:	73 0b       	sbc	r23, r19
    4528:	84 0b       	sbc	r24, r20
    452a:	e3 95       	inc	r30

0000452c <.L__fp_rempio2_advance>:
    452c:	9a 95       	dec	r25
    452e:	72 f7       	brpl	.-36     	; 0x450c <.L__fp_rempio2_loop>
    4530:	80 38       	cpi	r24, 0x80	; 128
    4532:	30 f4       	brcc	.+12     	; 0x4540 <.L__fp_rempio2_pack>

00004534 <.L__fp_rempio2_normalize>:
    4534:	9a 95       	dec	r25
    4536:	bb 0f       	add	r27, r27
    4538:	66 1f       	adc	r22, r22
    453a:	77 1f       	adc	r23, r23
    453c:	88 1f       	adc	r24, r24
    453e:	d2 f7       	brpl	.-12     	; 0x4534 <.L__fp_rempio2_normalize>

00004540 <.L__fp_rempio2_pack>:
    4540:	90 48       	sbci	r25, 0x80	; 128
    4542:	96 ce       	rjmp	.-724    	; 0x4270 <__fp_mpack_finite>

00004544 <__fp_sinus>:
    4544:	ef 93       	push	r30
    4546:	e0 ff       	sbrs	r30, 0
    4548:	06 c0       	rjmp	.+12     	; 0x4556 <.L__fp_sinus_round_remainder>
    454a:	a2 ea       	ldi	r26, 0xA2	; 162
    454c:	2a ed       	ldi	r18, 0xDA	; 218
    454e:	3f e0       	ldi	r19, 0x0F	; 15
    4550:	49 ec       	ldi	r20, 0xC9	; 201
    4552:	5f eb       	ldi	r21, 0xBF	; 191
    4554:	5d dd       	rcall	.-1350   	; 0x4010 <__addsf3x>

00004556 <.L__fp_sinus_round_remainder>:
    4556:	a9 de       	rcall	.-686    	; 0x42aa <__fp_round>
    4558:	0f 90       	pop	r0
    455a:	03 94       	inc	r0
    455c:	01 fc       	sbrc	r0, 1
    455e:	90 58       	subi	r25, 0x80	; 128
    4560:	e0 e5       	ldi	r30, 0x50	; 80
    4562:	fa e4       	ldi	r31, 0x4A	; 74
    4564:	b6 cf       	rjmp	.-148    	; 0x44d2 <__fp_powsodd>

00004566 <sinf>:
    4566:	9f 93       	push	r25
    4568:	c5 df       	rcall	.-118    	; 0x44f4 <__fp_rempio2>
    456a:	0f 90       	pop	r0
    456c:	07 fc       	sbrc	r0, 7
    456e:	ee 5f       	subi	r30, 0xFE	; 254
    4570:	e9 cf       	rjmp	.-46     	; 0x4544 <__fp_sinus>

00004572 <cosf>:
    4572:	c0 df       	rcall	.-128    	; 0x44f4 <__fp_rempio2>
    4574:	e3 95       	inc	r30
    4576:	e6 cf       	rjmp	.-52     	; 0x4544 <__fp_sinus>

00004578 <atanf>:
    4578:	df 93       	push	r29
    457a:	dd 27       	eor	r29, r29
    457c:	b9 2f       	mov	r27, r25
    457e:	bf 77       	andi	r27, 0x7F	; 127
    4580:	40 e8       	ldi	r20, 0x80	; 128
    4582:	5f e3       	ldi	r21, 0x3F	; 63
    4584:	26 16       	cp	r2, r22
    4586:	27 06       	cpc	r2, r23
    4588:	48 07       	cpc	r20, r24
    458a:	5b 07       	cpc	r21, r27
    458c:	10 f4       	brcc	.+4      	; 0x4592 <.Latanf_reduced>
    458e:	d9 2f       	mov	r29, r25
    4590:	74 df       	rcall	.-280    	; 0x447a <__inversef>

00004592 <.Latanf_reduced>:
    4592:	9f 93       	push	r25
    4594:	8f 93       	push	r24
    4596:	7f 93       	push	r23
    4598:	6f 93       	push	r22
    459a:	6c df       	rcall	.-296    	; 0x4474 <squaref>
    459c:	ee e6       	ldi	r30, 0x6E	; 110
    459e:	fa e4       	ldi	r31, 0x4A	; 74
    45a0:	73 df       	rcall	.-282    	; 0x4488 <__fp_powser>
    45a2:	83 de       	rcall	.-762    	; 0x42aa <__fp_round>
    45a4:	2f 91       	pop	r18
    45a6:	3f 91       	pop	r19
    45a8:	4f 91       	pop	r20
    45aa:	5f 91       	pop	r21
    45ac:	c3 de       	rcall	.-634    	; 0x4334 <__mulsf3x>
    45ae:	dd 23       	and	r29, r29
    45b0:	49 f0       	breq	.+18     	; 0x45c4 <.Latanf_finish>
    45b2:	90 58       	subi	r25, 0x80	; 128
    45b4:	a2 ea       	ldi	r26, 0xA2	; 162
    45b6:	2a ed       	ldi	r18, 0xDA	; 218
    45b8:	3f e0       	ldi	r19, 0x0F	; 15
    45ba:	49 ec       	ldi	r20, 0xC9	; 201
    45bc:	5f e3       	ldi	r21, 0x3F	; 63
    45be:	d0 78       	andi	r29, 0x80	; 128
    45c0:	5d 27       	eor	r21, r29
    45c2:	26 dd       	rcall	.-1460   	; 0x4010 <__addsf3x>

000045c4 <.Latanf_finish>:
    45c4:	df 91       	pop	r29
    45c6:	71 ce       	rjmp	.-798    	; 0x42aa <__fp_round>

000045c8 <atan2f>:
    45c8:	e9 2f       	mov	r30, r25
    45ca:	e0 78       	andi	r30, 0x80	; 128
    45cc:	7f de       	rcall	.-770    	; 0x42cc <__fp_split3>
    45ce:	08 f4       	brcc	.+2      	; 0x45d2 <.Latan2f_operands_finite>
    45d0:	27 c0       	rjmp	.+78     	; 0x4620 <.Latan2f_nonfinite>

000045d2 <.Latan2f_operands_finite>:
    45d2:	09 2e       	mov	r0, r25
    45d4:	05 2a       	or	r0, r21
    45d6:	91 f1       	breq	.+100    	; 0x463c <.Latan2f_zero_result>

000045d8 <.Latan2f_compare_magnitudes>:
    45d8:	26 17       	cp	r18, r22
    45da:	37 07       	cpc	r19, r23
    45dc:	48 07       	cpc	r20, r24
    45de:	59 07       	cpc	r21, r25
    45e0:	38 f0       	brcs	.+14     	; 0x45f0 <.Latan2f_swap_operands>
    45e2:	0e 2e       	mov	r0, r30
    45e4:	07 f8       	bld	r0, 7
    45e6:	e0 25       	eor	r30, r0
    45e8:	69 f0       	breq	.+26     	; 0x4604 <.Latan2f_divide>
    45ea:	e0 25       	eor	r30, r0
    45ec:	e0 64       	ori	r30, 0x40	; 64
    45ee:	0a c0       	rjmp	.+20     	; 0x4604 <.Latan2f_divide>

000045f0 <.Latan2f_swap_operands>:
    45f0:	ef 63       	ori	r30, 0x3F	; 63
    45f2:	07 f8       	bld	r0, 7
    45f4:	00 94       	com	r0
    45f6:	07 fa       	bst	r0, 7
    45f8:	db 01       	movw	r26, r22
    45fa:	b9 01       	movw	r22, r18
    45fc:	9d 01       	movw	r18, r26
    45fe:	dc 01       	movw	r26, r24
    4600:	ca 01       	movw	r24, r20
    4602:	ad 01       	movw	r20, r26

00004604 <.Latan2f_divide>:
    4604:	ef 93       	push	r30
    4606:	65 dd       	rcall	.-1334   	; 0x40d2 <__divsf3_pse>
    4608:	50 de       	rcall	.-864    	; 0x42aa <__fp_round>
    460a:	b6 df       	rcall	.-148    	; 0x4578 <atanf>
    460c:	5f 91       	pop	r21
    460e:	55 23       	and	r21, r21
    4610:	31 f0       	breq	.+12     	; 0x461e <.Latan2f_return>
    4612:	2b ed       	ldi	r18, 0xDB	; 219
    4614:	3f e0       	ldi	r19, 0x0F	; 15
    4616:	49 e4       	ldi	r20, 0x49	; 73
    4618:	50 fd       	sbrc	r21, 0
    461a:	49 ec       	ldi	r20, 0xC9	; 201
    461c:	e8 cc       	rjmp	.-1584   	; 0x3fee <__addsf3>

0000461e <.Latan2f_return>:
    461e:	08 95       	ret

00004620 <.Latan2f_nonfinite>:
    4620:	36 de       	rcall	.-916    	; 0x428e <__fp_pscA>
    4622:	58 f0       	brcs	.+22     	; 0x463a <.Latan2f_nan_result>
    4624:	80 e8       	ldi	r24, 0x80	; 128
    4626:	91 e0       	ldi	r25, 0x01	; 1
    4628:	09 f4       	brne	.+2      	; 0x462c <.Latan2f_nonfinite_a_ready>
    462a:	9e ef       	ldi	r25, 0xFE	; 254

0000462c <.Latan2f_nonfinite_a_ready>:
    462c:	37 de       	rcall	.-914    	; 0x429c <__fp_pscB>
    462e:	28 f0       	brcs	.+10     	; 0x463a <.Latan2f_nan_result>
    4630:	40 e8       	ldi	r20, 0x80	; 128
    4632:	51 e0       	ldi	r21, 0x01	; 1
    4634:	89 f6       	brne	.-94     	; 0x45d8 <.Latan2f_compare_magnitudes>
    4636:	5e ef       	ldi	r21, 0xFE	; 254
    4638:	cf cf       	rjmp	.-98     	; 0x45d8 <.Latan2f_compare_magnitudes>

0000463a <.Latan2f_nan_result>:
    463a:	26 ce       	rjmp	.-948    	; 0x4288 <__fp_nan>

0000463c <.Latan2f_zero_result>:
    463c:	69 ce       	rjmp	.-814    	; 0x4310 <__fp_zero>

0000463e <tanf>:
    463e:	df 93       	push	r29
    4640:	d9 2f       	mov	r29, r25
    4642:	58 df       	rcall	.-336    	; 0x44f4 <__fp_rempio2>
    4644:	e6 95       	lsr	r30
    4646:	d7 95       	ror	r29
    4648:	2a ed       	ldi	r18, 0xDA	; 218
    464a:	3f e0       	ldi	r19, 0x0F	; 15
    464c:	49 e4       	ldi	r20, 0x49	; 73
    464e:	5f e3       	ldi	r21, 0x3F	; 63
    4650:	b3 3a       	cpi	r27, 0xA3	; 163
    4652:	62 07       	cpc	r22, r18
    4654:	73 07       	cpc	r23, r19
    4656:	84 07       	cpc	r24, r20
    4658:	95 07       	cpc	r25, r21
    465a:	d7 95       	ror	r29
    465c:	2a f0       	brmi	.+10     	; 0x4668 <.Ltanf_reduced>
    465e:	a2 ea       	ldi	r26, 0xA2	; 162
    4660:	49 ec       	ldi	r20, 0xC9	; 201
    4662:	90 68       	ori	r25, 0x80	; 128
    4664:	d5 dc       	rcall	.-1622   	; 0x4010 <__addsf3x>
    4666:	21 de       	rcall	.-958    	; 0x42aa <__fp_round>

00004668 <.Ltanf_reduced>:
    4668:	eb e9       	ldi	r30, 0x9B	; 155
    466a:	fa e4       	ldi	r31, 0x4A	; 74
    466c:	32 df       	rcall	.-412    	; 0x44d2 <__fp_powsodd>
    466e:	dd 0f       	add	r29, r29
    4670:	0b f0       	brvs	.+2      	; 0x4674 <.Ltanf_no_inverse>
    4672:	03 df       	rcall	.-506    	; 0x447a <__inversef>

00004674 <.Ltanf_no_inverse>:
    4674:	dd 0f       	add	r29, r29
    4676:	0b f4       	brvc	.+2      	; 0x467a <.Ltanf_restore_saved_register>
    4678:	90 58       	subi	r25, 0x80	; 128

0000467a <.Ltanf_restore_saved_register>:
    467a:	df 91       	pop	r29
    467c:	08 95       	ret

0000467e <modff>:
    467e:	fa 01       	movw	r30, r20
    4680:	dc 01       	movw	r26, r24
    4682:	aa 0f       	add	r26, r26
    4684:	bb 1f       	adc	r27, r27
    4686:	9b 01       	movw	r18, r22
    4688:	ac 01       	movw	r20, r24
    468a:	bf 57       	subi	r27, 0x7F	; 127
    468c:	28 f4       	brcc	.+10     	; 0x4698 <.Lmodff_has_integral_part>
    468e:	22 27       	eor	r18, r18
    4690:	33 27       	eor	r19, r19
    4692:	44 27       	eor	r20, r20
    4694:	50 78       	andi	r21, 0x80	; 128
    4696:	1f c0       	rjmp	.+62     	; 0x46d6 <.Lmodff_write_integral>

00004698 <.Lmodff_has_integral_part>:
    4698:	b7 51       	subi	r27, 0x17	; 23
    469a:	88 f4       	brcc	.+34     	; 0x46be <.Lmodff_large_or_nonfinite>
    469c:	ab 2f       	mov	r26, r27
    469e:	00 24       	eor	r0, r0

000046a0 <.Lmodff_scan_fraction>:
    46a0:	46 95       	lsr	r20
    46a2:	37 95       	ror	r19
    46a4:	27 95       	ror	r18
    46a6:	02 1c       	adc	r0, r2
    46a8:	a3 95       	inc	r26
    46aa:	d2 f3       	brmi	.-12     	; 0x46a0 <.Lmodff_scan_fraction>
    46ac:	00 20       	and	r0, r0
    46ae:	69 f0       	breq	.+26     	; 0x46ca <.Lmodff_no_fraction>

000046b0 <.Lmodff_restore_integral>:
    46b0:	22 0f       	add	r18, r18
    46b2:	33 1f       	adc	r19, r19
    46b4:	44 1f       	adc	r20, r20
    46b6:	b3 95       	inc	r27
    46b8:	da f3       	brmi	.-10     	; 0x46b0 <.Lmodff_restore_integral>
    46ba:	0d d0       	rcall	.+26     	; 0x46d6 <.Lmodff_write_integral>
    46bc:	97 cc       	rjmp	.-1746   	; 0x3fec <__subsf3>

000046be <.Lmodff_large_or_nonfinite>:
    46be:	61 30       	cpi	r22, 0x01	; 1
    46c0:	72 05       	cpc	r23, r2
    46c2:	a0 e8       	ldi	r26, 0x80	; 128
    46c4:	8a 07       	cpc	r24, r26
    46c6:	b9 46       	sbci	r27, 0x69	; 105
    46c8:	30 f4       	brcc	.+12     	; 0x46d6 <.Lmodff_write_integral>

000046ca <.Lmodff_no_fraction>:
    46ca:	9b 01       	movw	r18, r22
    46cc:	ac 01       	movw	r20, r24
    46ce:	66 27       	eor	r22, r22
    46d0:	77 27       	eor	r23, r23
    46d2:	88 27       	eor	r24, r24
    46d4:	90 78       	andi	r25, 0x80	; 128

000046d6 <.Lmodff_write_integral>:
    46d6:	30 96       	adiw	r30, 0x00	; 0
    46d8:	21 f0       	breq	.+8      	; 0x46e2 <.Lmodff_return>
    46da:	20 83       	st	Z, r18
    46dc:	31 83       	std	Z+1, r19	; 0x01
    46de:	42 83       	std	Z+2, r20	; 0x02
    46e0:	53 83       	std	Z+3, r21	; 0x03

000046e2 <.Lmodff_return>:
    46e2:	08 95       	ret

000046e4 <ldexpf>:
    46e4:	fb dd       	rcall	.-1034   	; 0x42dc <__fp_splitA>
    46e6:	08 f4       	brcc	.+2      	; 0x46ea <.Lldexpf_finite>
    46e8:	c1 cd       	rjmp	.-1150   	; 0x426c <__fp_mpack>

000046ea <.Lldexpf_finite>:
    46ea:	99 23       	and	r25, r25
    46ec:	09 f4       	brne	.+2      	; 0x46f0 <.Lldexpf_add_exponent>
    46ee:	be cd       	rjmp	.-1156   	; 0x426c <__fp_mpack>

000046f0 <.Lldexpf_add_exponent>:
    46f0:	94 0f       	add	r25, r20
    46f2:	52 1d       	adc	r21, r2
    46f4:	0b f4       	brvc	.+2      	; 0x46f8 <.Lldexpf_check_low_exponent>
    46f6:	b4 cd       	rjmp	.-1176   	; 0x4260 <__fp_inf>

000046f8 <.Lldexpf_check_low_exponent>:
    46f8:	91 50       	subi	r25, 0x01	; 1
    46fa:	50 40       	sbci	r21, 0x00	; 0
    46fc:	9c f0       	brlt	.+38     	; 0x4724 <.Lldexpf_denormalize>
    46fe:	61 f0       	breq	.+24     	; 0x4718 <.Lldexpf_pack>

00004700 <.Lldexpf_normalize>:
    4700:	88 23       	and	r24, r24
    4702:	32 f0       	brmi	.+12     	; 0x4710 <.Lldexpf_check_overflow>
    4704:	66 0f       	add	r22, r22
    4706:	77 1f       	adc	r23, r23
    4708:	88 1f       	adc	r24, r24
    470a:	91 50       	subi	r25, 0x01	; 1
    470c:	50 40       	sbci	r21, 0x00	; 0
    470e:	c1 f7       	brne	.-16     	; 0x4700 <.Lldexpf_normalize>

00004710 <.Lldexpf_check_overflow>:
    4710:	9e 3f       	cpi	r25, 0xFE	; 254
    4712:	52 05       	cpc	r21, r2
    4714:	0c f0       	brlt	.+2      	; 0x4718 <.Lldexpf_pack>
    4716:	a4 cd       	rjmp	.-1208   	; 0x4260 <__fp_inf>

00004718 <.Lldexpf_pack>:
    4718:	88 0f       	add	r24, r24
    471a:	92 1d       	adc	r25, r2
    471c:	96 95       	lsr	r25
    471e:	87 95       	ror	r24
    4720:	97 f9       	bld	r25, 7
    4722:	08 95       	ret

00004724 <.Lldexpf_denormalize>:
    4724:	5f 3f       	cpi	r21, 0xFF	; 255
    4726:	a9 f4       	brne	.+42     	; 0x4752 <.Lldexpf_zero>
    4728:	98 3e       	cpi	r25, 0xE8	; 232
    472a:	98 f0       	brcs	.+38     	; 0x4752 <.Lldexpf_zero>
    472c:	bb 27       	eor	r27, r27

0000472e <.Lldexpf_denormalize_loop>:
    472e:	86 95       	lsr	r24
    4730:	77 95       	ror	r23
    4732:	67 95       	ror	r22
    4734:	b7 95       	ror	r27
    4736:	08 f4       	brcc	.+2      	; 0x473a <.Lldexpf_denormalize_no_sticky>
    4738:	b1 60       	ori	r27, 0x01	; 1

0000473a <.Lldexpf_denormalize_no_sticky>:
    473a:	93 95       	inc	r25
    473c:	c1 f7       	brne	.-16     	; 0x472e <.Lldexpf_denormalize_loop>
    473e:	bb 0f       	add	r27, r27
    4740:	58 f7       	brcc	.-42     	; 0x4718 <.Lldexpf_pack>
    4742:	11 f4       	brne	.+4      	; 0x4748 <.Lldexpf_round_up>
    4744:	60 ff       	sbrs	r22, 0
    4746:	e8 cf       	rjmp	.-48     	; 0x4718 <.Lldexpf_pack>

00004748 <.Lldexpf_round_up>:
    4748:	6f 5f       	subi	r22, 0xFF	; 255
    474a:	7f 4f       	sbci	r23, 0xFF	; 255
    474c:	8f 4f       	sbci	r24, 0xFF	; 255
    474e:	9f 4f       	sbci	r25, 0xFF	; 255
    4750:	e3 cf       	rjmp	.-58     	; 0x4718 <.Lldexpf_pack>

00004752 <.Lldexpf_zero>:
    4752:	df cd       	rjmp	.-1090   	; 0x4312 <__fp_szero>

00004754 <expf>:
    4754:	c3 dd       	rcall	.-1146   	; 0x42dc <__fp_splitA>
    4756:	28 f4       	brcc	.+10     	; 0x4762 <.Lexpf_finite>
    4758:	11 f4       	brne	.+4      	; 0x475e <.Lexpf_nan>
    475a:	16 f0       	brts	.+4      	; 0x4760 <.Lexpf_zero>
    475c:	81 cd       	rjmp	.-1278   	; 0x4260 <__fp_inf>

0000475e <.Lexpf_nan>:
    475e:	94 cd       	rjmp	.-1240   	; 0x4288 <__fp_nan>

00004760 <.Lexpf_zero>:
    4760:	d7 cd       	rjmp	.-1106   	; 0x4310 <__fp_zero>

00004762 <.Lexpf_finite>:
    4762:	96 38       	cpi	r25, 0x86	; 134
    4764:	10 f0       	brcs	.+4      	; 0x476a <.Lexpf_in_range>
    4766:	e6 f3       	brts	.-8      	; 0x4760 <.Lexpf_zero>
    4768:	7b cd       	rjmp	.-1290   	; 0x4260 <__fp_inf>

0000476a <.Lexpf_in_range>:
    476a:	07 f8       	bld	r0, 7
    476c:	0f 92       	push	r0
    476e:	e8 94       	clt
    4770:	2b e3       	ldi	r18, 0x3B	; 59
    4772:	3a ea       	ldi	r19, 0xAA	; 170
    4774:	48 eb       	ldi	r20, 0xB8	; 184
    4776:	5f e7       	ldi	r21, 0x7F	; 127
    4778:	df dd       	rcall	.-1090   	; 0x4338 <__mulsf3_pse>
    477a:	0f 92       	push	r0
    477c:	0f 92       	push	r0
    477e:	0f 92       	push	r0
    4780:	4d b7       	in	r20, 0x3d	; 61
    4782:	5e b7       	in	r21, 0x3e	; 62
    4784:	0f 92       	push	r0
    4786:	7b df       	rcall	.-266    	; 0x467e <modff>
    4788:	ee eb       	ldi	r30, 0xBE	; 190
    478a:	fa e4       	ldi	r31, 0x4A	; 74
    478c:	7d de       	rcall	.-774    	; 0x4488 <__fp_powser>
    478e:	4f 91       	pop	r20
    4790:	5f 91       	pop	r21
    4792:	ef 91       	pop	r30
    4794:	ff 91       	pop	r31
    4796:	e5 95       	asr	r30
    4798:	ee 1f       	adc	r30, r30
    479a:	ff 1f       	adc	r31, r31
    479c:	49 f0       	breq	.+18     	; 0x47b0 <.Lexpf_scale_ready>
    479e:	fe 57       	subi	r31, 0x7E	; 126
    47a0:	e0 68       	ori	r30, 0x80	; 128
    47a2:	44 27       	eor	r20, r20

000047a4 <.Lexpf_extract_integer_loop>:
    47a4:	ee 0f       	add	r30, r30
    47a6:	44 1f       	adc	r20, r20
    47a8:	fa 95       	dec	r31
    47aa:	e1 f7       	brne	.-8      	; 0x47a4 <.Lexpf_extract_integer_loop>
    47ac:	41 95       	neg	r20
    47ae:	55 0b       	sbc	r21, r21

000047b0 <.Lexpf_scale_ready>:
    47b0:	99 df       	rcall	.-206    	; 0x46e4 <ldexpf>
    47b2:	0f 90       	pop	r0
    47b4:	07 fc       	sbrc	r0, 7
    47b6:	08 95       	ret
    47b8:	60 ce       	rjmp	.-832    	; 0x447a <__inversef>

000047ba <log2f>:
    47ba:	90 dd       	rcall	.-1248   	; 0x42dc <__fp_splitA>
    47bc:	28 f4       	brcc	.+10     	; 0x47c8 <.Llog2f_finite>
    47be:	0e f0       	brts	.+2      	; 0x47c2 <.Llog2f_nan>
    47c0:	55 cd       	rjmp	.-1366   	; 0x426c <__fp_mpack>

000047c2 <.Llog2f_nan>:
    47c2:	62 cd       	rjmp	.-1340   	; 0x4288 <__fp_nan>

000047c4 <.Llog2f_negative_infinity>:
    47c4:	68 94       	set
    47c6:	4c cd       	rjmp	.-1384   	; 0x4260 <__fp_inf>

000047c8 <.Llog2f_finite>:
    47c8:	99 23       	and	r25, r25
    47ca:	e1 f3       	breq	.-8      	; 0x47c4 <.Llog2f_negative_infinity>
    47cc:	d6 f3       	brts	.-12     	; 0x47c2 <.Llog2f_nan>
    47ce:	df 93       	push	r29
    47d0:	cf 93       	push	r28
    47d2:	c9 2f       	mov	r28, r25
    47d4:	dd 27       	eor	r29, r29
    47d6:	88 23       	and	r24, r24
    47d8:	2a f0       	brmi	.+10     	; 0x47e4 <.Llog2f_mantissa_normalized>

000047da <.Llog2f_normalize_subnormal>:
    47da:	21 97       	sbiw	r28, 0x01	; 1
    47dc:	66 0f       	add	r22, r22
    47de:	77 1f       	adc	r23, r23
    47e0:	88 1f       	adc	r24, r24
    47e2:	da f7       	brpl	.-10     	; 0x47da <.Llog2f_normalize_subnormal>

000047e4 <.Llog2f_mantissa_normalized>:
    47e4:	20 e0       	ldi	r18, 0x00	; 0
    47e6:	30 e0       	ldi	r19, 0x00	; 0
    47e8:	40 e8       	ldi	r20, 0x80	; 128
    47ea:	5f eb       	ldi	r21, 0xBF	; 191
    47ec:	9f e3       	ldi	r25, 0x3F	; 63
    47ee:	80 3c       	cpi	r24, 0xC0	; 192
    47f0:	20 f4       	brcc	.+8      	; 0x47fa <.Llog2f_high_interval>
    47f2:	fd db       	rcall	.-2054   	; 0x3fee <__addsf3>
    47f4:	e6 ee       	ldi	r30, 0xE6	; 230
    47f6:	fa e4       	ldi	r31, 0x4A	; 74
    47f8:	05 c0       	rjmp	.+10     	; 0x4804 <.Llog2f_evaluate_polynomial>

000047fa <.Llog2f_high_interval>:
    47fa:	8f 77       	andi	r24, 0x7F	; 127
    47fc:	21 96       	adiw	r28, 0x01	; 1
    47fe:	f7 db       	rcall	.-2066   	; 0x3fee <__addsf3>
    4800:	e3 e1       	ldi	r30, 0x13	; 19
    4802:	fb e4       	ldi	r31, 0x4B	; 75

00004804 <.Llog2f_evaluate_polynomial>:
    4804:	41 de       	rcall	.-894    	; 0x4488 <__fp_powser>
    4806:	bf 93       	push	r27
    4808:	7f 93       	push	r23
    480a:	6f 93       	push	r22
    480c:	be 01       	movw	r22, r28
    480e:	ec 01       	movw	r28, r24
    4810:	6f 57       	subi	r22, 0x7F	; 127
    4812:	70 40       	sbci	r23, 0x00	; 0
    4814:	77 1f       	adc	r23, r23
    4816:	88 0b       	sbc	r24, r24
    4818:	99 0b       	sbc	r25, r25
    481a:	77 95       	ror	r23
    481c:	e6 dc       	rcall	.-1588   	; 0x41ea <__floatsisf>
    481e:	2f 91       	pop	r18
    4820:	3f 91       	pop	r19
    4822:	af 91       	pop	r26
    4824:	ae 01       	movw	r20, r28
    4826:	cf 91       	pop	r28
    4828:	df 91       	pop	r29
    482a:	bb 27       	eor	r27, r27
    482c:	f1 db       	rcall	.-2078   	; 0x4010 <__addsf3x>
    482e:	3d cd       	rjmp	.-1414   	; 0x42aa <__fp_round>

00004830 <logf>:
    4830:	c4 df       	rcall	.-120    	; 0x47ba <log2f>
    4832:	28 e1       	ldi	r18, 0x18	; 24
    4834:	32 e7       	ldi	r19, 0x72	; 114
    4836:	41 e3       	ldi	r20, 0x31	; 49
    4838:	5f e3       	ldi	r21, 0x3F	; 63
    483a:	71 cd       	rjmp	.-1310   	; 0x431e <__mulsf3>

0000483c <log10f>:
    483c:	be df       	rcall	.-132    	; 0x47ba <log2f>
    483e:	2b e9       	ldi	r18, 0x9B	; 155
    4840:	30 e2       	ldi	r19, 0x20	; 32
    4842:	4a e9       	ldi	r20, 0x9A	; 154
    4844:	5e e3       	ldi	r21, 0x3E	; 62
    4846:	6b cd       	rjmp	.-1322   	; 0x431e <__mulsf3>

00004848 <powf>:
    4848:	fa 01       	movw	r30, r20
    484a:	ee 0f       	add	r30, r30
    484c:	ff 1f       	adc	r31, r31
    484e:	30 96       	adiw	r30, 0x00	; 0
    4850:	22 05       	cpc	r18, r2
    4852:	32 05       	cpc	r19, r2
    4854:	99 f1       	breq	.+102    	; 0x48bc <.Lpowf_return_one>
    4856:	62 15       	cp	r22, r2
    4858:	72 05       	cpc	r23, r2
    485a:	61 f4       	brne	.+24     	; 0x4874 <.Lpowf_check_sign>
    485c:	80 38       	cpi	r24, 0x80	; 128
    485e:	bf e3       	ldi	r27, 0x3F	; 63
    4860:	9b 07       	cpc	r25, r27
    4862:	49 f1       	breq	.+82     	; 0x48b6 <.Lpowf_return>
    4864:	68 94       	set
    4866:	90 38       	cpi	r25, 0x80	; 128
    4868:	82 05       	cpc	r24, r2
    486a:	61 f0       	breq	.+24     	; 0x4884 <.Lpowf_integer_exponent_check>
    486c:	80 38       	cpi	r24, 0x80	; 128
    486e:	bf ef       	ldi	r27, 0xFF	; 255
    4870:	9b 07       	cpc	r25, r27
    4872:	41 f0       	breq	.+16     	; 0x4884 <.Lpowf_integer_exponent_check>

00004874 <.Lpowf_check_sign>:
    4874:	99 23       	and	r25, r25
    4876:	42 f5       	brpl	.+80     	; 0x48c8 <.Lpowf_compute>
    4878:	ff 3f       	cpi	r31, 0xFF	; 255
    487a:	e2 05       	cpc	r30, r2
    487c:	32 05       	cpc	r19, r2
    487e:	22 05       	cpc	r18, r2
    4880:	11 f1       	breq	.+68     	; 0x48c6 <.Lpowf_replace_infinite_exponent>
    4882:	e8 94       	clt

00004884 <.Lpowf_integer_exponent_check>:
    4884:	08 94       	sec
    4886:	e7 95       	ror	r30
    4888:	d9 01       	movw	r26, r18

0000488a <.Lpowf_find_low_nonzero_byte>:
    488a:	aa 23       	and	r26, r26
    488c:	29 f4       	brne	.+10     	; 0x4898 <.Lpowf_find_low_nonzero_bit>
    488e:	ab 2f       	mov	r26, r27
    4890:	be 2f       	mov	r27, r30
    4892:	f8 5f       	subi	r31, 0xF8	; 248
    4894:	d0 f3       	brcs	.-12     	; 0x488a <.Lpowf_find_low_nonzero_byte>
    4896:	10 c0       	rjmp	.+32     	; 0x48b8 <.Lpowf_nonintegral_exponent>

00004898 <.Lpowf_find_low_nonzero_bit>:
    4898:	ff 5f       	subi	r31, 0xFF	; 255
    489a:	70 f4       	brcc	.+28     	; 0x48b8 <.Lpowf_nonintegral_exponent>
    489c:	a6 95       	lsr	r26
    489e:	e0 f7       	brcc	.-8      	; 0x4898 <.Lpowf_find_low_nonzero_bit>
    48a0:	f7 39       	cpi	r31, 0x97	; 151
    48a2:	50 f0       	brcs	.+20     	; 0x48b8 <.Lpowf_nonintegral_exponent>
    48a4:	19 f0       	breq	.+6      	; 0x48ac <.Lpowf_odd_integer_exponent>
    48a6:	ff 3a       	cpi	r31, 0xAF	; 175
    48a8:	38 f4       	brcc	.+14     	; 0x48b8 <.Lpowf_nonintegral_exponent>
    48aa:	9f 77       	andi	r25, 0x7F	; 127

000048ac <.Lpowf_odd_integer_exponent>:
    48ac:	9f 93       	push	r25
    48ae:	0c d0       	rcall	.+24     	; 0x48c8 <.Lpowf_compute>
    48b0:	0f 90       	pop	r0
    48b2:	07 fc       	sbrc	r0, 7
    48b4:	90 58       	subi	r25, 0x80	; 128

000048b6 <.Lpowf_return>:
    48b6:	08 95       	ret

000048b8 <.Lpowf_nonintegral_exponent>:
    48b8:	3e f0       	brts	.+14     	; 0x48c8 <.Lpowf_compute>
    48ba:	e6 cc       	rjmp	.-1588   	; 0x4288 <__fp_nan>

000048bc <.Lpowf_return_one>:
    48bc:	60 e0       	ldi	r22, 0x00	; 0
    48be:	70 e0       	ldi	r23, 0x00	; 0
    48c0:	80 e8       	ldi	r24, 0x80	; 128
    48c2:	9f e3       	ldi	r25, 0x3F	; 63
    48c4:	08 95       	ret

000048c6 <.Lpowf_replace_infinite_exponent>:
    48c6:	4f e7       	ldi	r20, 0x7F	; 127

000048c8 <.Lpowf_compute>:
    48c8:	9f 77       	andi	r25, 0x7F	; 127
    48ca:	5f 93       	push	r21
    48cc:	4f 93       	push	r20
    48ce:	3f 93       	push	r19
    48d0:	2f 93       	push	r18
    48d2:	ae df       	rcall	.-164    	; 0x4830 <logf>
    48d4:	2f 91       	pop	r18
    48d6:	3f 91       	pop	r19
    48d8:	4f 91       	pop	r20
    48da:	5f 91       	pop	r21
    48dc:	20 dd       	rcall	.-1472   	; 0x431e <__mulsf3>
    48de:	3a cf       	rjmp	.-396    	; 0x4754 <expf>

000048e0 <hypotf>:
    48e0:	9f 77       	andi	r25, 0x7F	; 127
    48e2:	5f 77       	andi	r21, 0x7F	; 127
    48e4:	f3 dc       	rcall	.-1562   	; 0x42cc <__fp_split3>
    48e6:	08 f4       	brcc	.+2      	; 0x48ea <.Lhypotf_finite>
    48e8:	5b c0       	rjmp	.+182    	; 0x49a0 <.Lhypotf_nonfinite>

000048ea <.Lhypotf_finite>:
    48ea:	99 23       	and	r25, r25
    48ec:	09 f4       	brne	.+2      	; 0x48f0 <.Lhypotf_a_nonzero>
    48ee:	55 c0       	rjmp	.+170    	; 0x499a <.Lhypotf_return_b>

000048f0 <.Lhypotf_a_nonzero>:
    48f0:	55 23       	and	r21, r21
    48f2:	09 f4       	brne	.+2      	; 0x48f6 <.Lhypotf_b_nonzero>
    48f4:	54 c0       	rjmp	.+168    	; 0x499e <.Lhypotf_return_a>

000048f6 <.Lhypotf_b_nonzero>:
    48f6:	ff 27       	eor	r31, r31
    48f8:	95 17       	cp	r25, r21
    48fa:	60 f4       	brcc	.+24     	; 0x4914 <.Lhypotf_a_exponent_larger>
    48fc:	e5 2f       	mov	r30, r21
    48fe:	e9 1b       	sub	r30, r25
    4900:	ed 30       	cpi	r30, 0x0D	; 13
    4902:	08 f0       	brcs	.+2      	; 0x4906 <.Lhypotf_a_relevant>
    4904:	4a c0       	rjmp	.+148    	; 0x499a <.Lhypotf_return_b>

00004906 <.Lhypotf_a_relevant>:
    4906:	5e 3b       	cpi	r21, 0xBE	; 190
    4908:	10 f0       	brcs	.+4      	; 0x490e <.Lhypotf_a_small_check>
    490a:	f1 e4       	ldi	r31, 0x41	; 65
    490c:	1d c0       	rjmp	.+58     	; 0x4948 <.Lhypotf_scale>

0000490e <.Lhypotf_a_small_check>:
    490e:	90 34       	cpi	r25, 0x40	; 64
    4910:	e8 f4       	brcc	.+58     	; 0x494c <.Lhypotf_scale_ready>
    4912:	0b c0       	rjmp	.+22     	; 0x492a <.Lhypotf_normalize_subnormals>

00004914 <.Lhypotf_a_exponent_larger>:
    4914:	e9 2f       	mov	r30, r25
    4916:	e5 1b       	sub	r30, r21
    4918:	ed 30       	cpi	r30, 0x0D	; 13
    491a:	08 f0       	brcs	.+2      	; 0x491e <.Lhypotf_b_relevant>
    491c:	40 c0       	rjmp	.+128    	; 0x499e <.Lhypotf_return_a>

0000491e <.Lhypotf_b_relevant>:
    491e:	9e 3b       	cpi	r25, 0xBE	; 190
    4920:	10 f0       	brcs	.+4      	; 0x4926 <.Lhypotf_b_small_check>
    4922:	f1 e4       	ldi	r31, 0x41	; 65
    4924:	11 c0       	rjmp	.+34     	; 0x4948 <.Lhypotf_scale>

00004926 <.Lhypotf_b_small_check>:
    4926:	50 34       	cpi	r21, 0x40	; 64
    4928:	88 f4       	brcc	.+34     	; 0x494c <.Lhypotf_scale_ready>

0000492a <.Lhypotf_normalize_subnormals>:
    492a:	f9 ea       	ldi	r31, 0xA9	; 169
    492c:	88 23       	and	r24, r24
    492e:	2a f0       	brmi	.+10     	; 0x493a <.Lhypotf_normalize_b>

00004930 <.Lhypotf_normalize_a>:
    4930:	9a 95       	dec	r25
    4932:	66 0f       	add	r22, r22
    4934:	77 1f       	adc	r23, r23
    4936:	88 1f       	adc	r24, r24
    4938:	da f7       	brpl	.-10     	; 0x4930 <.Lhypotf_normalize_a>

0000493a <.Lhypotf_normalize_b>:
    493a:	44 23       	and	r20, r20
    493c:	2a f0       	brmi	.+10     	; 0x4948 <.Lhypotf_scale>

0000493e <.Lhypotf_normalize_b_loop>:
    493e:	5a 95       	dec	r21
    4940:	22 0f       	add	r18, r18
    4942:	33 1f       	adc	r19, r19
    4944:	44 1f       	adc	r20, r20
    4946:	da f7       	brpl	.-10     	; 0x493e <.Lhypotf_normalize_b_loop>

00004948 <.Lhypotf_scale>:
    4948:	9f 1b       	sub	r25, r31
    494a:	5f 1b       	sub	r21, r31

0000494c <.Lhypotf_scale_ready>:
    494c:	ff 93       	push	r31
    494e:	1f 93       	push	r17
    4950:	0f 93       	push	r16
    4952:	ff 92       	push	r15
    4954:	ef 92       	push	r14
    4956:	79 01       	movw	r14, r18
    4958:	8a 01       	movw	r16, r20
    495a:	bb 27       	eor	r27, r27
    495c:	ab 2f       	mov	r26, r27
    495e:	9b 01       	movw	r18, r22
    4960:	ac 01       	movw	r20, r24
    4962:	ea dc       	rcall	.-1580   	; 0x4338 <__mulsf3_pse>
    4964:	97 01       	movw	r18, r14
    4966:	a8 01       	movw	r20, r16
    4968:	bf 93       	push	r27
    496a:	7b 01       	movw	r14, r22
    496c:	8c 01       	movw	r16, r24
    496e:	aa 27       	eor	r26, r26
    4970:	ba 2f       	mov	r27, r26
    4972:	b9 01       	movw	r22, r18
    4974:	ca 01       	movw	r24, r20
    4976:	e0 dc       	rcall	.-1600   	; 0x4338 <__mulsf3_pse>
    4978:	af 91       	pop	r26
    497a:	97 01       	movw	r18, r14
    497c:	a8 01       	movw	r20, r16
    497e:	ef 90       	pop	r14
    4980:	ff 90       	pop	r15
    4982:	0f 91       	pop	r16
    4984:	1f 91       	pop	r17
    4986:	44 db       	rcall	.-2424   	; 0x4010 <__addsf3x>
    4988:	90 dc       	rcall	.-1760   	; 0x42aa <__fp_round>
    498a:	2e dd       	rcall	.-1444   	; 0x43e8 <sqrt>
    498c:	4f 91       	pop	r20
    498e:	40 ff       	sbrs	r20, 0
    4990:	08 95       	ret
    4992:	55 27       	eor	r21, r21
    4994:	47 fd       	sbrc	r20, 7
    4996:	50 95       	com	r21
    4998:	a5 ce       	rjmp	.-694    	; 0x46e4 <ldexpf>

0000499a <.Lhypotf_return_b>:
    499a:	b9 01       	movw	r22, r18
    499c:	ca 01       	movw	r24, r20

0000499e <.Lhypotf_return_a>:
    499e:	66 cc       	rjmp	.-1844   	; 0x426c <__fp_mpack>

000049a0 <.Lhypotf_nonfinite>:
    49a0:	76 dc       	rcall	.-1812   	; 0x428e <__fp_pscA>
    49a2:	19 f0       	breq	.+6      	; 0x49aa <.Lhypotf_infinity>
    49a4:	7b dc       	rcall	.-1802   	; 0x429c <__fp_pscB>
    49a6:	09 f0       	breq	.+2      	; 0x49aa <.Lhypotf_infinity>
    49a8:	6f cc       	rjmp	.-1826   	; 0x4288 <__fp_nan>

000049aa <.Lhypotf_infinity>:
    49aa:	5a cc       	rjmp	.-1868   	; 0x4260 <__fp_inf>

000049ac <fmodf>:
    49ac:	e9 2f       	mov	r30, r25
    49ae:	8e dc       	rcall	.-1764   	; 0x42cc <__fp_split3>
    49b0:	08 f4       	brcc	.+2      	; 0x49b4 <.Lfmodf_finite>
    49b2:	46 c0       	rjmp	.+140    	; 0x4a40 <.Lfmodf_nonfinite>

000049b4 <.Lfmodf_finite>:
    49b4:	55 23       	and	r21, r21
    49b6:	09 f4       	brne	.+2      	; 0x49ba <.Lfmodf_compare_magnitudes>
    49b8:	49 c0       	rjmp	.+146    	; 0x4a4c <.Lfmodf_nan>

000049ba <.Lfmodf_compare_magnitudes>:
    49ba:	e7 fb       	bst	r30, 7
    49bc:	62 17       	cp	r22, r18
    49be:	73 07       	cpc	r23, r19
    49c0:	84 07       	cpc	r24, r20
    49c2:	95 07       	cpc	r25, r21
    49c4:	b0 f1       	brcs	.+108    	; 0x4a32 <.Lfmodf_pack>
    49c6:	09 f4       	brne	.+2      	; 0x49ca <.Lfmodf_magnitudes_differ>
    49c8:	42 c0       	rjmp	.+132    	; 0x4a4e <.Lfmodf_signed_zero>

000049ca <.Lfmodf_magnitudes_differ>:
    49ca:	e9 2f       	mov	r30, r25
    49cc:	ff 27       	eor	r31, r31
    49ce:	88 23       	and	r24, r24
    49d0:	2a f0       	brmi	.+10     	; 0x49dc <.Lfmodf_a_normalized>

000049d2 <.Lfmodf_normalize_a>:
    49d2:	31 97       	sbiw	r30, 0x01	; 1
    49d4:	66 0f       	add	r22, r22
    49d6:	77 1f       	adc	r23, r23
    49d8:	88 1f       	adc	r24, r24
    49da:	da f7       	brpl	.-10     	; 0x49d2 <.Lfmodf_normalize_a>

000049dc <.Lfmodf_a_normalized>:
    49dc:	95 2f       	mov	r25, r21
    49de:	55 27       	eor	r21, r21
    49e0:	44 23       	and	r20, r20
    49e2:	32 f0       	brmi	.+12     	; 0x49f0 <.Lfmodf_b_normalized>

000049e4 <.Lfmodf_normalize_b>:
    49e4:	91 50       	subi	r25, 0x01	; 1
    49e6:	50 40       	sbci	r21, 0x00	; 0
    49e8:	22 0f       	add	r18, r18
    49ea:	33 1f       	adc	r19, r19
    49ec:	44 1f       	adc	r20, r20
    49ee:	d2 f7       	brpl	.-12     	; 0x49e4 <.Lfmodf_normalize_b>

000049f0 <.Lfmodf_b_normalized>:
    49f0:	bb 27       	eor	r27, r27
    49f2:	e9 1b       	sub	r30, r25
    49f4:	f5 0b       	sbc	r31, r21

000049f6 <.Lfmodf_remainder_loop>:
    49f6:	62 1b       	sub	r22, r18
    49f8:	73 0b       	sbc	r23, r19
    49fa:	84 0b       	sbc	r24, r20
    49fc:	b2 09       	sbc	r27, r2
    49fe:	39 f1       	breq	.+78     	; 0x4a4e <.Lfmodf_signed_zero>
    4a00:	22 f4       	brpl	.+8      	; 0x4a0a <.Lfmodf_subtraction_kept>
    4a02:	62 0f       	add	r22, r18
    4a04:	73 1f       	adc	r23, r19
    4a06:	84 1f       	adc	r24, r20
    4a08:	b2 1d       	adc	r27, r2

00004a0a <.Lfmodf_subtraction_kept>:
    4a0a:	31 97       	sbiw	r30, 0x01	; 1
    4a0c:	2a f0       	brmi	.+10     	; 0x4a18 <.Lfmodf_prepare_pack>
    4a0e:	66 0f       	add	r22, r22
    4a10:	77 1f       	adc	r23, r23
    4a12:	88 1f       	adc	r24, r24
    4a14:	bb 1f       	adc	r27, r27
    4a16:	ef cf       	rjmp	.-34     	; 0x49f6 <.Lfmodf_remainder_loop>

00004a18 <.Lfmodf_prepare_pack>:
    4a18:	91 50       	subi	r25, 0x01	; 1
    4a1a:	50 40       	sbci	r21, 0x00	; 0
    4a1c:	5a f0       	brmi	.+22     	; 0x4a34 <.Lfmodf_denormalize>
    4a1e:	41 f0       	breq	.+16     	; 0x4a30 <.Lfmodf_pack_normal>

00004a20 <.Lfmodf_renormalize>:
    4a20:	88 23       	and	r24, r24
    4a22:	32 f0       	brmi	.+12     	; 0x4a30 <.Lfmodf_pack_normal>
    4a24:	66 0f       	add	r22, r22
    4a26:	77 1f       	adc	r23, r23
    4a28:	88 1f       	adc	r24, r24
    4a2a:	91 50       	subi	r25, 0x01	; 1
    4a2c:	50 40       	sbci	r21, 0x00	; 0
    4a2e:	c1 f7       	brne	.-16     	; 0x4a20 <.Lfmodf_renormalize>

00004a30 <.Lfmodf_pack_normal>:
    4a30:	93 95       	inc	r25

00004a32 <.Lfmodf_pack>:
    4a32:	1c cc       	rjmp	.-1992   	; 0x426c <__fp_mpack>

00004a34 <.Lfmodf_denormalize>:
    4a34:	86 95       	lsr	r24
    4a36:	77 95       	ror	r23
    4a38:	67 95       	ror	r22
    4a3a:	9f 5f       	subi	r25, 0xFF	; 255
    4a3c:	d9 f7       	brne	.-10     	; 0x4a34 <.Lfmodf_denormalize>
    4a3e:	f8 cf       	rjmp	.-16     	; 0x4a30 <.Lfmodf_pack_normal>

00004a40 <.Lfmodf_nonfinite>:
    4a40:	26 dc       	rcall	.-1972   	; 0x428e <__fp_pscA>
    4a42:	20 f0       	brcs	.+8      	; 0x4a4c <.Lfmodf_nan>
    4a44:	19 f0       	breq	.+6      	; 0x4a4c <.Lfmodf_nan>
    4a46:	2a dc       	rcall	.-1964   	; 0x429c <__fp_pscB>
    4a48:	08 f0       	brcs	.+2      	; 0x4a4c <.Lfmodf_nan>
    4a4a:	b7 cf       	rjmp	.-146    	; 0x49ba <.Lfmodf_compare_magnitudes>

00004a4c <.Lfmodf_nan>:
    4a4c:	1d cc       	rjmp	.-1990   	; 0x4288 <__fp_nan>

00004a4e <.Lfmodf_signed_zero>:
    4a4e:	61 cc       	rjmp	.-1854   	; 0x4312 <__fp_szero>

00004a50 <sinf_coefficients>:
    4a50:	05 a8       	ldd	r0, Z+53	; 0x35
    4a52:	4c cd       	rjmp	.-1384   	; 0x44ec <__fp_powsodd+0x1a>
    4a54:	b2 d4       	rcall	.+2404   	; 0x53ba <.L1^B14+0x1a>
    4a56:	4e b9       	out	0x0e, r20	; 14
    4a58:	38 36       	cpi	r19, 0x68	; 104
    4a5a:	a9 02       	muls	r26, r25
    4a5c:	0c 50       	subi	r16, 0x0C	; 12
    4a5e:	b9 91       	ld	r27, Y+
    4a60:	86 88       	ldd	r8, Z+22	; 0x16
    4a62:	08 3c       	cpi	r16, 0xC8	; 200
    4a64:	a6 aa       	std	Z+54, r10	; 0x36
    4a66:	aa 2a       	or	r10, r26
    4a68:	be 00       	.word	0x00be	; ????
    4a6a:	00 00       	nop
    4a6c:	80 3f       	cpi	r24, 0xF0	; 240

00004a6e <atanf_coefficients>:
    4a6e:	08 4a       	sbci	r16, 0xA8	; 168
    4a70:	d7 3b       	cpi	r29, 0xB7	; 183
    4a72:	3b ce       	rjmp	.-906    	; 0x46ea <.Lldexpf_finite>
    4a74:	01 6e       	ori	r16, 0xE1	; 225
    4a76:	84 bc       	out	0x24, r8	; 36
    4a78:	bf fd       	.word	0xfdbf	; ????
    4a7a:	c1 2f       	mov	r28, r17
    4a7c:	3d 6c       	ori	r19, 0xCD	; 205
    4a7e:	74 31       	cpi	r23, 0x14	; 20
    4a80:	9a bd       	out	0x2a, r25	; 42
    4a82:	56 83       	std	Z+6, r21	; 0x06
    4a84:	3d da       	rcall	.-2950   	; 0x3f00 <ff_bridge_marshal_r16_u+0x6>
    4a86:	3d 00       	.word	0x003d	; ????
    4a88:	c7 7f       	andi	r28, 0xF7	; 247
    4a8a:	11 be       	out	0x31, r1	; 49
    4a8c:	d9 e4       	ldi	r29, 0x49	; 73
    4a8e:	bb 4c       	sbci	r27, 0xCB	; 203
    4a90:	3e 91       	ld	r19, -X
    4a92:	6b aa       	std	Y+51, r6	; 0x33
    4a94:	aa be       	out	0x3a, r10	; 58
    4a96:	00 00       	nop
    4a98:	00 80       	ld	r0, Z
    4a9a:	3f        	cpc	r3, r31

00004a9b <tanf_coefficients>:
    4a9b:	06 64       	ori	r16, 0x46	; 70
    4a9d:	ec 1b       	sub	r30, r28
    4a9f:	3c 04       	cpc	r3, r12
    4aa1:	bc 16       	cp	r11, r28
    4aa3:	3e 3b       	cpi	r19, 0xBE	; 190
    4aa5:	e5 b9       	out	0x05, r30	; 5
    4aa7:	3c c9       	rjmp	.-3464   	; 0x3d21 <.Lff_direct_round_high_mode_increment+0x1>
    4aa9:	3c 37       	cpi	r19, 0x7C	; 124
    4aab:	c2 9e       	mul	r12, r18
    4aad:	5a 3d       	cpi	r21, 0xDA	; 218
    4aaf:	66 04       	cpc	r6, r6
    4ab1:	98 08       	sbc	r9, r8
    4ab3:	3e ea       	ldi	r19, 0xAE	; 174
    4ab5:	69 aa       	std	Y+49, r6	; 0x31
    4ab7:	aa 3e       	cpi	r26, 0xEA	; 234
    4ab9:	00 00       	nop
    4abb:	00 80       	ld	r0, Z
    4abd:	3f        	cpc	r19, r31

00004abe <expf_coefficients>:
    4abe:	07 63       	ori	r16, 0x37	; 55
    4ac0:	42 36       	cpi	r20, 0x62	; 98
    4ac2:	b7 9b       	sbis	0x16, 7	; 22
    4ac4:	d8 a7       	std	Y+40, r29	; 0x28
    4ac6:	1a 39       	cpi	r17, 0x9A	; 154
    4ac8:	68 56       	subi	r22, 0x68	; 104
    4aca:	18 ae       	std	Y+56, r1	; 0x38
    4acc:	ba ab       	std	Y+50, r27	; 0x32
    4ace:	55 8c       	ldd	r5, Z+29	; 0x1d
    4ad0:	1d 3c       	cpi	r17, 0xCD	; 205
    4ad2:	b7 cc       	rjmp	.-1682   	; 0x4442 <.L_sqrtf_rounding_loop+0xa>
    4ad4:	57 63       	ori	r21, 0x37	; 55
    4ad6:	bd 6d       	ori	r27, 0xDD	; 221
    4ad8:	ed fd       	.word	0xfded	; ????
    4ada:	75 3e       	cpi	r23, 0xE5	; 229
    4adc:	f6 17       	cp	r31, r22
    4ade:	72 31       	cpi	r23, 0x12	; 18
    4ae0:	bf 00       	.word	0x00bf	; ????
    4ae2:	00 00       	nop
    4ae4:	80 3f       	cpi	r24, 0xF0	; 240

00004ae6 <log2f_low_coefficients>:
    4ae6:	08 9c       	mul	r0, r8
    4ae8:	1a 22       	and	r1, r26
    4aea:	bd a0       	ldd	r11, Y+37	; 0x25
    4aec:	92 20       	and	r9, r2
    4aee:	00 3e       	cpi	r16, 0xE0	; 224
    4af0:	be cc       	rjmp	.-1668   	; 0x446e <__fp_norm2+0x8>
    4af2:	d5 58       	subi	r29, 0x85	; 133
    4af4:	be 94 de a0 	call	0x2d41bc	; 0x2d41bc <__TEXT_REGION_LENGTH__+0x2b41bc>
    4af8:	90 3e       	cpi	r25, 0xE0	; 224
    4afa:	a0 a5       	ldd	r26, Z+40	; 0x28
    4afc:	4b b8       	out	0x0b, r4	; 11
    4afe:	be 20       	and	r11, r14
    4b00:	a9 32       	cpi	r26, 0x29	; 41
    4b02:	f6 3e       	cpi	r31, 0xE6	; 230
    4b04:	80 2a       	or	r8, r16
    4b06:	aa 38       	cpi	r26, 0x8A	; 138
    4b08:	bf 22       	and	r11, r31
    4b0a:	3b aa       	std	Y+51, r3	; 0x33
    4b0c:	b8 3f       	cpi	r27, 0xF8	; 248
    4b0e:	00 00       	nop
    4b10:	00 00       	nop
    4b12:	00        	sbc	r0, r0

00004b13 <log2f_high_coefficients>:
    4b13:	08 3c       	cpi	r16, 0xC8	; 200
    4b15:	5b f7       	brvc	.-42     	; 0x4aed <log2f_low_coefficients+0x7>
    4b17:	be da       	rcall	.-2692   	; 0x4095 <.L__addsf3x_add_mantissas+0xb>
    4b19:	d7 aa       	std	Z+55, r13	; 0x37
    4b1b:	71 3d       	cpi	r23, 0xD1	; 209
    4b1d:	8c 77       	andi	r24, 0x7C	; 124
    4b1f:	86 8c       	ldd	r8, Z+30	; 0x1e
    4b21:	be 2e       	mov	r11, r30
    4b23:	ee 93       	st	-X, r30
    4b25:	91 3e       	cpi	r25, 0xE1	; 225
    4b27:	7a 9f       	mul	r23, r26
    4b29:	ce b8       	out	0x0e, r12	; 14
    4b2b:	be 10       	cpse	r11, r14
    4b2d:	24 37       	cpi	r18, 0x74	; 116
    4b2f:	f6 3e       	cpi	r31, 0xE6	; 230
    4b31:	fa 3c       	cpi	r31, 0xCA	; 202
    4b33:	aa 38       	cpi	r26, 0x8A	; 138
    4b35:	bf 28       	or	r11, r15
    4b37:	3b aa       	std	Y+51, r3	; 0x33
    4b39:	b8 3f       	cpi	r27, 0xF8	; 248
    4b3b:	00 00       	nop
    4b3d:	00 00       	nop
    4b3f:	00        	bld	r0, 0

00004b40 <avrlibm_embedded_end>:
    4b40:	f8 01       	movw	r30, r16
    4b42:	d9 01       	movw	r26, r18
    4b44:	ca 01       	movw	r24, r20
    4b46:	08 2e       	mov	r0, r24
    4b48:	09 2a       	or	r0, r25
    4b4a:	89 f1       	breq	.+98     	; 0x4bae <.Lsys_memcpy_done>
    4b4c:	ea 17       	cp	r30, r26
    4b4e:	fb 07       	cpc	r31, r27
    4b50:	71 f1       	breq	.+92     	; 0x4bae <.Lsys_memcpy_done>
    4b52:	f8 f0       	brcs	.+62     	; 0x4b92 <.Lsys_memcpy_loop>
    4b54:	0f 01       	movw	r0, r30
    4b56:	0a 1a       	sub	r0, r26
    4b58:	1b 0a       	sbc	r1, r27
    4b5a:	08 16       	cp	r0, r24
    4b5c:	19 06       	cpc	r1, r25
    4b5e:	c8 f4       	brcc	.+50     	; 0x4b92 <.Lsys_memcpy_loop>
    4b60:	a8 0f       	add	r26, r24
    4b62:	b9 1f       	adc	r27, r25
    4b64:	e8 0f       	add	r30, r24
    4b66:	f9 1f       	adc	r31, r25
    4b68:	80 fb       	bst	r24, 0
    4b6a:	96 95       	lsr	r25
    4b6c:	87 95       	ror	r24
    4b6e:	00 97       	sbiw	r24, 0x00	; 0
    4b70:	31 f0       	breq	.+12     	; 0x4b7e <.Lsys_memmove_backward_remainder>

00004b72 <.Lsys_memmove_backward_pairs>:
    4b72:	0e 90       	ld	r0, -X
    4b74:	02 92       	st	-Z, r0
    4b76:	0e 90       	ld	r0, -X
    4b78:	02 92       	st	-Z, r0
    4b7a:	01 97       	sbiw	r24, 0x01	; 1
    4b7c:	d1 f7       	brne	.-12     	; 0x4b72 <.Lsys_memmove_backward_pairs>

00004b7e <.Lsys_memmove_backward_remainder>:
    4b7e:	be f4       	brtc	.+46     	; 0x4bae <.Lsys_memcpy_done>
    4b80:	0e 90       	ld	r0, -X
    4b82:	02 92       	st	-Z, r0
    4b84:	14 c0       	rjmp	.+40     	; 0x4bae <.Lsys_memcpy_done>

00004b86 <sys_memcpy_impl>:
    4b86:	f8 01       	movw	r30, r16
    4b88:	d9 01       	movw	r26, r18
    4b8a:	ca 01       	movw	r24, r20
    4b8c:	18 2e       	mov	r1, r24
    4b8e:	19 2a       	or	r1, r25
    4b90:	71 f0       	breq	.+28     	; 0x4bae <.Lsys_memcpy_done>

00004b92 <.Lsys_memcpy_loop>:
    4b92:	80 fb       	bst	r24, 0
    4b94:	96 95       	lsr	r25
    4b96:	87 95       	ror	r24
    4b98:	00 97       	sbiw	r24, 0x00	; 0
    4b9a:	31 f0       	breq	.+12     	; 0x4ba8 <.Lsys_memcpy_remainder>

00004b9c <.Lsys_memcpy_pairs>:
    4b9c:	0d 90       	ld	r0, X+
    4b9e:	01 92       	st	Z+, r0
    4ba0:	0d 90       	ld	r0, X+
    4ba2:	01 92       	st	Z+, r0
    4ba4:	01 97       	sbiw	r24, 0x01	; 1
    4ba6:	d1 f7       	brne	.-12     	; 0x4b9c <.Lsys_memcpy_pairs>

00004ba8 <.Lsys_memcpy_remainder>:
    4ba8:	16 f4       	brtc	.+4      	; 0x4bae <.Lsys_memcpy_done>
    4baa:	0d 90       	ld	r0, X+
    4bac:	01 92       	st	Z+, r0

00004bae <.Lsys_memcpy_done>:
    4bae:	0c 94 d3 06 	jmp	0xda6	; 0xda6 <cluster_tail_18>

00004bb2 <sys_memcpy_p_impl>:
    4bb2:	02 c0       	rjmp	.+4      	; 0x4bb8 <.Lsys_memcpy_p_padding_done>
    4bb4:	00 00       	nop
    4bb6:	00 00       	nop

00004bb8 <.Lsys_memcpy_p_padding_done>:
    4bb8:	00 00       	nop
    4bba:	09 01       	movw	r0, r18
    4bbc:	b0 2d       	mov	r27, r0
    4bbe:	b1 29       	or	r27, r1
    4bc0:	51 f0       	breq	.+20     	; 0x4bd6 <.Lsys_memcpy_p_done>
    4bc2:	43 0c       	add	r4, r3
    4bc4:	52 1c       	adc	r5, r2
    4bc6:	62 1c       	adc	r6, r2
    4bc8:	f8 01       	movw	r30, r16
    4bca:	ca 01       	movw	r24, r20
    4bcc:	a6 2f       	mov	r26, r22
    4bce:	0e 94 e3 0a 	call	0x15c6	; 0x15c6 <f0_program_loads_end>
    4bd2:	0c 94 5c 09 	jmp	0x12b8	; 0x12b8 <seek_and_dispatch_func>

00004bd6 <.Lsys_memcpy_p_done>:
    4bd6:	0c 94 d3 06 	jmp	0xda6	; 0xda6 <cluster_tail_18>

00004bda <sys_memset_impl>:
    4bda:	f8 01       	movw	r30, r16
    4bdc:	ca 01       	movw	r24, r20
    4bde:	02 2e       	mov	r0, r18
    4be0:	18 2e       	mov	r1, r24
    4be2:	19 2a       	or	r1, r25
    4be4:	59 f0       	breq	.+22     	; 0x4bfc <.Lsys_memset_done>
    4be6:	80 fb       	bst	r24, 0
    4be8:	96 95       	lsr	r25
    4bea:	87 95       	ror	r24
    4bec:	00 97       	sbiw	r24, 0x00	; 0
    4bee:	21 f0       	breq	.+8      	; 0x4bf8 <.Lsys_memset_remainder>

00004bf0 <.Lsys_memset_pairs>:
    4bf0:	01 92       	st	Z+, r0
    4bf2:	01 92       	st	Z+, r0
    4bf4:	01 97       	sbiw	r24, 0x01	; 1
    4bf6:	e1 f7       	brne	.-8      	; 0x4bf0 <.Lsys_memset_pairs>

00004bf8 <.Lsys_memset_remainder>:
    4bf8:	0e f4       	brtc	.+2      	; 0x4bfc <.Lsys_memset_done>
    4bfa:	01 92       	st	Z+, r0

00004bfc <.Lsys_memset_done>:
    4bfc:	0c 94 d3 06 	jmp	0xda6	; 0xda6 <cluster_tail_18>

00004c00 <sys_set_sprite_impl>:
    4c00:	43 0c       	add	r4, r3
    4c02:	52 1c       	adc	r5, r2
    4c04:	62 1c       	adc	r6, r2
    4c06:	e9 e0       	ldi	r30, 0x09	; 9
    4c08:	fa e0       	ldi	r31, 0x0A	; 10
    4c0a:	c8 01       	movw	r24, r16
    4c0c:	02 96       	adiw	r24, 0x02	; 2
    4c0e:	81 93       	st	Z+, r24
    4c10:	91 93       	st	Z+, r25
    4c12:	82 2f       	mov	r24, r18
    4c14:	82 1d       	adc	r24, r2
    4c16:	81 93       	st	Z+, r24
    4c18:	c8 01       	movw	r24, r16
    4c1a:	a2 2f       	mov	r26, r18
    4c1c:	03 2c       	mov	r0, r3
    4c1e:	00 0c       	add	r0, r0
    4c20:	12 2c       	mov	r1, r2
    4c22:	0e 94 e3 0a 	call	0x15c6	; 0x15c6 <f0_program_loads_end>
    4c26:	0c 94 5d 09 	jmp	0x12ba	; 0x12ba <seek_and_dispatch_func_disabled>

00004c2a <sys_draw_cached_impl>:
    4c2a:	ba bd       	out	0x2a, r27	; 42
    4c2c:	43 0c       	add	r4, r3
    4c2e:	52 1c       	adc	r5, r2
    4c30:	62 1c       	adc	r6, r2
    4c32:	80 91 09 0a 	lds	r24, 0x0A09	; 0x800a09 <__DATA_REGION_ORIGIN__+0x9a9>
    4c36:	90 91 0a 0a 	lds	r25, 0x0A0A	; 0x800a0a <__DATA_REGION_ORIGIN__+0x9aa>
    4c3a:	a0 91 0b 0a 	lds	r26, 0x0A0B	; 0x800a0b <__DATA_REGION_ORIGIN__+0x9ab>
    4c3e:	00 90 0c 0a 	lds	r0, 0x0A0C	; 0x800a0c <_end>
    4c42:	10 90 0d 0a 	lds	r1, 0x0A0D	; 0x800a0d <_end+0x1>
    4c46:	0b bc       	out	0x2b, r0	; 43
    4c48:	59 9a       	sbi	0x0b, 1	; 11
    4c4a:	14 c0       	rjmp	.+40     	; 0x4c74 <.Lsys_sprite_header_ready>

00004c4c <sys_draw_sprite_header_impl>:
    4c4c:	ba bd       	out	0x2a, r27	; 42
    4c4e:	43 0c       	add	r4, r3
    4c50:	52 1c       	adc	r5, r2
    4c52:	62 1c       	adc	r6, r2
    4c54:	c6 01       	movw	r24, r12
    4c56:	ae 2d       	mov	r26, r14
    4c58:	59 9a       	sbi	0x0b, 1	; 11
    4c5a:	0e 94 fb 0a 	call	0x15f6	; 0x15f6 <fx_start_program_read_func>
    4c5e:	c8 d2       	rcall	.+1424   	; 0x51f0 <sprite_delay_12>
    4c60:	0e b4       	in	r0, 0x2e	; 46
    4c62:	2e bc       	out	0x2e, r2	; 46
    4c64:	c6 01       	movw	r24, r12
    4c66:	ae 2d       	mov	r26, r14
    4c68:	02 96       	adiw	r24, 0x02	; 2
    4c6a:	a2 1d       	adc	r26, r2
    4c6c:	0b bc       	out	0x2b, r0	; 43
    4c6e:	c2 d2       	rcall	.+1412   	; 0x51f4 <sprite_delay_10>
    4c70:	1e b4       	in	r1, 0x2e	; 46
    4c72:	59 9a       	sbi	0x0b, 1	; 11

00004c74 <.Lsys_sprite_header_ready>:
    4c74:	1f 92       	push	r1
    4c76:	eb b5       	in	r30, 0x2b	; 43
    4c78:	f1 2d       	mov	r31, r1
    4c7a:	fa 95       	dec	r31
    4c7c:	f6 95       	lsr	r31
    4c7e:	f6 95       	lsr	r31
    4c80:	f6 95       	lsr	r31
    4c82:	f3 95       	inc	r31
    4c84:	ef 9f       	mul	r30, r31
    4c86:	f0 01       	movw	r30, r0
    4c88:	ba b5       	in	r27, 0x2a	; 42
    4c8a:	b1 30       	cpi	r27, 0x01	; 1
    4c8c:	11 f4       	brne	.+4      	; 0x4c92 <.Lsys_sprite_stride_ready>
    4c8e:	ee 0f       	add	r30, r30
    4c90:	ff 1f       	adc	r31, r31

00004c92 <.Lsys_sprite_stride_ready>:
    4c92:	b4 2f       	mov	r27, r20
    4c94:	b5 2b       	or	r27, r21
    4c96:	71 f0       	breq	.+28     	; 0x4cb4 <.Lsys_sprite_frame_offset_done>
    4c98:	4e 9f       	mul	r20, r30
    4c9a:	80 0d       	add	r24, r0
    4c9c:	91 1d       	adc	r25, r1
    4c9e:	a2 1d       	adc	r26, r2
    4ca0:	4f 9f       	mul	r20, r31
    4ca2:	90 0d       	add	r25, r0
    4ca4:	a1 1d       	adc	r26, r1
    4ca6:	55 23       	and	r21, r21
    4ca8:	29 f0       	breq	.+10     	; 0x4cb4 <.Lsys_sprite_frame_offset_done>
    4caa:	5e 9f       	mul	r21, r30
    4cac:	90 0d       	add	r25, r0
    4cae:	a1 1d       	adc	r26, r1
    4cb0:	5f 9f       	mul	r21, r31
    4cb2:	a0 0d       	add	r26, r0

00004cb4 <.Lsys_sprite_frame_offset_done>:
    4cb4:	1f 90       	pop	r1
    4cb6:	0b b4       	in	r0, 0x2b	; 43
    4cb8:	ba b5       	in	r27, 0x2a	; 42
    4cba:	03 d0       	rcall	.+6      	; 0x4cc2 <draw_bitmap_seek_func>
    4cbc:	0c 94 5d 09 	jmp	0x12ba	; 0x12ba <seek_and_dispatch_func_disabled>

00004cc0 <.Lsprite_raw_reject>:
    4cc0:	08 95       	ret

00004cc2 <draw_bitmap_seek_func>:
    4cc2:	00 20       	and	r0, r0
    4cc4:	e9 f3       	breq	.-6      	; 0x4cc0 <.Lsprite_raw_reject>
    4cc6:	11 20       	and	r1, r1
    4cc8:	d9 f3       	breq	.-10     	; 0x4cc0 <.Lsprite_raw_reject>

00004cca <draw_bitmap_seek_nonempty_func>:
    4cca:	e8 94       	clt
    4ccc:	00 38       	cpi	r16, 0x80	; 128
    4cce:	12 05       	cpc	r17, r2
    4cd0:	bc f7       	brge	.-18     	; 0x4cc0 <.Lsprite_raw_reject>
    4cd2:	20 34       	cpi	r18, 0x40	; 64
    4cd4:	32 05       	cpc	r19, r2
    4cd6:	a4 f7       	brge	.-24     	; 0x4cc0 <.Lsprite_raw_reject>
    4cd8:	f8 01       	movw	r30, r16
    4cda:	e0 0d       	add	r30, r0
    4cdc:	f2 1d       	adc	r31, r2
    4cde:	2e 16       	cp	r2, r30
    4ce0:	2f 06       	cpc	r2, r31
    4ce2:	74 f7       	brge	.-36     	; 0x4cc0 <.Lsprite_raw_reject>
    4ce4:	f9 01       	movw	r30, r18
    4ce6:	e1 0d       	add	r30, r1
    4ce8:	f2 1d       	adc	r31, r2
    4cea:	2e 16       	cp	r2, r30
    4cec:	2f 06       	cpc	r2, r31
    4cee:	44 f7       	brge	.-48     	; 0x4cc0 <.Lsprite_raw_reject>

00004cf0 <draw_bitmap_seek_visible_text_func>:
    4cf0:	59 9a       	sbi	0x0b, 1	; 11
    4cf2:	e3 e0       	ldi	r30, 0x03	; 3
    4cf4:	59 98       	cbi	0x0b, 1	; 11
    4cf6:	ee bd       	out	0x2e, r30	; 46
    4cf8:	86 f0       	brts	.+32     	; 0x4d1a <.Lsprite_raw_registers_ready>
    4cfa:	8f 92       	push	r8
    4cfc:	9f 92       	push	r9
    4cfe:	af 92       	push	r10
    4d00:	bf 92       	push	r11
    4d02:	cf 92       	push	r12
    4d04:	df 92       	push	r13
    4d06:	ef 92       	push	r14
    4d08:	ff 92       	push	r15
    4d0a:	0f 93       	push	r16
    4d0c:	1f 93       	push	r17
    4d0e:	2f 93       	push	r18
    4d10:	3f 93       	push	r19
    4d12:	4f 93       	push	r20
    4d14:	5f 93       	push	r21
    4d16:	6f 93       	push	r22
    4d18:	7f 93       	push	r23

00004d1a <.Lsprite_raw_registers_ready>:
    4d1a:	80 2c       	mov	r8, r0
    4d1c:	91 2c       	mov	r9, r1
    4d1e:	ac 01       	movw	r20, r24
    4d20:	6a 2f       	mov	r22, r26
    4d22:	80 91 00 0a 	lds	r24, 0x0A00	; 0x800a00 <__DATA_REGION_ORIGIN__+0x9a0>
    4d26:	58 0f       	add	r21, r24
    4d28:	80 91 01 0a 	lds	r24, 0x0A01	; 0x800a01 <__DATA_REGION_ORIGIN__+0x9a1>
    4d2c:	68 1f       	adc	r22, r24
    4d2e:	db 2e       	mov	r13, r27
    4d30:	a8 2c       	mov	r10, r8
    4d32:	bb 24       	eor	r11, r11
    4d34:	8d 2d       	mov	r24, r13
    4d36:	81 30       	cpi	r24, 0x01	; 1
    4d38:	11 f4       	brne	.+4      	; 0x4d3e <.Lsprite_stride_ready>
    4d3a:	aa 0c       	add	r10, r10
    4d3c:	bb 1c       	adc	r11, r11

00004d3e <.Lsprite_stride_ready>:
    4d3e:	77 27       	eor	r23, r23
    4d40:	99 2d       	mov	r25, r9
    4d42:	96 95       	lsr	r25
    4d44:	96 95       	lsr	r25
    4d46:	96 95       	lsr	r25
    4d48:	89 2d       	mov	r24, r9
    4d4a:	87 70       	andi	r24, 0x07	; 7
    4d4c:	69 f0       	breq	.+26     	; 0x4d68 <.Lsprite_height_aligned>
    4d4e:	93 95       	inc	r25
    4d50:	dd 20       	and	r13, r13
    4d52:	51 f4       	brne	.+20     	; 0x4d68 <.Lsprite_height_aligned>
    4d54:	78 60       	ori	r23, 0x08	; 8
    4d56:	e1 e0       	ldi	r30, 0x01	; 1
    4d58:	81 fd       	sbrc	r24, 1
    4d5a:	e4 e0       	ldi	r30, 0x04	; 4
    4d5c:	80 fd       	sbrc	r24, 0
    4d5e:	ee 0f       	add	r30, r30
    4d60:	82 fd       	sbrc	r24, 2
    4d62:	e2 95       	swap	r30
    4d64:	ea 95       	dec	r30
    4d66:	01 c0       	rjmp	.+2      	; 0x4d6a <.Lsprite_final_mask_ready>

00004d68 <.Lsprite_height_aligned>:
    4d68:	ef ef       	ldi	r30, 0xFF	; 255

00004d6a <.Lsprite_final_mask_ready>:
    4d6a:	fe 2e       	mov	r15, r30
    4d6c:	c9 2e       	mov	r12, r25
    4d6e:	82 2f       	mov	r24, r18
    4d70:	35 95       	asr	r19
    4d72:	87 95       	ror	r24
    4d74:	85 95       	asr	r24
    4d76:	85 95       	asr	r24
    4d78:	92 2f       	mov	r25, r18
    4d7a:	97 70       	andi	r25, 0x07	; 7
    4d7c:	29 f0       	breq	.+10     	; 0x4d88 <.Lsprite_top_clip_aligned>
    4d7e:	8f 3f       	cpi	r24, 0xFF	; 255
    4d80:	8c f4       	brge	.+34     	; 0x4da4 <.Lsprite_top_clip_done>
    4d82:	98 2f       	mov	r25, r24
    4d84:	90 95       	com	r25
    4d86:	04 c0       	rjmp	.+8      	; 0x4d90 <.Lsprite_apply_top_skip>

00004d88 <.Lsprite_top_clip_aligned>:
    4d88:	88 23       	and	r24, r24
    4d8a:	62 f4       	brpl	.+24     	; 0x4da4 <.Lsprite_top_clip_done>
    4d8c:	98 2f       	mov	r25, r24
    4d8e:	91 95       	neg	r25

00004d90 <.Lsprite_apply_top_skip>:
    4d90:	f5 01       	movw	r30, r10
    4d92:	9e 9f       	mul	r25, r30
    4d94:	40 0d       	add	r20, r0
    4d96:	51 1d       	adc	r21, r1
    4d98:	62 1d       	adc	r22, r2
    4d9a:	9f 9f       	mul	r25, r31
    4d9c:	50 0d       	add	r21, r0
    4d9e:	61 1d       	adc	r22, r1
    4da0:	c9 1a       	sub	r12, r25
    4da2:	89 0f       	add	r24, r25

00004da4 <.Lsprite_top_clip_done>:
    4da4:	38 2f       	mov	r19, r24
    4da6:	90 2f       	mov	r25, r16
    4da8:	17 ff       	sbrs	r17, 7
    4daa:	0f c0       	rjmp	.+30     	; 0x4dca <.Lsprite_x_nonnegative>
    4dac:	91 95       	neg	r25
    4dae:	08 2d       	mov	r16, r8
    4db0:	09 1b       	sub	r16, r25
    4db2:	e9 2f       	mov	r30, r25
    4db4:	ff 27       	eor	r31, r31
    4db6:	8d 2d       	mov	r24, r13
    4db8:	81 30       	cpi	r24, 0x01	; 1
    4dba:	11 f4       	brne	.+4      	; 0x4dc0 <.Lsprite_left_skip_ready>
    4dbc:	ee 0f       	add	r30, r30
    4dbe:	ff 1f       	adc	r31, r31

00004dc0 <.Lsprite_left_skip_ready>:
    4dc0:	4e 0f       	add	r20, r30
    4dc2:	5f 1f       	adc	r21, r31
    4dc4:	62 1d       	adc	r22, r2
    4dc6:	ff 27       	eor	r31, r31
    4dc8:	02 c0       	rjmp	.+4      	; 0x4dce <.Lsprite_clip_right>

00004dca <.Lsprite_x_nonnegative>:
    4dca:	f9 2f       	mov	r31, r25
    4dcc:	08 2d       	mov	r16, r8

00004dce <.Lsprite_clip_right>:
    4dce:	80 e8       	ldi	r24, 0x80	; 128
    4dd0:	8f 1b       	sub	r24, r31
    4dd2:	80 17       	cp	r24, r16
    4dd4:	08 f4       	brcc	.+2      	; 0x4dd8 <.Lsprite_right_clip_done>
    4dd6:	08 2f       	mov	r16, r24

00004dd8 <.Lsprite_right_clip_done>:
    4dd8:	3f 3f       	cpi	r19, 0xFF	; 255
    4dda:	09 f4       	brne	.+2      	; 0x4dde <.Lsprite_not_top_row>
    4ddc:	71 60       	ori	r23, 0x01	; 1

00004dde <.Lsprite_not_top_row>:
    4dde:	6e bd       	out	0x2e, r22	; 46
    4de0:	92 2e       	mov	r9, r18
    4de2:	20 e8       	ldi	r18, 0x80	; 128
    4de4:	32 03       	mulsu	r19, r18
    4de6:	a0 e0       	ldi	r26, 0x00	; 0
    4de8:	b5 e0       	ldi	r27, 0x05	; 5
    4dea:	a0 0d       	add	r26, r0
    4dec:	b1 1d       	adc	r27, r1
    4dee:	af 0f       	add	r26, r31
    4df0:	b2 1d       	adc	r27, r2
    4df2:	88 e0       	ldi	r24, 0x08	; 8
    4df4:	83 1b       	sub	r24, r19
    4df6:	8c 15       	cp	r24, r12
    4df8:	10 f4       	brcc	.+4      	; 0x4dfe <.Lsprite_bottom_count_ready>
    4dfa:	c8 2e       	mov	r12, r24
    4dfc:	77 7f       	andi	r23, 0xF7	; 247

00004dfe <.Lsprite_bottom_count_ready>:
    4dfe:	83 2f       	mov	r24, r19
    4e00:	8c 0d       	add	r24, r12
    4e02:	5e bd       	out	0x2e, r21	; 46
    4e04:	88 30       	cpi	r24, 0x08	; 8
    4e06:	09 f4       	brne	.+2      	; 0x4e0a <.Lsprite_not_bottom_row>
    4e08:	72 60       	ori	r23, 0x02	; 2

00004e0a <.Lsprite_not_bottom_row>:
    4e0a:	08 11       	cpse	r16, r8
    4e0c:	74 60       	ori	r23, 0x04	; 4
    4e0e:	80 e8       	ldi	r24, 0x80	; 128
    4e10:	80 1b       	sub	r24, r16
    4e12:	e8 2e       	mov	r14, r24
    4e14:	89 2d       	mov	r24, r9
    4e16:	21 e0       	ldi	r18, 0x01	; 1
    4e18:	81 fd       	sbrc	r24, 1
    4e1a:	24 e0       	ldi	r18, 0x04	; 4
    4e1c:	80 fd       	sbrc	r24, 0
    4e1e:	22 0f       	add	r18, r18
    4e20:	82 fd       	sbrc	r24, 2
    4e22:	22 95       	swap	r18
    4e24:	4e bd       	out	0x2e, r20	; 46
    4e26:	8d 2d       	mov	r24, r13
    4e28:	88 23       	and	r24, r24
    4e2a:	49 f4       	brne	.+18     	; 0x4e3e <.Lsprite_select_not_overwrite>
    4e2c:	e8 e8       	ldi	r30, 0x88	; 136
    4e2e:	f7 e2       	ldi	r31, 0x27	; 39
    4e30:	8f ef       	ldi	r24, 0xFF	; 255
    4e32:	82 9f       	mul	r24, r18
    4e34:	00 94       	com	r0
    4e36:	10 94       	com	r1
    4e38:	90 2c       	mov	r9, r0
    4e3a:	31 2d       	mov	r19, r1
    4e3c:	10 c0       	rjmp	.+32     	; 0x4e5e <.Lsprite_store_mode_dispatch>

00004e3e <.Lsprite_select_not_overwrite>:
    4e3e:	81 30       	cpi	r24, 0x01	; 1
    4e40:	31 f0       	breq	.+12     	; 0x4e4e <.Lsprite_select_plus_dispatch>
    4e42:	82 30       	cpi	r24, 0x02	; 2
    4e44:	49 f0       	breq	.+18     	; 0x4e58 <.Lsprite_select_self_dispatch>
    4e46:	e4 eb       	ldi	r30, 0xB4	; 180
    4e48:	f7 e2       	ldi	r31, 0x27	; 39
    4e4a:	00 c0       	rjmp	.+0      	; 0x4e4c <.Lsprite_select_not_overwrite+0xe>
    4e4c:	08 c0       	rjmp	.+16     	; 0x4e5e <.Lsprite_store_mode_dispatch>

00004e4e <.Lsprite_select_plus_dispatch>:
    4e4e:	e0 ea       	ldi	r30, 0xA0	; 160
    4e50:	f7 e2       	ldi	r31, 0x27	; 39
    4e52:	00 c0       	rjmp	.+0      	; 0x4e54 <.Lsprite_select_plus_dispatch+0x6>
    4e54:	00 c0       	rjmp	.+0      	; 0x4e56 <.Lsprite_select_plus_dispatch+0x8>
    4e56:	03 c0       	rjmp	.+6      	; 0x4e5e <.Lsprite_store_mode_dispatch>

00004e58 <.Lsprite_select_self_dispatch>:
    4e58:	ea ea       	ldi	r30, 0xAA	; 170
    4e5a:	f7 e2       	ldi	r31, 0x27	; 39
    4e5c:	c8 95       	lpm

00004e5e <.Lsprite_store_mode_dispatch>:
    4e5e:	ea bd       	out	0x2a, r30	; 42
    4e60:	fb bd       	out	0x2b, r31	; 43
    4e62:	2e bc       	out	0x2e, r2	; 46
    4e64:	84 c1       	rjmp	.+776    	; 0x516e <.Lsprite_row_dispatch>

00004e66 <draw_bitmap_seek_prepared_text_func>:
    4e66:	88 e0       	ldi	r24, 0x08	; 8
    4e68:	83 1b       	sub	r24, r19
    4e6a:	8c 15       	cp	r24, r12
    4e6c:	10 f4       	brcc	.+4      	; 0x4e72 <.Ltext_prepared_bottom_unclipped>
    4e6e:	c8 2e       	mov	r12, r24
    4e70:	ff 24       	eor	r15, r15

00004e72 <.Ltext_prepared_bottom_unclipped>:
    4e72:	4b 0d       	add	r20, r11
    4e74:	59 1f       	adc	r21, r25
    4e76:	62 1d       	adc	r22, r2
    4e78:	bb 24       	eor	r11, r11
    4e7a:	4b 0f       	add	r20, r27
    4e7c:	52 1d       	adc	r21, r2
    4e7e:	62 1d       	adc	r22, r2
    4e80:	6e bd       	out	0x2e, r22	; 46
    4e82:	92 2e       	mov	r9, r18
    4e84:	80 e8       	ldi	r24, 0x80	; 128
    4e86:	28 2f       	mov	r18, r24
    4e88:	32 03       	mulsu	r19, r18
    4e8a:	29 2d       	mov	r18, r9
    4e8c:	a0 e0       	ldi	r26, 0x00	; 0
    4e8e:	b5 e0       	ldi	r27, 0x05	; 5
    4e90:	a0 0d       	add	r26, r0
    4e92:	b1 1d       	adc	r27, r1
    4e94:	af 0f       	add	r26, r31
    4e96:	b2 1d       	adc	r27, r2
    4e98:	83 2f       	mov	r24, r19
    4e9a:	8c 0d       	add	r24, r12
    4e9c:	88 30       	cpi	r24, 0x08	; 8
    4e9e:	09 f4       	brne	.+2      	; 0x4ea2 <.Ltext_prepared_not_bottom>
    4ea0:	72 60       	ori	r23, 0x02	; 2

00004ea2 <.Ltext_prepared_not_bottom>:
    4ea2:	5e bd       	out	0x2e, r21	; 46
    4ea4:	dd 20       	and	r13, r13
    4ea6:	a9 f4       	brne	.+42     	; 0x4ed2 <.Ltext_prepared_nonoverwrite_mask>
    4ea8:	ff 20       	and	r15, r15
    4eaa:	71 f0       	breq	.+28     	; 0x4ec8 <.Ltext_prepared_aligned_overwrite_mask>
    4eac:	8f 2d       	mov	r24, r15
    4eae:	91 e0       	ldi	r25, 0x01	; 1
    4eb0:	81 fd       	sbrc	r24, 1
    4eb2:	94 e0       	ldi	r25, 0x04	; 4
    4eb4:	80 fd       	sbrc	r24, 0
    4eb6:	99 0f       	add	r25, r25
    4eb8:	82 fd       	sbrc	r24, 2
    4eba:	92 95       	swap	r25
    4ebc:	9a 95       	dec	r25
    4ebe:	f9 2e       	mov	r15, r25
    4ec0:	78 60       	ori	r23, 0x08	; 8
    4ec2:	00 c0       	rjmp	.+0      	; 0x4ec4 <.Ltext_prepared_not_bottom+0x22>
    4ec4:	4e bd       	out	0x2e, r20	; 46
    4ec6:	08 c0       	rjmp	.+16     	; 0x4ed8 <.Ltext_prepared_low_overwrite>

00004ec8 <.Ltext_prepared_aligned_overwrite_mask>:
    4ec8:	9f ef       	ldi	r25, 0xFF	; 255
    4eca:	f9 2e       	mov	r15, r25
    4ecc:	93 d1       	rcall	.+806    	; 0x51f4 <sprite_delay_10>
    4ece:	4e bd       	out	0x2e, r20	; 46
    4ed0:	03 c0       	rjmp	.+6      	; 0x4ed8 <.Ltext_prepared_low_overwrite>

00004ed2 <.Ltext_prepared_nonoverwrite_mask>:
    4ed2:	8c d1       	rcall	.+792    	; 0x51ec <sprite_delay_14>
    4ed4:	4e bd       	out	0x2e, r20	; 46
    4ed6:	0d c0       	rjmp	.+26     	; 0x4ef2 <.Ltext_prepared_low_nonoverwrite>

00004ed8 <.Ltext_prepared_low_overwrite>:
    4ed8:	8f ef       	ldi	r24, 0xFF	; 255
    4eda:	82 9f       	mul	r24, r18
    4edc:	00 94       	com	r0
    4ede:	10 94       	com	r1
    4ee0:	90 2c       	mov	r9, r0
    4ee2:	31 2d       	mov	r19, r1
    4ee4:	e8 e8       	ldi	r30, 0x88	; 136
    4ee6:	f7 e2       	ldi	r31, 0x27	; 39
    4ee8:	ea bd       	out	0x2a, r30	; 42
    4eea:	fb bd       	out	0x2b, r31	; 43
    4eec:	c8 95       	lpm
    4eee:	2e bc       	out	0x2e, r2	; 46
    4ef0:	3e c1       	rjmp	.+636    	; 0x516e <.Lsprite_row_dispatch>

00004ef2 <.Ltext_prepared_low_nonoverwrite>:
    4ef2:	d0 fe       	sbrs	r13, 0
    4ef4:	03 c0       	rjmp	.+6      	; 0x4efc <.Ltext_prepared_select_self>
    4ef6:	e4 eb       	ldi	r30, 0xB4	; 180
    4ef8:	f7 e2       	ldi	r31, 0x27	; 39
    4efa:	03 c0       	rjmp	.+6      	; 0x4f02 <.Ltext_prepared_store_nonoverwrite_dispatch>

00004efc <.Ltext_prepared_select_self>:
    4efc:	ea ea       	ldi	r30, 0xAA	; 170
    4efe:	f7 e2       	ldi	r31, 0x27	; 39
    4f00:	00 00       	nop

00004f02 <.Ltext_prepared_store_nonoverwrite_dispatch>:
    4f02:	ea bd       	out	0x2a, r30	; 42
    4f04:	fb bd       	out	0x2b, r31	; 43
    4f06:	00 c0       	rjmp	.+0      	; 0x4f08 <.Ltext_prepared_store_nonoverwrite_dispatch+0x6>
    4f08:	00 c0       	rjmp	.+0      	; 0x4f0a <.Ltext_prepared_store_nonoverwrite_dispatch+0x8>
    4f0a:	00 c0       	rjmp	.+0      	; 0x4f0c <.Ltext_prepared_store_nonoverwrite_dispatch+0xa>
    4f0c:	2e bc       	out	0x2e, r2	; 46
    4f0e:	2f c1       	rjmp	.+606    	; 0x516e <.Lsprite_row_dispatch>

00004f10 <sprite_overwrite_row_dispatch>:
    4f10:	83 ff       	sbrs	r24, 3
    4f12:	04 c0       	rjmp	.+8      	; 0x4f1c <.Lsprite_overwrite_kind_1853>
    4f14:	c3 14       	cp	r12, r3
    4f16:	11 f4       	brne	.+4      	; 0x4f1c <.Lsprite_overwrite_kind_1853>
    4f18:	8f 2c       	mov	r8, r15
    4f1a:	80 68       	ori	r24, 0x80	; 128

00004f1c <.Lsprite_overwrite_kind_1853>:
    4f1c:	80 fd       	sbrc	r24, 0
    4f1e:	0a c0       	rjmp	.+20     	; 0x4f34 <.Lsprite_overwrite_top_1853>
    4f20:	c3 14       	cp	r12, r3
    4f22:	11 f4       	brne	.+4      	; 0x4f28 <.Lsprite_overwrite_middle_1853>
    4f24:	81 fd       	sbrc	r24, 1
    4f26:	09 c0       	rjmp	.+18     	; 0x4f3a <.Lsprite_overwrite_bottom_1853>

00004f28 <.Lsprite_overwrite_middle_1853>:
    4f28:	fd 01       	movw	r30, r26
    4f2a:	e0 58       	subi	r30, 0x80	; 128
    4f2c:	ff 4f       	sbci	r31, 0xFF	; 255
    4f2e:	87 fd       	sbrc	r24, 7
    4f30:	7e c0       	rjmp	.+252    	; 0x502e <.Lsprite_middle_overwrite_partial>
    4f32:	5e c0       	rjmp	.+188    	; 0x4ff0 <.Lsprite_middle_overwrite_full>

00004f34 <.Lsprite_overwrite_top_1853>:
    4f34:	87 fd       	sbrc	r24, 7
    4f36:	3c c0       	rjmp	.+120    	; 0x4fb0 <.Lsprite_top_overwrite_partial>
    4f38:	21 c0       	rjmp	.+66     	; 0x4f7c <.Lsprite_top_overwrite_full>

00004f3a <.Lsprite_overwrite_bottom_1853>:
    4f3a:	87 fd       	sbrc	r24, 7
    4f3c:	49 c0       	rjmp	.+146    	; 0x4fd0 <.Lsprite_bottom_overwrite_partial>
    4f3e:	2b c0       	rjmp	.+86     	; 0x4f96 <.Lsprite_bottom_overwrite_full>

00004f40 <sprite_plus_row_dispatch>:
    4f40:	80 fd       	sbrc	r24, 0
    4f42:	89 c0       	rjmp	.+274    	; 0x5056 <.Lsprite_top_plus_full>
    4f44:	c3 14       	cp	r12, r3
    4f46:	11 f4       	brne	.+4      	; 0x4f4c <.Lsprite_full_middle_1854>
    4f48:	81 fd       	sbrc	r24, 1
    4f4a:	9a c0       	rjmp	.+308    	; 0x5080 <.Lsprite_bottom_plus_full>

00004f4c <.Lsprite_full_middle_1854>:
    4f4c:	fd 01       	movw	r30, r26
    4f4e:	e0 58       	subi	r30, 0x80	; 128
    4f50:	ff 4f       	sbci	r31, 0xFF	; 255
    4f52:	ab c0       	rjmp	.+342    	; 0x50aa <.Lsprite_middle_plus_full>

00004f54 <sprite_self_row_dispatch>:
    4f54:	80 fd       	sbrc	r24, 0
    4f56:	c0 c0       	rjmp	.+384    	; 0x50d8 <.Lsprite_top_self_full>
    4f58:	c3 14       	cp	r12, r3
    4f5a:	11 f4       	brne	.+4      	; 0x4f60 <.Lsprite_full_middle_1855>
    4f5c:	81 fd       	sbrc	r24, 1
    4f5e:	c7 c0       	rjmp	.+398    	; 0x50ee <.Lsprite_bottom_self_full>

00004f60 <.Lsprite_full_middle_1855>:
    4f60:	fd 01       	movw	r30, r26
    4f62:	e0 58       	subi	r30, 0x80	; 128
    4f64:	ff 4f       	sbci	r31, 0xFF	; 255
    4f66:	ce c0       	rjmp	.+412    	; 0x5104 <.Lsprite_middle_self_full>

00004f68 <sprite_erase_row_dispatch>:
    4f68:	80 fd       	sbrc	r24, 0
    4f6a:	d9 c0       	rjmp	.+434    	; 0x511e <.Lsprite_top_erase_full>
    4f6c:	c3 14       	cp	r12, r3
    4f6e:	11 f4       	brne	.+4      	; 0x4f74 <.Lsprite_full_middle_1856>
    4f70:	81 fd       	sbrc	r24, 1
    4f72:	e2 c0       	rjmp	.+452    	; 0x5138 <.Lsprite_bottom_erase_full>

00004f74 <.Lsprite_full_middle_1856>:
    4f74:	fd 01       	movw	r30, r26
    4f76:	e0 58       	subi	r30, 0x80	; 128
    4f78:	ff 4f       	sbci	r31, 0xFF	; 255
    4f7a:	eb c0       	rjmp	.+470    	; 0x5152 <.Lsprite_middle_erase_full>

00004f7c <.Lsprite_top_overwrite_full>:
    4f7c:	8e b5       	in	r24, 0x2e	; 46
    4f7e:	2e bc       	out	0x2e, r2	; 46
    4f80:	82 9f       	mul	r24, r18
    4f82:	9c 91       	ld	r25, X
    4f84:	93 23       	and	r25, r19
    4f86:	91 29       	or	r25, r1
    4f88:	9d 93       	st	X+, r25
    4f8a:	00 c0       	rjmp	.+0      	; 0x4f8c <.Lsprite_top_overwrite_full+0x10>
    4f8c:	00 c0       	rjmp	.+0      	; 0x4f8e <.Lsprite_top_overwrite_full+0x12>
    4f8e:	00 00       	nop
    4f90:	da 94       	dec	r13
    4f92:	a1 f7       	brne	.-24     	; 0x4f7c <.Lsprite_top_overwrite_full>
    4f94:	f6 c0       	rjmp	.+492    	; 0x5182 <.Lsprite_top_done>

00004f96 <.Lsprite_bottom_overwrite_full>:
    4f96:	8e b5       	in	r24, 0x2e	; 46
    4f98:	2e bc       	out	0x2e, r2	; 46
    4f9a:	82 9f       	mul	r24, r18
    4f9c:	9c 91       	ld	r25, X
    4f9e:	99 21       	and	r25, r9
    4fa0:	90 29       	or	r25, r0
    4fa2:	9d 93       	st	X+, r25
    4fa4:	00 c0       	rjmp	.+0      	; 0x4fa6 <.Lsprite_bottom_overwrite_full+0x10>
    4fa6:	00 c0       	rjmp	.+0      	; 0x4fa8 <.Lsprite_bottom_overwrite_full+0x12>
    4fa8:	00 00       	nop
    4faa:	da 94       	dec	r13
    4fac:	a1 f7       	brne	.-24     	; 0x4f96 <.Lsprite_bottom_overwrite_full>
    4fae:	05 c1       	rjmp	.+522    	; 0x51ba <.Lsprite_bottom_done>

00004fb0 <.Lsprite_top_overwrite_partial>:
    4fb0:	82 9e       	mul	r8, r18
    4fb2:	10 94       	com	r1
    4fb4:	31 2d       	mov	r19, r1

00004fb6 <.Lsprite_top_overwrite_partial_loop>:
    4fb6:	8e b5       	in	r24, 0x2e	; 46
    4fb8:	2e bc       	out	0x2e, r2	; 46
    4fba:	88 21       	and	r24, r8
    4fbc:	82 9f       	mul	r24, r18
    4fbe:	9c 91       	ld	r25, X
    4fc0:	93 23       	and	r25, r19
    4fc2:	91 29       	or	r25, r1
    4fc4:	9d 93       	st	X+, r25
    4fc6:	00 c0       	rjmp	.+0      	; 0x4fc8 <.Lsprite_top_overwrite_partial_loop+0x12>
    4fc8:	00 c0       	rjmp	.+0      	; 0x4fca <.Lsprite_top_overwrite_partial_loop+0x14>
    4fca:	da 94       	dec	r13
    4fcc:	a1 f7       	brne	.-24     	; 0x4fb6 <.Lsprite_top_overwrite_partial_loop>
    4fce:	d9 c0       	rjmp	.+434    	; 0x5182 <.Lsprite_top_done>

00004fd0 <.Lsprite_bottom_overwrite_partial>:
    4fd0:	82 9e       	mul	r8, r18
    4fd2:	00 94       	com	r0
    4fd4:	90 2c       	mov	r9, r0

00004fd6 <.Lsprite_bottom_overwrite_partial_loop>:
    4fd6:	8e b5       	in	r24, 0x2e	; 46
    4fd8:	2e bc       	out	0x2e, r2	; 46
    4fda:	88 21       	and	r24, r8
    4fdc:	82 9f       	mul	r24, r18
    4fde:	9c 91       	ld	r25, X
    4fe0:	99 21       	and	r25, r9
    4fe2:	90 29       	or	r25, r0
    4fe4:	9d 93       	st	X+, r25
    4fe6:	00 c0       	rjmp	.+0      	; 0x4fe8 <.Lsprite_bottom_overwrite_partial_loop+0x12>
    4fe8:	00 c0       	rjmp	.+0      	; 0x4fea <.Lsprite_bottom_overwrite_partial_loop+0x14>
    4fea:	da 94       	dec	r13
    4fec:	a1 f7       	brne	.-24     	; 0x4fd6 <.Lsprite_bottom_overwrite_partial_loop>
    4fee:	e5 c0       	rjmp	.+458    	; 0x51ba <.Lsprite_bottom_done>

00004ff0 <.Lsprite_middle_overwrite_full>:
    4ff0:	d0 2e       	mov	r13, r16
    4ff2:	d6 94       	lsr	r13
    4ff4:	10 f4       	brcc	.+4      	; 0x4ffa <.Lsprite_middle_overwrite_pair_loop>
    4ff6:	d3 94       	inc	r13
    4ff8:	0b c0       	rjmp	.+22     	; 0x5010 <.Lsprite_middle_overwrite_one>

00004ffa <.Lsprite_middle_overwrite_pair_loop>:
    4ffa:	8e b5       	in	r24, 0x2e	; 46
    4ffc:	2e bc       	out	0x2e, r2	; 46
    4ffe:	9c 91       	ld	r25, X
    5000:	82 9f       	mul	r24, r18
    5002:	99 21       	and	r25, r9
    5004:	90 29       	or	r25, r0
    5006:	9d 93       	st	X+, r25
    5008:	90 81       	ld	r25, Z
    500a:	93 23       	and	r25, r19
    500c:	91 29       	or	r25, r1
    500e:	91 93       	st	Z+, r25

00005010 <.Lsprite_middle_overwrite_one>:
    5010:	9c 91       	ld	r25, X
    5012:	8e b5       	in	r24, 0x2e	; 46
    5014:	2e bc       	out	0x2e, r2	; 46
    5016:	82 9f       	mul	r24, r18
    5018:	99 21       	and	r25, r9
    501a:	90 29       	or	r25, r0
    501c:	9d 93       	st	X+, r25
    501e:	90 81       	ld	r25, Z
    5020:	93 23       	and	r25, r19
    5022:	91 29       	or	r25, r1
    5024:	91 93       	st	Z+, r25
    5026:	00 00       	nop
    5028:	da 94       	dec	r13
    502a:	39 f7       	brne	.-50     	; 0x4ffa <.Lsprite_middle_overwrite_pair_loop>
    502c:	ad c0       	rjmp	.+346    	; 0x5188 <.Lsprite_middle_done>

0000502e <.Lsprite_middle_overwrite_partial>:
    502e:	82 9e       	mul	r8, r18
    5030:	00 94       	com	r0
    5032:	10 94       	com	r1
    5034:	90 2c       	mov	r9, r0
    5036:	31 2d       	mov	r19, r1

00005038 <.Lsprite_middle_overwrite_partial_loop>:
    5038:	8e b5       	in	r24, 0x2e	; 46
    503a:	2e bc       	out	0x2e, r2	; 46
    503c:	88 21       	and	r24, r8
    503e:	82 9f       	mul	r24, r18
    5040:	9c 91       	ld	r25, X
    5042:	99 21       	and	r25, r9
    5044:	90 29       	or	r25, r0
    5046:	9d 93       	st	X+, r25
    5048:	90 81       	ld	r25, Z
    504a:	93 23       	and	r25, r19
    504c:	91 29       	or	r25, r1
    504e:	91 93       	st	Z+, r25
    5050:	da 94       	dec	r13
    5052:	91 f7       	brne	.-28     	; 0x5038 <.Lsprite_middle_overwrite_partial_loop>
    5054:	99 c0       	rjmp	.+306    	; 0x5188 <.Lsprite_middle_done>

00005056 <.Lsprite_top_plus_full>:
    5056:	f8 94       	cli
    5058:	2e bc       	out	0x2e, r2	; 46
    505a:	0e b4       	in	r0, 0x2e	; 46
    505c:	78 94       	sei
    505e:	02 9e       	mul	r0, r18
    5060:	81 2d       	mov	r24, r1
    5062:	c8 d0       	rcall	.+400    	; 0x51f4 <sprite_delay_10>
    5064:	f8 94       	cli
    5066:	2e bc       	out	0x2e, r2	; 46
    5068:	0e b4       	in	r0, 0x2e	; 46
    506a:	78 94       	sei
    506c:	02 9e       	mul	r0, r18
    506e:	91 2d       	mov	r25, r1
    5070:	3c 91       	ld	r19, X
    5072:	90 95       	com	r25
    5074:	39 23       	and	r19, r25
    5076:	38 2b       	or	r19, r24
    5078:	3d 93       	st	X+, r19
    507a:	da 94       	dec	r13
    507c:	61 f7       	brne	.-40     	; 0x5056 <.Lsprite_top_plus_full>
    507e:	81 c0       	rjmp	.+258    	; 0x5182 <.Lsprite_top_done>

00005080 <.Lsprite_bottom_plus_full>:
    5080:	f8 94       	cli
    5082:	2e bc       	out	0x2e, r2	; 46
    5084:	0e b4       	in	r0, 0x2e	; 46
    5086:	78 94       	sei
    5088:	02 9e       	mul	r0, r18
    508a:	80 2d       	mov	r24, r0
    508c:	b3 d0       	rcall	.+358    	; 0x51f4 <sprite_delay_10>
    508e:	f8 94       	cli
    5090:	2e bc       	out	0x2e, r2	; 46
    5092:	0e b4       	in	r0, 0x2e	; 46
    5094:	78 94       	sei
    5096:	02 9e       	mul	r0, r18
    5098:	90 2d       	mov	r25, r0
    509a:	3c 91       	ld	r19, X
    509c:	90 95       	com	r25
    509e:	39 23       	and	r19, r25
    50a0:	38 2b       	or	r19, r24
    50a2:	3d 93       	st	X+, r19
    50a4:	da 94       	dec	r13
    50a6:	61 f7       	brne	.-40     	; 0x5080 <.Lsprite_bottom_plus_full>
    50a8:	88 c0       	rjmp	.+272    	; 0x51ba <.Lsprite_bottom_done>

000050aa <.Lsprite_middle_plus_full>:
    50aa:	f8 94       	cli
    50ac:	2e bc       	out	0x2e, r2	; 46
    50ae:	0e b4       	in	r0, 0x2e	; 46
    50b0:	78 94       	sei
    50b2:	02 9e       	mul	r0, r18
    50b4:	c0 01       	movw	r24, r0
    50b6:	9c 90       	ld	r9, X
    50b8:	30 81       	ld	r19, Z
    50ba:	9f d0       	rcall	.+318    	; 0x51fa <sprite_delay_7>
    50bc:	0e b4       	in	r0, 0x2e	; 46
    50be:	2e bc       	out	0x2e, r2	; 46
    50c0:	02 9e       	mul	r0, r18
    50c2:	00 94       	com	r0
    50c4:	10 94       	com	r1
    50c6:	90 20       	and	r9, r0
    50c8:	98 2a       	or	r9, r24
    50ca:	9d 92       	st	X+, r9
    50cc:	31 21       	and	r19, r1
    50ce:	39 2b       	or	r19, r25
    50d0:	31 93       	st	Z+, r19
    50d2:	da 94       	dec	r13
    50d4:	51 f7       	brne	.-44     	; 0x50aa <.Lsprite_middle_plus_full>
    50d6:	58 c0       	rjmp	.+176    	; 0x5188 <.Lsprite_middle_done>

000050d8 <.Lsprite_top_self_full>:
    50d8:	8e b5       	in	r24, 0x2e	; 46
    50da:	2e bc       	out	0x2e, r2	; 46
    50dc:	82 9f       	mul	r24, r18
    50de:	9c 91       	ld	r25, X
    50e0:	91 29       	or	r25, r1
    50e2:	9d 93       	st	X+, r25
    50e4:	c8 95       	lpm
    50e6:	c8 95       	lpm
    50e8:	da 94       	dec	r13
    50ea:	b1 f7       	brne	.-20     	; 0x50d8 <.Lsprite_top_self_full>
    50ec:	4a c0       	rjmp	.+148    	; 0x5182 <.Lsprite_top_done>

000050ee <.Lsprite_bottom_self_full>:
    50ee:	8e b5       	in	r24, 0x2e	; 46
    50f0:	2e bc       	out	0x2e, r2	; 46
    50f2:	82 9f       	mul	r24, r18
    50f4:	9c 91       	ld	r25, X
    50f6:	90 29       	or	r25, r0
    50f8:	9d 93       	st	X+, r25
    50fa:	c8 95       	lpm
    50fc:	c8 95       	lpm
    50fe:	da 94       	dec	r13
    5100:	b1 f7       	brne	.-20     	; 0x50ee <.Lsprite_bottom_self_full>
    5102:	5b c0       	rjmp	.+182    	; 0x51ba <.Lsprite_bottom_done>

00005104 <.Lsprite_middle_self_full>:
    5104:	8e b5       	in	r24, 0x2e	; 46
    5106:	2e bc       	out	0x2e, r2	; 46
    5108:	82 9f       	mul	r24, r18
    510a:	9c 91       	ld	r25, X
    510c:	90 29       	or	r25, r0
    510e:	9d 93       	st	X+, r25
    5110:	90 81       	ld	r25, Z
    5112:	91 29       	or	r25, r1
    5114:	91 93       	st	Z+, r25
    5116:	00 00       	nop
    5118:	da 94       	dec	r13
    511a:	a1 f7       	brne	.-24     	; 0x5104 <.Lsprite_middle_self_full>
    511c:	35 c0       	rjmp	.+106    	; 0x5188 <.Lsprite_middle_done>

0000511e <.Lsprite_top_erase_full>:
    511e:	f8 94       	cli
    5120:	2e bc       	out	0x2e, r2	; 46
    5122:	8e b5       	in	r24, 0x2e	; 46
    5124:	78 94       	sei
    5126:	82 9f       	mul	r24, r18
    5128:	10 94       	com	r1
    512a:	9c 91       	ld	r25, X
    512c:	91 21       	and	r25, r1
    512e:	9d 93       	st	X+, r25
    5130:	00 c0       	rjmp	.+0      	; 0x5132 <.Lsprite_top_erase_full+0x14>
    5132:	da 94       	dec	r13
    5134:	a1 f7       	brne	.-24     	; 0x511e <.Lsprite_top_erase_full>
    5136:	25 c0       	rjmp	.+74     	; 0x5182 <.Lsprite_top_done>

00005138 <.Lsprite_bottom_erase_full>:
    5138:	f8 94       	cli
    513a:	2e bc       	out	0x2e, r2	; 46
    513c:	8e b5       	in	r24, 0x2e	; 46
    513e:	78 94       	sei
    5140:	82 9f       	mul	r24, r18
    5142:	00 94       	com	r0
    5144:	9c 91       	ld	r25, X
    5146:	90 21       	and	r25, r0
    5148:	9d 93       	st	X+, r25
    514a:	00 c0       	rjmp	.+0      	; 0x514c <.Lsprite_bottom_erase_full+0x14>
    514c:	da 94       	dec	r13
    514e:	a1 f7       	brne	.-24     	; 0x5138 <.Lsprite_bottom_erase_full>
    5150:	34 c0       	rjmp	.+104    	; 0x51ba <.Lsprite_bottom_done>

00005152 <.Lsprite_middle_erase_full>:
    5152:	8e b5       	in	r24, 0x2e	; 46
    5154:	2e bc       	out	0x2e, r2	; 46
    5156:	82 9f       	mul	r24, r18
    5158:	00 94       	com	r0
    515a:	10 94       	com	r1
    515c:	9c 91       	ld	r25, X
    515e:	90 21       	and	r25, r0
    5160:	9d 93       	st	X+, r25
    5162:	90 81       	ld	r25, Z
    5164:	91 21       	and	r25, r1
    5166:	91 93       	st	Z+, r25
    5168:	da 94       	dec	r13
    516a:	99 f7       	brne	.-26     	; 0x5152 <.Lsprite_middle_erase_full>
    516c:	0d c0       	rjmp	.+26     	; 0x5188 <.Lsprite_middle_done>

0000516e <.Lsprite_row_dispatch>:
    516e:	87 2f       	mov	r24, r23
    5170:	d0 2e       	mov	r13, r16
    5172:	80 ff       	sbrs	r24, 0
    5174:	03 c0       	rjmp	.+6      	; 0x517c <.Lsprite_row_pointer_ready>
    5176:	7e 7f       	andi	r23, 0xFE	; 254
    5178:	a0 58       	subi	r26, 0x80	; 128
    517a:	bf 4f       	sbci	r27, 0xFF	; 255

0000517c <.Lsprite_row_pointer_ready>:
    517c:	ea b5       	in	r30, 0x2a	; 42
    517e:	fb b5       	in	r31, 0x2b	; 43
    5180:	09 94       	ijmp

00005182 <.Lsprite_top_done>:
    5182:	a0 1b       	sub	r26, r16
    5184:	b2 09       	sbc	r27, r2
    5186:	03 c0       	rjmp	.+6      	; 0x518e <.Lsprite_row_complete>

00005188 <.Lsprite_middle_done>:
    5188:	8e 2d       	mov	r24, r14
    518a:	a8 0f       	add	r26, r24
    518c:	b2 1d       	adc	r27, r2

0000518e <.Lsprite_row_complete>:
    518e:	ca 94       	dec	r12
    5190:	a1 f0       	breq	.+40     	; 0x51ba <.Lsprite_bottom_done>
    5192:	72 ff       	sbrs	r23, 2
    5194:	ec cf       	rjmp	.-40     	; 0x516e <.Lsprite_row_dispatch>
    5196:	59 9a       	sbi	0x0b, 1	; 11
    5198:	83 e0       	ldi	r24, 0x03	; 3
    519a:	59 98       	cbi	0x0b, 1	; 11
    519c:	8e bd       	out	0x2e, r24	; 46
    519e:	c5 01       	movw	r24, r10
    51a0:	48 0f       	add	r20, r24
    51a2:	59 1f       	adc	r21, r25
    51a4:	62 1d       	adc	r22, r2
    51a6:	95 2f       	mov	r25, r21
    51a8:	23 d0       	rcall	.+70     	; 0x51f0 <sprite_delay_12>
    51aa:	6e bd       	out	0x2e, r22	; 46
    51ac:	1c d0       	rcall	.+56     	; 0x51e6 <sprite_delay_17>
    51ae:	9e bd       	out	0x2e, r25	; 46
    51b0:	1a d0       	rcall	.+52     	; 0x51e6 <sprite_delay_17>
    51b2:	4e bd       	out	0x2e, r20	; 46
    51b4:	19 d0       	rcall	.+50     	; 0x51e8 <sprite_delay_16>
    51b6:	2e bc       	out	0x2e, r2	; 46
    51b8:	da cf       	rjmp	.-76     	; 0x516e <.Lsprite_row_dispatch>

000051ba <.Lsprite_bottom_done>:
    51ba:	96 f0       	brts	.+36     	; 0x51e0 <.Lsprite_finish_text>
    51bc:	7f 91       	pop	r23
    51be:	6f 91       	pop	r22
    51c0:	5f 91       	pop	r21
    51c2:	4f 91       	pop	r20
    51c4:	3f 91       	pop	r19
    51c6:	2f 91       	pop	r18
    51c8:	1f 91       	pop	r17
    51ca:	0f 91       	pop	r16
    51cc:	ff 90       	pop	r15
    51ce:	ef 90       	pop	r14
    51d0:	df 90       	pop	r13
    51d2:	cf 90       	pop	r12
    51d4:	bf 90       	pop	r11
    51d6:	af 90       	pop	r10
    51d8:	9f 90       	pop	r9
    51da:	8f 90       	pop	r8
    51dc:	59 9a       	sbi	0x0b, 1	; 11
    51de:	08 95       	ret

000051e0 <.Lsprite_finish_text>:
    51e0:	59 9a       	sbi	0x0b, 1	; 11
    51e2:	0c 94 57 31 	jmp	0x62ae	; 0x62ae <.Ltext_emit_char_restore>

000051e6 <sprite_delay_17>:
    51e6:	00 00       	nop

000051e8 <sprite_delay_16>:
    51e8:	00 00       	nop

000051ea <sprite_delay_15>:
    51ea:	00 00       	nop

000051ec <sprite_delay_14>:
    51ec:	00 00       	nop

000051ee <sprite_delay_13>:
    51ee:	00 00       	nop

000051f0 <sprite_delay_12>:
    51f0:	00 00       	nop

000051f2 <sprite_delay_11>:
    51f2:	00 00       	nop

000051f4 <sprite_delay_10>:
    51f4:	00 00       	nop

000051f6 <sprite_delay_9>:
    51f6:	00 00       	nop

000051f8 <sprite_delay_8>:
    51f8:	00 00       	nop

000051fa <sprite_delay_7>:
    51fa:	08 95       	ret

000051fc <sys_draw_filled_rect_impl>:
    51fc:	80 fb       	bst	r24, 0
    51fe:	44 23       	and	r20, r20
    5200:	a1 f0       	breq	.+40     	; 0x522a <.Lsys_rect_reject_unpushed>
    5202:	66 23       	and	r22, r22
    5204:	91 f0       	breq	.+36     	; 0x522a <.Lsys_rect_reject_unpushed>
    5206:	00 38       	cpi	r16, 0x80	; 128
    5208:	12 05       	cpc	r17, r2
    520a:	7c f4       	brge	.+30     	; 0x522a <.Lsys_rect_reject_unpushed>
    520c:	20 34       	cpi	r18, 0x40	; 64
    520e:	32 05       	cpc	r19, r2
    5210:	64 f4       	brge	.+24     	; 0x522a <.Lsys_rect_reject_unpushed>
    5212:	f8 01       	movw	r30, r16
    5214:	e4 0f       	add	r30, r20
    5216:	f2 1d       	adc	r31, r2
    5218:	2e 16       	cp	r2, r30
    521a:	2f 06       	cpc	r2, r31
    521c:	34 f4       	brge	.+12     	; 0x522a <.Lsys_rect_reject_unpushed>
    521e:	f9 01       	movw	r30, r18
    5220:	e6 0f       	add	r30, r22
    5222:	f2 1d       	adc	r31, r2
    5224:	2e 16       	cp	r2, r30
    5226:	2f 06       	cpc	r2, r31
    5228:	14 f0       	brlt	.+4      	; 0x522e <.Lsys_rect_visible>

0000522a <.Lsys_rect_reject_unpushed>:
    522a:	0c 94 d3 06 	jmp	0xda6	; 0xda6 <cluster_tail_18>

0000522e <.Lsys_rect_visible>:
    522e:	0f 93       	push	r16
    5230:	1f 93       	push	r17
    5232:	2f 93       	push	r18
    5234:	3f 93       	push	r19
    5236:	4f 93       	push	r20
    5238:	5f 93       	push	r21
    523a:	6f 93       	push	r22
    523c:	7f 93       	push	r23
    523e:	17 ff       	sbrs	r17, 7
    5240:	02 c0       	rjmp	.+4      	; 0x5246 <.Lsys_rect_x_nonnegative>
    5242:	40 0f       	add	r20, r16
    5244:	00 27       	eor	r16, r16

00005246 <.Lsys_rect_x_nonnegative>:
    5246:	37 ff       	sbrs	r19, 7
    5248:	02 c0       	rjmp	.+4      	; 0x524e <.Lsys_rect_y_nonnegative>
    524a:	62 0f       	add	r22, r18
    524c:	22 27       	eor	r18, r18

0000524e <.Lsys_rect_y_nonnegative>:
    524e:	80 e8       	ldi	r24, 0x80	; 128
    5250:	80 1b       	sub	r24, r16
    5252:	48 17       	cp	r20, r24
    5254:	08 f0       	brcs	.+2      	; 0x5258 <.Lsys_rect_width_clipped>
    5256:	48 2f       	mov	r20, r24

00005258 <.Lsys_rect_width_clipped>:
    5258:	80 e4       	ldi	r24, 0x40	; 64
    525a:	82 1b       	sub	r24, r18
    525c:	68 17       	cp	r22, r24
    525e:	08 f0       	brcs	.+2      	; 0x5262 <.Lsys_rect_height_clipped>
    5260:	68 2f       	mov	r22, r24

00005262 <.Lsys_rect_height_clipped>:
    5262:	62 0f       	add	r22, r18
    5264:	11 e0       	ldi	r17, 0x01	; 1
    5266:	21 fd       	sbrc	r18, 1
    5268:	14 e0       	ldi	r17, 0x04	; 4
    526a:	20 fd       	sbrc	r18, 0
    526c:	11 0f       	add	r17, r17
    526e:	22 fd       	sbrc	r18, 2
    5270:	12 95       	swap	r17
    5272:	11 95       	neg	r17
    5274:	31 e0       	ldi	r19, 0x01	; 1
    5276:	61 fd       	sbrc	r22, 1
    5278:	34 e0       	ldi	r19, 0x04	; 4
    527a:	60 fd       	sbrc	r22, 0
    527c:	33 0f       	add	r19, r19
    527e:	62 fd       	sbrc	r22, 2
    5280:	32 95       	swap	r19
    5282:	31 95       	neg	r19
    5284:	30 fd       	sbrc	r19, 0
    5286:	01 c0       	rjmp	.+2      	; 0x528a <.Lsys_rect_last_mask_ready>
    5288:	30 95       	com	r19

0000528a <.Lsys_rect_last_mask_ready>:
    528a:	6a 95       	dec	r22
    528c:	26 95       	lsr	r18
    528e:	26 95       	lsr	r18
    5290:	26 95       	lsr	r18
    5292:	66 95       	lsr	r22
    5294:	66 95       	lsr	r22
    5296:	66 95       	lsr	r22
    5298:	56 2f       	mov	r21, r22
    529a:	52 1b       	sub	r21, r18
    529c:	53 95       	inc	r21
    529e:	70 e8       	ldi	r23, 0x80	; 128
    52a0:	27 9f       	mul	r18, r23
    52a2:	d0 01       	movw	r26, r0
    52a4:	a0 50       	subi	r26, 0x00	; 0
    52a6:	bb 4f       	sbci	r27, 0xFB	; 251
    52a8:	a0 0f       	add	r26, r16
    52aa:	b2 1d       	adc	r27, r2
    52ac:	74 1b       	sub	r23, r20
    52ae:	00 24       	eor	r0, r0
    52b0:	00 f8       	bld	r0, 0
    52b2:	01 94       	neg	r0
    52b4:	51 30       	cpi	r21, 0x01	; 1
    52b6:	21 f4       	brne	.+8      	; 0x52c0 <.Lsys_rect_multiple_pages>
    52b8:	81 2f       	mov	r24, r17
    52ba:	83 23       	and	r24, r19
    52bc:	18 d0       	rcall	.+48     	; 0x52ee <.Lsys_rect_apply_mask_row>
    52be:	0d c0       	rjmp	.+26     	; 0x52da <.Lsys_rect_finish>

000052c0 <.Lsys_rect_multiple_pages>:
    52c0:	81 2f       	mov	r24, r17
    52c2:	15 d0       	rcall	.+42     	; 0x52ee <.Lsys_rect_apply_mask_row>
    52c4:	a7 0f       	add	r26, r23
    52c6:	b2 1d       	adc	r27, r2
    52c8:	52 50       	subi	r21, 0x02	; 2
    52ca:	29 f0       	breq	.+10     	; 0x52d6 <.Lsys_rect_last_page>

000052cc <.Lsys_rect_middle_page>:
    52cc:	22 d0       	rcall	.+68     	; 0x5312 <.Lsys_rect_fill_row>
    52ce:	a7 0f       	add	r26, r23
    52d0:	b2 1d       	adc	r27, r2
    52d2:	5a 95       	dec	r21
    52d4:	d9 f7       	brne	.-10     	; 0x52cc <.Lsys_rect_middle_page>

000052d6 <.Lsys_rect_last_page>:
    52d6:	83 2f       	mov	r24, r19
    52d8:	0a d0       	rcall	.+20     	; 0x52ee <.Lsys_rect_apply_mask_row>

000052da <.Lsys_rect_finish>:
    52da:	7f 91       	pop	r23
    52dc:	6f 91       	pop	r22
    52de:	5f 91       	pop	r21
    52e0:	4f 91       	pop	r20
    52e2:	3f 91       	pop	r19
    52e4:	2f 91       	pop	r18
    52e6:	1f 91       	pop	r17
    52e8:	0f 91       	pop	r16
    52ea:	0c 94 d3 06 	jmp	0xda6	; 0xda6 <cluster_tail_18>

000052ee <.Lsys_rect_apply_mask_row>:
    52ee:	8f 3f       	cpi	r24, 0xFF	; 255
    52f0:	81 f0       	breq	.+32     	; 0x5312 <.Lsys_rect_fill_row>
    52f2:	46 f0       	brts	.+16     	; 0x5304 <.Lsys_rect_or_row>
    52f4:	80 95       	com	r24
    52f6:	94 2f       	mov	r25, r20

000052f8 <.Lsys_rect_and_loop>:
    52f8:	1c 90       	ld	r1, X
    52fa:	18 22       	and	r1, r24
    52fc:	1d 92       	st	X+, r1
    52fe:	9a 95       	dec	r25
    5300:	d9 f7       	brne	.-10     	; 0x52f8 <.Lsys_rect_and_loop>
    5302:	08 95       	ret

00005304 <.Lsys_rect_or_row>:
    5304:	94 2f       	mov	r25, r20

00005306 <.Lsys_rect_or_loop>:
    5306:	1c 90       	ld	r1, X
    5308:	18 2a       	or	r1, r24
    530a:	1d 92       	st	X+, r1
    530c:	9a 95       	dec	r25
    530e:	d9 f7       	brne	.-10     	; 0x5306 <.Lsys_rect_or_loop>
    5310:	08 95       	ret

00005312 <.Lsys_rect_fill_row>:
    5312:	94 2f       	mov	r25, r20
    5314:	97 70       	andi	r25, 0x07	; 7
    5316:	19 f0       	breq	.+6      	; 0x531e <.Lsys_rect_fill_blocks_setup>

00005318 <.Lsys_rect_fill_remainder>:
    5318:	0d 92       	st	X+, r0
    531a:	9a 95       	dec	r25
    531c:	e9 f7       	brne	.-6      	; 0x5318 <.Lsys_rect_fill_remainder>

0000531e <.Lsys_rect_fill_blocks_setup>:
    531e:	94 2f       	mov	r25, r20
    5320:	98 7f       	andi	r25, 0xF8	; 248
    5322:	51 f0       	breq	.+20     	; 0x5338 <.Lsys_rect_fill_done>

00005324 <.Lsys_rect_fill_block>:
    5324:	0d 92       	st	X+, r0
    5326:	0d 92       	st	X+, r0
    5328:	0d 92       	st	X+, r0
    532a:	0d 92       	st	X+, r0
    532c:	0d 92       	st	X+, r0
    532e:	0d 92       	st	X+, r0
    5330:	0d 92       	st	X+, r0
    5332:	0d 92       	st	X+, r0
    5334:	98 50       	subi	r25, 0x08	; 8
    5336:	b1 f7       	brne	.-20     	; 0x5324 <.Lsys_rect_fill_block>

00005338 <.Lsys_rect_fill_done>:
    5338:	08 95       	ret

0000533a <sys_draw_filled_rect_end>:
    533a:	89 52       	subi	r24, 0x29	; 41
    533c:	e3 ea       	ldi	r30, 0xA3	; 163
    533e:	f9 e2       	ldi	r31, 0x29	; 41
    5340:	e8 0f       	add	r30, r24
    5342:	f2 1d       	adc	r31, r2
    5344:	09 94       	ijmp

00005346 <sys_platform_dispatch_table>:
    5346:	05 c0       	rjmp	.+10     	; 0x5352 <sys_buttons_impl>
    5348:	14 c0       	rjmp	.+40     	; 0x5372 <sys_idle_impl>
    534a:	19 c0       	rjmp	.+50     	; 0x537e <sys_generate_random_seed_impl>
    534c:	3c c0       	rjmp	.+120    	; 0x53c6 <sys_persistence_begin_func>
    534e:	3b c0       	rjmp	.+118    	; 0x53c6 <sys_persistence_begin_func>
    5350:	3a c0       	rjmp	.+116    	; 0x53c6 <sys_persistence_begin_func>

00005352 <sys_buttons_impl>:
    5352:	00 27       	eor	r16, r16
    5354:	11 27       	eor	r17, r17
    5356:	7f 9b       	sbis	0x0f, 7	; 15
    5358:	00 68       	ori	r16, 0x80	; 128
    535a:	7e 9b       	sbis	0x0f, 6	; 15
    535c:	00 64       	ori	r16, 0x40	; 64
    535e:	7d 9b       	sbis	0x0f, 5	; 15
    5360:	00 62       	ori	r16, 0x20	; 32
    5362:	7c 9b       	sbis	0x0f, 4	; 15
    5364:	00 61       	ori	r16, 0x10	; 16
    5366:	66 9b       	sbis	0x0c, 6	; 12
    5368:	08 60       	ori	r16, 0x08	; 8
    536a:	1c 9b       	sbis	0x03, 4	; 3
    536c:	04 60       	ori	r16, 0x04	; 4
    536e:	0c 94 d3 06 	jmp	0xda6	; 0xda6 <cluster_tail_18>

00005372 <sys_idle_impl>:
    5372:	81 e0       	ldi	r24, 0x01	; 1
    5374:	83 bf       	out	0x33, r24	; 51
    5376:	88 95       	sleep
    5378:	23 be       	out	0x33, r2	; 51
    537a:	0c 94 d3 06 	jmp	0xda6	; 0xda6 <cluster_tail_18>

0000537e <sys_generate_random_seed_impl>:
    537e:	90 91 64 00 	lds	r25, 0x0064	; 0x800064 <__DATA_REGION_ORIGIN__+0x4>
    5382:	89 2f       	mov	r24, r25
    5384:	8e 7f       	andi	r24, 0xFE	; 254
    5386:	80 93 64 00 	sts	0x0064, r24	; 0x800064 <__DATA_REGION_ORIGIN__+0x4>
    538a:	a0 91 7c 00 	lds	r26, 0x007C	; 0x80007c <__DATA_REGION_ORIGIN__+0x1c>
    538e:	b1 ec       	ldi	r27, 0xC1	; 193
    5390:	b0 93 7c 00 	sts	0x007C, r27	; 0x80007c <__DATA_REGION_ORIGIN__+0x1c>
    5394:	b7 e8       	ldi	r27, 0x87	; 135
    5396:	b0 93 7a 00 	sts	0x007A, r27	; 0x80007a <__DATA_REGION_ORIGIN__+0x1a>
    539a:	b0 64       	ori	r27, 0x40	; 64
    539c:	b0 93 7a 00 	sts	0x007A, r27	; 0x80007a <__DATA_REGION_ORIGIN__+0x1a>

000053a0 <.L1^B14>:
    53a0:	b0 91 7a 00 	lds	r27, 0x007A	; 0x80007a <__DATA_REGION_ORIGIN__+0x1a>
    53a4:	b6 fd       	sbrc	r27, 6
    53a6:	fc cf       	rjmp	.-8      	; 0x53a0 <.L1^B14>
    53a8:	00 91 78 00 	lds	r16, 0x0078	; 0x800078 <__DATA_REGION_ORIGIN__+0x18>
    53ac:	10 91 79 00 	lds	r17, 0x0079	; 0x800079 <__DATA_REGION_ORIGIN__+0x19>
    53b0:	b6 b5       	in	r27, 0x26	; 38
    53b2:	0b 0f       	add	r16, r27
    53b4:	12 1d       	adc	r17, r2
    53b6:	20 92 7a 00 	sts	0x007A, r2	; 0x80007a <__DATA_REGION_ORIGIN__+0x1a>
    53ba:	a0 93 7c 00 	sts	0x007C, r26	; 0x80007c <__DATA_REGION_ORIGIN__+0x1c>
    53be:	90 93 64 00 	sts	0x0064, r25	; 0x800064 <__DATA_REGION_ORIGIN__+0x4>
    53c2:	0c 94 d3 06 	jmp	0xda6	; 0xda6 <cluster_tail_18>

000053c6 <sys_persistence_begin_func>:
    53c6:	59 9a       	sbi	0x0b, 1	; 11
    53c8:	43 0c       	add	r4, r3
    53ca:	52 1c       	adc	r5, r2
    53cc:	62 1c       	adc	r6, r2
    53ce:	83 50       	subi	r24, 0x03	; 3
    53d0:	ed ee       	ldi	r30, 0xED	; 237
    53d2:	f9 e2       	ldi	r31, 0x29	; 41
    53d4:	e8 0f       	add	r30, r24
    53d6:	f2 1d       	adc	r31, r2
    53d8:	09 94       	ijmp

000053da <sys_persistence_dispatch_table>:
    53da:	51 c0       	rjmp	.+162    	; 0x547e <sys_save_impl>
    53dc:	a6 c0       	rjmp	.+332    	; 0x552a <sys_load_impl>
    53de:	d1 c0       	rjmp	.+418    	; 0x5582 <sys_save_exists_impl>

000053e0 <save_fx_transfer>:
    53e0:	ee bd       	out	0x2e, r30	; 46
    53e2:	02 df       	rcall	.-508    	; 0x51e8 <sprite_delay_16>
    53e4:	ee b5       	in	r30, 0x2e	; 46
    53e6:	08 95       	ret

000053e8 <fx_read_image_save_size_func>:
    53e8:	aa e0       	ldi	r26, 0x0A	; 10
    53ea:	b0 91 00 0a 	lds	r27, 0x0A00	; 0x800a00 <__DATA_REGION_ORIGIN__+0x9a0>
    53ee:	80 91 01 0a 	lds	r24, 0x0A01	; 0x800a01 <__DATA_REGION_ORIGIN__+0x9a1>
    53f2:	59 9a       	sbi	0x0b, 1	; 11
    53f4:	59 98       	cbi	0x0b, 1	; 11
    53f6:	e3 e0       	ldi	r30, 0x03	; 3
    53f8:	f3 df       	rcall	.-26     	; 0x53e0 <save_fx_transfer>
    53fa:	e8 2f       	mov	r30, r24
    53fc:	f1 df       	rcall	.-30     	; 0x53e0 <save_fx_transfer>
    53fe:	eb 2f       	mov	r30, r27
    5400:	ef df       	rcall	.-34     	; 0x53e0 <save_fx_transfer>
    5402:	ea 2f       	mov	r30, r26
    5404:	ed df       	rcall	.-38     	; 0x53e0 <save_fx_transfer>
    5406:	ec df       	rcall	.-40     	; 0x53e0 <save_fx_transfer>
    5408:	0e 2e       	mov	r0, r30
    540a:	ea df       	rcall	.-44     	; 0x53e0 <save_fx_transfer>
    540c:	1e 2e       	mov	r1, r30
    540e:	59 9a       	sbi	0x0b, 1	; 11
    5410:	08 95       	ret

00005412 <fx_save_begin_command_func>:
    5412:	59 9a       	sbi	0x0b, 1	; 11
    5414:	59 98       	cbi	0x0b, 1	; 11
    5416:	e4 df       	rcall	.-56     	; 0x53e0 <save_fx_transfer>
    5418:	f0 91 02 0a 	lds	r31, 0x0A02	; 0x800a02 <__DATA_REGION_ORIGIN__+0x9a2>
    541c:	f9 0f       	add	r31, r25
    541e:	e0 91 03 0a 	lds	r30, 0x0A03	; 0x800a03 <__DATA_REGION_ORIGIN__+0x9a3>
    5422:	e2 1d       	adc	r30, r2
    5424:	dd df       	rcall	.-70     	; 0x53e0 <save_fx_transfer>
    5426:	e0 91 02 0a 	lds	r30, 0x0A02	; 0x800a02 <__DATA_REGION_ORIGIN__+0x9a2>
    542a:	e9 0f       	add	r30, r25
    542c:	d9 df       	rcall	.-78     	; 0x53e0 <save_fx_transfer>
    542e:	e8 2f       	mov	r30, r24
    5430:	d7 df       	rcall	.-82     	; 0x53e0 <save_fx_transfer>
    5432:	08 95       	ret

00005434 <fx_save_write_enable_func>:
    5434:	59 9a       	sbi	0x0b, 1	; 11
    5436:	59 98       	cbi	0x0b, 1	; 11
    5438:	e6 e0       	ldi	r30, 0x06	; 6
    543a:	d2 df       	rcall	.-92     	; 0x53e0 <save_fx_transfer>
    543c:	59 9a       	sbi	0x0b, 1	; 11
    543e:	08 95       	ret

00005440 <fx_save_wait_busy_func>:
    5440:	59 9a       	sbi	0x0b, 1	; 11
    5442:	59 98       	cbi	0x0b, 1	; 11
    5444:	e5 e0       	ldi	r30, 0x05	; 5
    5446:	cc df       	rcall	.-104    	; 0x53e0 <save_fx_transfer>

00005448 <.L1^B15>:
    5448:	e2 2d       	mov	r30, r2
    544a:	ca df       	rcall	.-108    	; 0x53e0 <save_fx_transfer>
    544c:	e0 fd       	sbrc	r30, 0
    544e:	fc cf       	rjmp	.-8      	; 0x5448 <.L1^B15>
    5450:	59 9a       	sbi	0x0b, 1	; 11
    5452:	08 95       	ret

00005454 <fx_save_erase_sector_func>:
    5454:	ef df       	rcall	.-34     	; 0x5434 <fx_save_write_enable_func>
    5456:	88 27       	eor	r24, r24
    5458:	99 27       	eor	r25, r25
    545a:	e0 e2       	ldi	r30, 0x20	; 32
    545c:	da df       	rcall	.-76     	; 0x5412 <fx_save_begin_command_func>
    545e:	59 9a       	sbi	0x0b, 1	; 11
    5460:	ef cf       	rjmp	.-34     	; 0x5440 <fx_save_wait_busy_func>

00005462 <fx_save_begin_program_page_func>:
    5462:	e8 df       	rcall	.-48     	; 0x5434 <fx_save_write_enable_func>
    5464:	e2 e0       	ldi	r30, 0x02	; 2
    5466:	d5 df       	rcall	.-86     	; 0x5412 <fx_save_begin_command_func>
    5468:	08 95       	ret

0000546a <fx_save_record_end_func>:
    546a:	dc 01       	movw	r26, r24
    546c:	a0 0d       	add	r26, r0
    546e:	b1 1d       	adc	r27, r1
    5470:	12 96       	adiw	r26, 0x02	; 2
    5472:	08 95       	ret

00005474 <fx_save_record_fits_func>:
    5474:	ee ef       	ldi	r30, 0xFE	; 254
    5476:	ff e0       	ldi	r31, 0x0F	; 15
    5478:	ea 17       	cp	r30, r26
    547a:	fb 07       	cpc	r31, r27
    547c:	08 95       	ret

0000547e <sys_save_impl>:
    547e:	80 91 04 0a 	lds	r24, 0x0A04	; 0x800a04 <__DATA_REGION_ORIGIN__+0x9a4>
    5482:	80 ff       	sbrs	r24, 0
    5484:	0c 94 92 2a 	jmp	0x5524	; 0x5524 <.Lsys_save_done>
    5488:	af df       	rcall	.-162    	; 0x53e8 <fx_read_image_save_size_func>
    548a:	80 2d       	mov	r24, r0
    548c:	81 29       	or	r24, r1
    548e:	11 f4       	brne	.+4      	; 0x5494 <.Lsys_save_have_size>
    5490:	0c 94 92 2a 	jmp	0x5524	; 0x5524 <.Lsys_save_done>

00005494 <.Lsys_save_have_size>:
    5494:	88 27       	eor	r24, r24
    5496:	99 27       	eor	r25, r25
    5498:	e3 e0       	ldi	r30, 0x03	; 3
    549a:	bb df       	rcall	.-138    	; 0x5412 <fx_save_begin_command_func>

0000549c <.Lsys_save_scan_header>:
    549c:	a1 df       	rcall	.-190    	; 0x53e0 <save_fx_transfer>
    549e:	ae 2f       	mov	r26, r30
    54a0:	9f df       	rcall	.-194    	; 0x53e0 <save_fx_transfer>
    54a2:	be 2f       	mov	r27, r30
    54a4:	a0 15       	cp	r26, r0
    54a6:	b1 05       	cpc	r27, r1
    54a8:	71 f4       	brne	.+28     	; 0x54c6 <.Lsys_save_scan_mismatch>
    54aa:	df df       	rcall	.-66     	; 0x546a <fx_save_record_end_func>
    54ac:	e3 df       	rcall	.-58     	; 0x5474 <fx_save_record_fits_func>
    54ae:	90 f0       	brcs	.+36     	; 0x54d4 <.Lsys_save_erase>
    54b0:	cd 01       	movw	r24, r26
    54b2:	d0 01       	movw	r26, r0

000054b4 <.Lsys_save_skip_payload>:
    54b4:	95 df       	rcall	.-214    	; 0x53e0 <save_fx_transfer>
    54b6:	11 97       	sbiw	r26, 0x01	; 1
    54b8:	e9 f7       	brne	.-6      	; 0x54b4 <.Lsys_save_skip_payload>
    54ba:	ac ef       	ldi	r26, 0xFC	; 252
    54bc:	bf e0       	ldi	r27, 0x0F	; 15
    54be:	a8 17       	cp	r26, r24
    54c0:	b9 07       	cpc	r27, r25
    54c2:	60 f7       	brcc	.-40     	; 0x549c <.Lsys_save_scan_header>
    54c4:	07 c0       	rjmp	.+14     	; 0x54d4 <.Lsys_save_erase>

000054c6 <.Lsys_save_scan_mismatch>:
    54c6:	af 3f       	cpi	r26, 0xFF	; 255
    54c8:	29 f4       	brne	.+10     	; 0x54d4 <.Lsys_save_erase>
    54ca:	bf 3f       	cpi	r27, 0xFF	; 255
    54cc:	19 f4       	brne	.+6      	; 0x54d4 <.Lsys_save_erase>
    54ce:	cd df       	rcall	.-102    	; 0x546a <fx_save_record_end_func>
    54d0:	d1 df       	rcall	.-94     	; 0x5474 <fx_save_record_fits_func>
    54d2:	10 f4       	brcc	.+4      	; 0x54d8 <.Lsys_save_append>

000054d4 <.Lsys_save_erase>:
    54d4:	59 9a       	sbi	0x0b, 1	; 11
    54d6:	be df       	rcall	.-132    	; 0x5454 <fx_save_erase_sector_func>

000054d8 <.Lsys_save_append>:
    54d8:	59 9a       	sbi	0x0b, 1	; 11
    54da:	a0 e0       	ldi	r26, 0x00	; 0
    54dc:	b1 e0       	ldi	r27, 0x01	; 1
    54de:	c1 df       	rcall	.-126    	; 0x5462 <fx_save_begin_program_page_func>
    54e0:	e0 2d       	mov	r30, r0
    54e2:	7e df       	rcall	.-260    	; 0x53e0 <save_fx_transfer>
    54e4:	83 95       	inc	r24
    54e6:	21 f4       	brne	.+8      	; 0x54f0 <.Lsys_save_write_size_high>
    54e8:	93 95       	inc	r25
    54ea:	59 9a       	sbi	0x0b, 1	; 11
    54ec:	a9 df       	rcall	.-174    	; 0x5440 <fx_save_wait_busy_func>
    54ee:	b9 df       	rcall	.-142    	; 0x5462 <fx_save_begin_program_page_func>

000054f0 <.Lsys_save_write_size_high>:
    54f0:	e1 2d       	mov	r30, r1
    54f2:	76 df       	rcall	.-276    	; 0x53e0 <save_fx_transfer>
    54f4:	83 95       	inc	r24
    54f6:	21 f4       	brne	.+8      	; 0x5500 <.Lsys_save_write_payload>
    54f8:	93 95       	inc	r25
    54fa:	59 9a       	sbi	0x0b, 1	; 11
    54fc:	a1 df       	rcall	.-190    	; 0x5440 <fx_save_wait_busy_func>
    54fe:	b1 df       	rcall	.-158    	; 0x5462 <fx_save_begin_program_page_func>

00005500 <.Lsys_save_write_payload>:
    5500:	ed 91       	ld	r30, X+
    5502:	6e df       	rcall	.-292    	; 0x53e0 <save_fx_transfer>
    5504:	03 18       	sub	r0, r3
    5506:	12 08       	sbc	r1, r2
    5508:	83 95       	inc	r24
    550a:	09 f4       	brne	.+2      	; 0x550e <.L1^B16>
    550c:	93 95       	inc	r25

0000550e <.L1^B16>:
    550e:	e0 2d       	mov	r30, r0
    5510:	e1 29       	or	r30, r1
    5512:	31 f0       	breq	.+12     	; 0x5520 <.Lsys_save_finish_page>
    5514:	88 23       	and	r24, r24
    5516:	a1 f7       	brne	.-24     	; 0x5500 <.Lsys_save_write_payload>
    5518:	59 9a       	sbi	0x0b, 1	; 11
    551a:	92 df       	rcall	.-220    	; 0x5440 <fx_save_wait_busy_func>
    551c:	a2 df       	rcall	.-188    	; 0x5462 <fx_save_begin_program_page_func>
    551e:	f0 cf       	rjmp	.-32     	; 0x5500 <.Lsys_save_write_payload>

00005520 <.Lsys_save_finish_page>:
    5520:	59 9a       	sbi	0x0b, 1	; 11
    5522:	8e df       	rcall	.-228    	; 0x5440 <fx_save_wait_busy_func>

00005524 <.Lsys_save_done>:
    5524:	59 9a       	sbi	0x0b, 1	; 11
    5526:	0c 94 5d 09 	jmp	0x12ba	; 0x12ba <seek_and_dispatch_func_disabled>

0000552a <sys_load_impl>:
    552a:	e8 94       	clt
    552c:	80 91 04 0a 	lds	r24, 0x0A04	; 0x800a04 <__DATA_REGION_ORIGIN__+0x9a4>
    5530:	80 ff       	sbrs	r24, 0
    5532:	21 c0       	rjmp	.+66     	; 0x5576 <.Lsys_load_done>
    5534:	59 df       	rcall	.-334    	; 0x53e8 <fx_read_image_save_size_func>
    5536:	80 2d       	mov	r24, r0
    5538:	81 29       	or	r24, r1
    553a:	e9 f0       	breq	.+58     	; 0x5576 <.Lsys_load_done>
    553c:	88 27       	eor	r24, r24
    553e:	99 27       	eor	r25, r25
    5540:	e3 e0       	ldi	r30, 0x03	; 3
    5542:	67 df       	rcall	.-306    	; 0x5412 <fx_save_begin_command_func>

00005544 <.Lsys_load_header>:
    5544:	4d df       	rcall	.-358    	; 0x53e0 <save_fx_transfer>
    5546:	ae 2f       	mov	r26, r30
    5548:	4b df       	rcall	.-362    	; 0x53e0 <save_fx_transfer>
    554a:	be 2f       	mov	r27, r30
    554c:	a0 15       	cp	r26, r0
    554e:	b1 05       	cpc	r27, r1
    5550:	91 f4       	brne	.+36     	; 0x5576 <.Lsys_load_done>
    5552:	8b df       	rcall	.-234    	; 0x546a <fx_save_record_end_func>
    5554:	8f df       	rcall	.-226    	; 0x5474 <fx_save_record_fits_func>
    5556:	78 f0       	brcs	.+30     	; 0x5576 <.Lsys_load_done>
    5558:	cd 01       	movw	r24, r26
    555a:	a0 e0       	ldi	r26, 0x00	; 0
    555c:	b1 e0       	ldi	r27, 0x01	; 1
    555e:	80 01       	movw	r16, r0

00005560 <.Lsys_load_payload>:
    5560:	3f df       	rcall	.-386    	; 0x53e0 <save_fx_transfer>
    5562:	ed 93       	st	X+, r30
    5564:	03 19       	sub	r16, r3
    5566:	12 09       	sbc	r17, r2
    5568:	d9 f7       	brne	.-10     	; 0x5560 <.Lsys_load_payload>
    556a:	68 94       	set
    556c:	ac ef       	ldi	r26, 0xFC	; 252
    556e:	bf e0       	ldi	r27, 0x0F	; 15
    5570:	a8 17       	cp	r26, r24
    5572:	b9 07       	cpc	r27, r25
    5574:	38 f7       	brcc	.-50     	; 0x5544 <.Lsys_load_header>

00005576 <.Lsys_load_done>:
    5576:	59 9a       	sbi	0x0b, 1	; 11
    5578:	00 27       	eor	r16, r16
    557a:	00 f9       	bld	r16, 0
    557c:	11 27       	eor	r17, r17
    557e:	0c 94 5d 09 	jmp	0x12ba	; 0x12ba <seek_and_dispatch_func_disabled>

00005582 <sys_save_exists_impl>:
    5582:	e8 94       	clt
    5584:	80 91 04 0a 	lds	r24, 0x0A04	; 0x800a04 <__DATA_REGION_ORIGIN__+0x9a4>
    5588:	80 ff       	sbrs	r24, 0
    558a:	10 c0       	rjmp	.+32     	; 0x55ac <.Lsys_save_exists_done>
    558c:	2d df       	rcall	.-422    	; 0x53e8 <fx_read_image_save_size_func>
    558e:	80 2d       	mov	r24, r0
    5590:	81 29       	or	r24, r1
    5592:	61 f0       	breq	.+24     	; 0x55ac <.Lsys_save_exists_done>
    5594:	88 27       	eor	r24, r24
    5596:	99 27       	eor	r25, r25
    5598:	e3 e0       	ldi	r30, 0x03	; 3
    559a:	3b df       	rcall	.-394    	; 0x5412 <fx_save_begin_command_func>
    559c:	21 df       	rcall	.-446    	; 0x53e0 <save_fx_transfer>
    559e:	0e 2f       	mov	r16, r30
    55a0:	1f df       	rcall	.-450    	; 0x53e0 <save_fx_transfer>
    55a2:	1e 2f       	mov	r17, r30
    55a4:	00 15       	cp	r16, r0
    55a6:	11 05       	cpc	r17, r1
    55a8:	09 f4       	brne	.+2      	; 0x55ac <.Lsys_save_exists_done>
    55aa:	68 94       	set

000055ac <.Lsys_save_exists_done>:
    55ac:	59 9a       	sbi	0x0b, 1	; 11
    55ae:	00 27       	eor	r16, r16
    55b0:	00 f9       	bld	r16, 0
    55b2:	11 27       	eor	r17, r17
    55b4:	0c 94 5d 09 	jmp	0x12ba	; 0x12ba <seek_and_dispatch_func_disabled>

000055b8 <sys_format_impl>:
    55b8:	b8 2f       	mov	r27, r24
    55ba:	b0 fd       	sbrc	r27, 0
    55bc:	05 c0       	rjmp	.+10     	; 0x55c8 <.Lformat_init_program_source>
    55be:	40 93 3e 0a 	sts	0x0A3E, r20	; 0x800a3e <_end+0x32>
    55c2:	50 93 3f 0a 	sts	0x0A3F, r21	; 0x800a3f <_end+0x33>
    55c6:	0a c0       	rjmp	.+20     	; 0x55dc <.Lformat_source_initialized>

000055c8 <.Lformat_init_program_source>:
    55c8:	40 93 25 0a 	sts	0x0A25, r20	; 0x800a25 <_end+0x19>
    55cc:	50 93 26 0a 	sts	0x0A26, r21	; 0x800a26 <_end+0x1a>
    55d0:	60 93 27 0a 	sts	0x0A27, r22	; 0x800a27 <_end+0x1b>
    55d4:	20 92 28 0a 	sts	0x0A28, r2	; 0x800a28 <_end+0x1c>
    55d8:	20 92 29 0a 	sts	0x0A29, r2	; 0x800a29 <_end+0x1d>

000055dc <.Lformat_source_initialized>:
    55dc:	8e b5       	in	r24, 0x2e	; 46
    55de:	59 9a       	sbi	0x0b, 1	; 11
    55e0:	43 0c       	add	r4, r3
    55e2:	52 1c       	adc	r5, r2
    55e4:	62 1c       	adc	r6, r2
    55e6:	8f 92       	push	r8
    55e8:	9f 92       	push	r9
    55ea:	af 92       	push	r10
    55ec:	bf 92       	push	r11
    55ee:	cf 92       	push	r12
    55f0:	df 92       	push	r13
    55f2:	ef 92       	push	r14
    55f4:	ff 92       	push	r15
    55f6:	b4 fd       	sbrc	r27, 4
    55f8:	02 c0       	rjmp	.+4      	; 0x55fe <.Lformat_r5_save_done>
    55fa:	2f 93       	push	r18
    55fc:	3f 93       	push	r19

000055fe <.Lformat_r5_save_done>:
    55fe:	4f 93       	push	r20
    5600:	5f 93       	push	r21
    5602:	6f 93       	push	r22
    5604:	7f 93       	push	r23
    5606:	cf 93       	push	r28
    5608:	df 93       	push	r29
    560a:	c0 92 40 0a 	sts	0x0A40, r12	; 0x800a40 <_end+0x34>
    560e:	d0 92 41 0a 	sts	0x0A41, r13	; 0x800a41 <_end+0x35>
    5612:	b4 fd       	sbrc	r27, 4
    5614:	16 c0       	rjmp	.+44     	; 0x5642 <.Lformat_text_setup>
    5616:	b5 fd       	sbrc	r27, 5
    5618:	0f c0       	rjmp	.+30     	; 0x5638 <.Lformat_debug_setup>
    561a:	e8 01       	movw	r28, r16
    561c:	e8 94       	clt
    561e:	88 24       	eor	r8, r8
    5620:	99 24       	eor	r9, r9
    5622:	59 01       	movw	r10, r18
    5624:	8b 2f       	mov	r24, r27
    5626:	81 70       	andi	r24, 0x01	; 1
    5628:	9a 2d       	mov	r25, r10
    562a:	9b 29       	or	r25, r11
    562c:	19 f0       	breq	.+6      	; 0x5634 <.Lformat_size_zero>
    562e:	82 60       	ori	r24, 0x02	; 2
    5630:	a3 18       	sub	r10, r3
    5632:	b2 08       	sbc	r11, r2

00005634 <.Lformat_size_zero>:
    5634:	18 2f       	mov	r17, r24
    5636:	31 c1       	rjmp	.+610    	; 0x589a <format_core>

00005638 <.Lformat_debug_setup>:
    5638:	e8 94       	clt
    563a:	88 24       	eor	r8, r8
    563c:	99 24       	eor	r9, r9
    563e:	1b 2f       	mov	r17, r27
    5640:	2c c1       	rjmp	.+600    	; 0x589a <format_core>

00005642 <.Lformat_text_setup>:
    5642:	00 93 59 0a 	sts	0x0A59, r16	; 0x800a59 <_end+0x4d>
    5646:	10 93 5a 0a 	sts	0x0A5A, r17	; 0x800a5a <_end+0x4e>
    564a:	e8 01       	movw	r28, r16
    564c:	1b 2f       	mov	r17, r27
    564e:	68 94       	set
    5650:	20 93 5b 0a 	sts	0x0A5B, r18	; 0x800a5b <_end+0x4f>
    5654:	30 93 5c 0a 	sts	0x0A5C, r19	; 0x800a5c <_end+0x50>
    5658:	80 91 11 0a 	lds	r24, 0x0A11	; 0x800a11 <_end+0x5>
    565c:	88 23       	and	r24, r24
    565e:	11 f4       	brne	.+4      	; 0x5664 <.L1^B17>
    5660:	0c 94 2b 30 	jmp	0x6056	; 0x6056 <text_finish>

00005664 <.L1^B17>:
    5664:	1a c1       	rjmp	.+564    	; 0x589a <format_core>

00005666 <format_finish>:
    5666:	0e f4       	brtc	.+2      	; 0x566a <.Lformat_finish_nontext>
    5668:	f6 c4       	rjmp	.+2540   	; 0x6056 <text_finish>

0000566a <.Lformat_finish_nontext>:
    566a:	15 fd       	sbrc	r17, 5
    566c:	03 c0       	rjmp	.+6      	; 0x5674 <.Lformat_finish_result>
    566e:	11 ff       	sbrs	r17, 1
    5670:	01 c0       	rjmp	.+2      	; 0x5674 <.Lformat_finish_result>
    5672:	28 82       	st	Y, r2

00005674 <.Lformat_finish_result>:
    5674:	13 fd       	sbrc	r17, 3
    5676:	06 c0       	rjmp	.+12     	; 0x5684 <.Lformat_finish_error>
    5678:	12 fd       	sbrc	r17, 2
    567a:	04 c0       	rjmp	.+8      	; 0x5684 <.Lformat_finish_error>
    567c:	97 fc       	sbrc	r9, 7
    567e:	02 c0       	rjmp	.+4      	; 0x5684 <.Lformat_finish_error>
    5680:	c4 01       	movw	r24, r8
    5682:	02 c0       	rjmp	.+4      	; 0x5688 <.Lformat_finish_restore>

00005684 <.Lformat_finish_error>:
    5684:	8f ef       	ldi	r24, 0xFF	; 255
    5686:	9f ef       	ldi	r25, 0xFF	; 255

00005688 <.Lformat_finish_restore>:
    5688:	59 9a       	sbi	0x0b, 1	; 11
    568a:	df 91       	pop	r29
    568c:	cf 91       	pop	r28
    568e:	7f 91       	pop	r23
    5690:	6f 91       	pop	r22
    5692:	5f 91       	pop	r21
    5694:	4f 91       	pop	r20
    5696:	3f 91       	pop	r19
    5698:	2f 91       	pop	r18
    569a:	ff 90       	pop	r15
    569c:	ef 90       	pop	r14
    569e:	df 90       	pop	r13
    56a0:	cf 90       	pop	r12
    56a2:	bf 90       	pop	r11
    56a4:	af 90       	pop	r10
    56a6:	9f 90       	pop	r9
    56a8:	8f 90       	pop	r8
    56aa:	8c 01       	movw	r16, r24
    56ac:	0c 94 5d 09 	jmp	0x12ba	; 0x12ba <seek_and_dispatch_func_disabled>

000056b0 <format_unexpected_character>:
    56b0:	18 60       	ori	r17, 0x08	; 8
    56b2:	d9 cf       	rjmp	.-78     	; 0x5666 <format_finish>

000056b4 <format_add_count>:
    56b4:	88 0e       	add	r8, r24
    56b6:	99 1e       	adc	r9, r25
    56b8:	18 f0       	brcs	.+6      	; 0x56c0 <.Lformat_add_count_overflow>
    56ba:	97 fc       	sbrc	r9, 7
    56bc:	01 c0       	rjmp	.+2      	; 0x56c0 <.Lformat_add_count_overflow>
    56be:	08 95       	ret

000056c0 <.Lformat_add_count_overflow>:
    56c0:	14 60       	ori	r17, 0x04	; 4
    56c2:	08 95       	ret

000056c4 <format_emit_repeat>:
    56c4:	15 fd       	sbrc	r17, 5
    56c6:	02 c0       	rjmp	.+4      	; 0x56cc <.Lformat_emit_repeat_debug>
    56c8:	56 f4       	brtc	.+20     	; 0x56de <.Lformat_emit_repeat_buffer>
    56ca:	f9 c4       	rjmp	.+2546   	; 0x60be <text_emit_repeat>

000056cc <.Lformat_emit_repeat_debug>:
    56cc:	f3 df       	rcall	.-26     	; 0x56b4 <format_add_count>
    56ce:	a8 2f       	mov	r26, r24
    56d0:	a9 2b       	or	r26, r25
    56d2:	a9 f0       	breq	.+42     	; 0x56fe <.Lformat_emit_repeat_done>

000056d4 <.Lformat_emit_repeat_debug_loop>:
    56d4:	00 92 f1 00 	sts	0x00F1, r0	; 0x8000f1 <__DATA_REGION_ORIGIN__+0x91>
    56d8:	01 97       	sbiw	r24, 0x01	; 1
    56da:	e1 f7       	brne	.-8      	; 0x56d4 <.Lformat_emit_repeat_debug_loop>
    56dc:	08 95       	ret

000056de <.Lformat_emit_repeat_buffer>:
    56de:	ea df       	rcall	.-44     	; 0x56b4 <format_add_count>
    56e0:	a8 16       	cp	r10, r24
    56e2:	b9 06       	cpc	r11, r25
    56e4:	20 f4       	brcc	.+8      	; 0x56ee <.Lformat_emit_repeat_fits>
    56e6:	c5 01       	movw	r24, r10
    56e8:	aa 24       	eor	r10, r10
    56ea:	bb 24       	eor	r11, r11
    56ec:	02 c0       	rjmp	.+4      	; 0x56f2 <.Lformat_emit_repeat_copy>

000056ee <.Lformat_emit_repeat_fits>:
    56ee:	a8 1a       	sub	r10, r24
    56f0:	b9 0a       	sbc	r11, r25

000056f2 <.Lformat_emit_repeat_copy>:
    56f2:	a8 2f       	mov	r26, r24
    56f4:	a9 2b       	or	r26, r25
    56f6:	19 f0       	breq	.+6      	; 0x56fe <.Lformat_emit_repeat_done>

000056f8 <.Lformat_emit_repeat_loop>:
    56f8:	09 92       	st	Y+, r0
    56fa:	01 97       	sbiw	r24, 0x01	; 1
    56fc:	e9 f7       	brne	.-6      	; 0x56f8 <.Lformat_emit_repeat_loop>

000056fe <.Lformat_emit_repeat_done>:
    56fe:	08 95       	ret

00005700 <format_emit_ram_span>:
    5700:	15 fd       	sbrc	r17, 5
    5702:	02 c0       	rjmp	.+4      	; 0x5708 <.Lformat_emit_ram_span_debug>
    5704:	5e f4       	brtc	.+22     	; 0x571c <.Lformat_emit_ram_span_buffer>
    5706:	e6 c4       	rjmp	.+2508   	; 0x60d4 <text_emit_ram_span>

00005708 <.Lformat_emit_ram_span_debug>:
    5708:	d5 df       	rcall	.-86     	; 0x56b4 <format_add_count>
    570a:	a8 2f       	mov	r26, r24
    570c:	a9 2b       	or	r26, r25
    570e:	b9 f0       	breq	.+46     	; 0x573e <.Lformat_emit_span_done>

00005710 <.Lformat_emit_ram_span_debug_loop>:
    5710:	01 90       	ld	r0, Z+
    5712:	00 92 f1 00 	sts	0x00F1, r0	; 0x8000f1 <__DATA_REGION_ORIGIN__+0x91>
    5716:	01 97       	sbiw	r24, 0x01	; 1
    5718:	d9 f7       	brne	.-10     	; 0x5710 <.Lformat_emit_ram_span_debug_loop>
    571a:	08 95       	ret

0000571c <.Lformat_emit_ram_span_buffer>:
    571c:	cb df       	rcall	.-106    	; 0x56b4 <format_add_count>
    571e:	a8 16       	cp	r10, r24
    5720:	b9 06       	cpc	r11, r25
    5722:	20 f4       	brcc	.+8      	; 0x572c <.Lformat_emit_span_fits>
    5724:	c5 01       	movw	r24, r10
    5726:	aa 24       	eor	r10, r10
    5728:	bb 24       	eor	r11, r11
    572a:	02 c0       	rjmp	.+4      	; 0x5730 <.Lformat_emit_span_copy>

0000572c <.Lformat_emit_span_fits>:
    572c:	a8 1a       	sub	r10, r24
    572e:	b9 0a       	sbc	r11, r25

00005730 <.Lformat_emit_span_copy>:
    5730:	a8 2f       	mov	r26, r24
    5732:	a9 2b       	or	r26, r25
    5734:	21 f0       	breq	.+8      	; 0x573e <.Lformat_emit_span_done>

00005736 <.Lformat_emit_span_loop>:
    5736:	01 90       	ld	r0, Z+
    5738:	09 92       	st	Y+, r0
    573a:	01 97       	sbiw	r24, 0x01	; 1
    573c:	e1 f7       	brne	.-8      	; 0x5736 <.Lformat_emit_span_loop>

0000573e <.Lformat_emit_span_done>:
    573e:	08 95       	ret

00005740 <format_compute_padding>:
    5740:	a6 01       	movw	r20, r12
    5742:	48 1b       	sub	r20, r24
    5744:	59 0b       	sbc	r21, r25
    5746:	10 f4       	brcc	.+4      	; 0x574c <.Lformat_compute_padding_store>
    5748:	44 27       	eor	r20, r20
    574a:	55 27       	eor	r21, r21

0000574c <.Lformat_compute_padding_store>:
    574c:	40 93 42 0a 	sts	0x0A42, r20	; 0x800a42 <_end+0x36>
    5750:	50 93 43 0a 	sts	0x0A43, r21	; 0x800a43 <_end+0x37>
    5754:	08 95       	ret

00005756 <format_emit_padding_spaces>:
    5756:	80 91 42 0a 	lds	r24, 0x0A42	; 0x800a42 <_end+0x36>
    575a:	90 91 43 0a 	lds	r25, 0x0A43	; 0x800a43 <_end+0x37>
    575e:	00 e2       	ldi	r16, 0x20	; 32
    5760:	00 2e       	mov	r0, r16
    5762:	b0 cf       	rjmp	.-160    	; 0x56c4 <format_emit_repeat>

00005764 <format_emit_pre_padding>:
    5764:	20 ff       	sbrs	r18, 0
    5766:	f7 cf       	rjmp	.-18     	; 0x5756 <format_emit_padding_spaces>
    5768:	08 95       	ret

0000576a <format_emit_post_padding>:
    576a:	20 fd       	sbrc	r18, 0
    576c:	f4 cf       	rjmp	.-24     	; 0x5756 <format_emit_padding_spaces>
    576e:	08 95       	ret

00005770 <format_spi_delay_16>:
    5770:	00 c0       	rjmp	.+0      	; 0x5772 <format_spi_delay_16+0x2>
    5772:	00 c0       	rjmp	.+0      	; 0x5774 <format_spi_delay_16+0x4>
    5774:	00 00       	nop

00005776 <format_spi_delay_11>:
    5776:	00 c0       	rjmp	.+0      	; 0x5778 <format_spi_delay_11+0x2>
    5778:	00 c0       	rjmp	.+0      	; 0x577a <format_spi_delay_7>

0000577a <format_spi_delay_7>:
    577a:	08 95       	ret

0000577c <format_fx_begin_read>:
    577c:	b0 91 00 0a 	lds	r27, 0x0A00	; 0x800a00 <__DATA_REGION_ORIGIN__+0x9a0>
    5780:	9b 0f       	add	r25, r27
    5782:	b0 91 01 0a 	lds	r27, 0x0A01	; 0x800a01 <__DATA_REGION_ORIGIN__+0x9a1>
    5786:	ab 1f       	adc	r26, r27
    5788:	59 98       	cbi	0x0b, 1	; 11
    578a:	b3 e0       	ldi	r27, 0x03	; 3
    578c:	be bd       	out	0x2e, r27	; 46
    578e:	f0 df       	rcall	.-32     	; 0x5770 <format_spi_delay_16>
    5790:	be b5       	in	r27, 0x2e	; 46
    5792:	ae bd       	out	0x2e, r26	; 46
    5794:	ed df       	rcall	.-38     	; 0x5770 <format_spi_delay_16>
    5796:	be b5       	in	r27, 0x2e	; 46
    5798:	9e bd       	out	0x2e, r25	; 46
    579a:	ea df       	rcall	.-44     	; 0x5770 <format_spi_delay_16>
    579c:	be b5       	in	r27, 0x2e	; 46
    579e:	8e bd       	out	0x2e, r24	; 46
    57a0:	e7 df       	rcall	.-50     	; 0x5770 <format_spi_delay_16>
    57a2:	be b5       	in	r27, 0x2e	; 46
    57a4:	2e bc       	out	0x2e, r2	; 46
    57a6:	08 95       	ret

000057a8 <format_read_program_chunk>:
    57a8:	80 93 4c 0a 	sts	0x0A4C, r24	; 0x800a4c <_end+0x40>
    57ac:	90 93 4d 0a 	sts	0x0A4D, r25	; 0x800a4d <_end+0x41>
    57b0:	a0 93 4e 0a 	sts	0x0A4E, r26	; 0x800a4e <_end+0x42>
    57b4:	e3 df       	rcall	.-58     	; 0x577c <format_fx_begin_read>
    57b6:	66 27       	eor	r22, r22
    57b8:	77 27       	eor	r23, r23

000057ba <.Lformat_read_program_chunk_loop>:
    57ba:	da df       	rcall	.-76     	; 0x5770 <format_spi_delay_16>
    57bc:	be b5       	in	r27, 0x2e	; 46
    57be:	b1 93       	st	Z+, r27
    57c0:	63 95       	inc	r22
    57c2:	55 23       	and	r21, r21
    57c4:	21 f0       	breq	.+8      	; 0x57ce <.Lformat_read_program_chunk_count>
    57c6:	bb 23       	and	r27, r27
    57c8:	11 f4       	brne	.+4      	; 0x57ce <.Lformat_read_program_chunk_count>
    57ca:	71 e0       	ldi	r23, 0x01	; 1
    57cc:	04 c0       	rjmp	.+8      	; 0x57d6 <.Lformat_read_program_chunk_done>

000057ce <.Lformat_read_program_chunk_count>:
    57ce:	64 17       	cp	r22, r20
    57d0:	10 f4       	brcc	.+4      	; 0x57d6 <.Lformat_read_program_chunk_done>
    57d2:	2e bc       	out	0x2e, r2	; 46
    57d4:	f2 cf       	rjmp	.-28     	; 0x57ba <.Lformat_read_program_chunk_loop>

000057d6 <.Lformat_read_program_chunk_done>:
    57d6:	59 9a       	sbi	0x0b, 1	; 11
    57d8:	80 91 4c 0a 	lds	r24, 0x0A4C	; 0x800a4c <_end+0x40>
    57dc:	90 91 4d 0a 	lds	r25, 0x0A4D	; 0x800a4d <_end+0x41>
    57e0:	a0 91 4e 0a 	lds	r26, 0x0A4E	; 0x800a4e <_end+0x42>
    57e4:	86 0f       	add	r24, r22
    57e6:	92 1d       	adc	r25, r2
    57e8:	a2 1d       	adc	r26, r2
    57ea:	08 95       	ret

000057ec <format_get_char>:
    57ec:	10 fd       	sbrc	r17, 0
    57ee:	0a c0       	rjmp	.+20     	; 0x5804 <.Lformat_get_char_program>
    57f0:	e0 91 3e 0a 	lds	r30, 0x0A3E	; 0x800a3e <_end+0x32>
    57f4:	f0 91 3f 0a 	lds	r31, 0x0A3F	; 0x800a3f <_end+0x33>
    57f8:	81 91       	ld	r24, Z+
    57fa:	e0 93 3e 0a 	sts	0x0A3E, r30	; 0x800a3e <_end+0x32>
    57fe:	f0 93 3f 0a 	sts	0x0A3F, r31	; 0x800a3f <_end+0x33>
    5802:	08 95       	ret

00005804 <.Lformat_get_char_program>:
    5804:	90 91 28 0a 	lds	r25, 0x0A28	; 0x800a28 <_end+0x1c>
    5808:	a0 91 29 0a 	lds	r26, 0x0A29	; 0x800a29 <_end+0x1d>
    580c:	9a 17       	cp	r25, r26
    580e:	10 f0       	brcs	.+4      	; 0x5814 <.Lformat_get_char_cached>
    5810:	0a d0       	rcall	.+20     	; 0x5826 <format_refill_program_cache>
    5812:	99 27       	eor	r25, r25

00005814 <.Lformat_get_char_cached>:
    5814:	e5 e1       	ldi	r30, 0x15	; 21
    5816:	fa e0       	ldi	r31, 0x0A	; 10
    5818:	e9 0f       	add	r30, r25
    581a:	f2 1d       	adc	r31, r2
    581c:	80 81       	ld	r24, Z
    581e:	93 95       	inc	r25
    5820:	90 93 28 0a 	sts	0x0A28, r25	; 0x800a28 <_end+0x1c>
    5824:	08 95       	ret

00005826 <format_refill_program_cache>:
    5826:	80 91 25 0a 	lds	r24, 0x0A25	; 0x800a25 <_end+0x19>
    582a:	90 91 26 0a 	lds	r25, 0x0A26	; 0x800a26 <_end+0x1a>
    582e:	a0 91 27 0a 	lds	r26, 0x0A27	; 0x800a27 <_end+0x1b>
    5832:	e5 e1       	ldi	r30, 0x15	; 21
    5834:	fa e0       	ldi	r31, 0x0A	; 10
    5836:	40 e1       	ldi	r20, 0x10	; 16
    5838:	51 e0       	ldi	r21, 0x01	; 1
    583a:	b6 df       	rcall	.-148    	; 0x57a8 <format_read_program_chunk>
    583c:	80 93 25 0a 	sts	0x0A25, r24	; 0x800a25 <_end+0x19>
    5840:	90 93 26 0a 	sts	0x0A26, r25	; 0x800a26 <_end+0x1a>
    5844:	a0 93 27 0a 	sts	0x0A27, r26	; 0x800a27 <_end+0x1b>
    5848:	60 93 29 0a 	sts	0x0A29, r22	; 0x800a29 <_end+0x1d>
    584c:	20 92 28 0a 	sts	0x0A28, r2	; 0x800a28 <_end+0x1c>
    5850:	08 95       	ret

00005852 <format_arg_u16>:
    5852:	e0 91 40 0a 	lds	r30, 0x0A40	; 0x800a40 <_end+0x34>
    5856:	f0 91 41 0a 	lds	r31, 0x0A41	; 0x800a41 <_end+0x35>
    585a:	81 91       	ld	r24, Z+
    585c:	91 91       	ld	r25, Z+
    585e:	e0 93 40 0a 	sts	0x0A40, r30	; 0x800a40 <_end+0x34>
    5862:	f0 93 41 0a 	sts	0x0A41, r31	; 0x800a41 <_end+0x35>
    5866:	08 95       	ret

00005868 <format_arg_u32>:
    5868:	e0 91 40 0a 	lds	r30, 0x0A40	; 0x800a40 <_end+0x34>
    586c:	f0 91 41 0a 	lds	r31, 0x0A41	; 0x800a41 <_end+0x35>
    5870:	41 91       	ld	r20, Z+
    5872:	51 91       	ld	r21, Z+
    5874:	61 91       	ld	r22, Z+
    5876:	71 91       	ld	r23, Z+
    5878:	e0 93 40 0a 	sts	0x0A40, r30	; 0x800a40 <_end+0x34>
    587c:	f0 93 41 0a 	sts	0x0A41, r31	; 0x800a41 <_end+0x35>
    5880:	08 95       	ret

00005882 <format_arg_program_pointer>:
    5882:	e0 91 40 0a 	lds	r30, 0x0A40	; 0x800a40 <_end+0x34>
    5886:	f0 91 41 0a 	lds	r31, 0x0A41	; 0x800a41 <_end+0x35>
    588a:	81 91       	ld	r24, Z+
    588c:	91 91       	ld	r25, Z+
    588e:	a1 91       	ld	r26, Z+
    5890:	e0 93 40 0a 	sts	0x0A40, r30	; 0x800a40 <_end+0x34>
    5894:	f0 93 41 0a 	sts	0x0A41, r31	; 0x800a41 <_end+0x35>
    5898:	08 95       	ret

0000589a <format_core>:
    589a:	a8 df       	rcall	.-176    	; 0x57ec <format_get_char>
    589c:	88 23       	and	r24, r24
    589e:	09 f4       	brne	.+2      	; 0x58a2 <.L1^B18>
    58a0:	e2 ce       	rjmp	.-572    	; 0x5666 <format_finish>

000058a2 <.L1^B18>:
    58a2:	85 32       	cpi	r24, 0x25	; 37
    58a4:	11 f0       	breq	.+4      	; 0x58aa <.Lformat_conversion_begin>
    58a6:	43 d4       	rcall	.+2182   	; 0x612e <format_emit_char>
    58a8:	f8 cf       	rjmp	.-16     	; 0x589a <format_core>

000058aa <.Lformat_conversion_begin>:
    58aa:	22 27       	eor	r18, r18
    58ac:	cc 24       	eor	r12, r12
    58ae:	dd 24       	eor	r13, r13
    58b0:	ee 24       	eor	r14, r14
    58b2:	ff 24       	eor	r15, r15
    58b4:	30 e0       	ldi	r19, 0x00	; 0
    58b6:	9a df       	rcall	.-204    	; 0x57ec <format_get_char>

000058b8 <.Lformat_parse_flags>:
    58b8:	8d 32       	cpi	r24, 0x2D	; 45
    58ba:	19 f4       	brne	.+6      	; 0x58c2 <.L1^B19>
    58bc:	21 60       	ori	r18, 0x01	; 1
    58be:	96 df       	rcall	.-212    	; 0x57ec <format_get_char>
    58c0:	fb cf       	rjmp	.-10     	; 0x58b8 <.Lformat_parse_flags>

000058c2 <.L1^B19>:
    58c2:	8b 32       	cpi	r24, 0x2B	; 43
    58c4:	19 f4       	brne	.+6      	; 0x58cc <.L2^B3>
    58c6:	22 60       	ori	r18, 0x02	; 2
    58c8:	91 df       	rcall	.-222    	; 0x57ec <format_get_char>
    58ca:	f6 cf       	rjmp	.-20     	; 0x58b8 <.Lformat_parse_flags>

000058cc <.L2^B3>:
    58cc:	80 32       	cpi	r24, 0x20	; 32
    58ce:	19 f4       	brne	.+6      	; 0x58d6 <.L3^B2>
    58d0:	24 60       	ori	r18, 0x04	; 4
    58d2:	8c df       	rcall	.-232    	; 0x57ec <format_get_char>
    58d4:	f1 cf       	rjmp	.-30     	; 0x58b8 <.Lformat_parse_flags>

000058d6 <.L3^B2>:
    58d6:	83 32       	cpi	r24, 0x23	; 35
    58d8:	19 f4       	brne	.+6      	; 0x58e0 <.L4^B2>
    58da:	28 60       	ori	r18, 0x08	; 8
    58dc:	87 df       	rcall	.-242    	; 0x57ec <format_get_char>
    58de:	ec cf       	rjmp	.-40     	; 0x58b8 <.Lformat_parse_flags>

000058e0 <.L4^B2>:
    58e0:	80 33       	cpi	r24, 0x30	; 48
    58e2:	19 f4       	brne	.+6      	; 0x58ea <.Lformat_parse_width>
    58e4:	20 61       	ori	r18, 0x10	; 16
    58e6:	82 df       	rcall	.-252    	; 0x57ec <format_get_char>
    58e8:	e7 cf       	rjmp	.-50     	; 0x58b8 <.Lformat_parse_flags>

000058ea <.Lformat_parse_width>:
    58ea:	8a 32       	cpi	r24, 0x2A	; 42
    58ec:	61 f4       	brne	.+24     	; 0x5906 <.Lformat_parse_width_digits_entry>
    58ee:	20 64       	ori	r18, 0x40	; 64
    58f0:	b0 df       	rcall	.-160    	; 0x5852 <format_arg_u16>
    58f2:	6c 01       	movw	r12, r24
    58f4:	d7 fe       	sbrs	r13, 7
    58f6:	05 c0       	rjmp	.+10     	; 0x5902 <.Lformat_width_star_ready>
    58f8:	c0 94       	com	r12
    58fa:	d0 94       	com	r13
    58fc:	c3 0c       	add	r12, r3
    58fe:	d2 1c       	adc	r13, r2
    5900:	21 60       	ori	r18, 0x01	; 1

00005902 <.Lformat_width_star_ready>:
    5902:	74 df       	rcall	.-280    	; 0x57ec <format_get_char>
    5904:	23 c0       	rjmp	.+70     	; 0x594c <.Lformat_parse_precision>

00005906 <.Lformat_parse_width_digits_entry>:
    5906:	81 33       	cpi	r24, 0x31	; 49
    5908:	08 f1       	brcs	.+66     	; 0x594c <.Lformat_parse_precision>
    590a:	8a 33       	cpi	r24, 0x3A	; 58
    590c:	f8 f4       	brcc	.+62     	; 0x594c <.Lformat_parse_precision>

0000590e <.Lformat_parse_width_digits>:
    590e:	80 53       	subi	r24, 0x30	; 48
    5910:	ac 2d       	mov	r26, r12
    5912:	bd 2d       	mov	r27, r13
    5914:	b9 31       	cpi	r27, 0x19	; 25
    5916:	30 f0       	brcs	.+12     	; 0x5924 <.Lformat_width_multiply>
    5918:	89 f4       	brne	.+34     	; 0x593c <.Lformat_width_saturate>
    591a:	a9 39       	cpi	r26, 0x99	; 153
    591c:	18 f0       	brcs	.+6      	; 0x5924 <.Lformat_width_multiply>
    591e:	71 f4       	brne	.+28     	; 0x593c <.Lformat_width_saturate>
    5920:	86 30       	cpi	r24, 0x06	; 6
    5922:	60 f4       	brcc	.+24     	; 0x593c <.Lformat_width_saturate>

00005924 <.Lformat_width_multiply>:
    5924:	cc 0c       	add	r12, r12
    5926:	dd 1c       	adc	r13, r13
    5928:	a6 01       	movw	r20, r12
    592a:	cc 0c       	add	r12, r12
    592c:	dd 1c       	adc	r13, r13
    592e:	cc 0c       	add	r12, r12
    5930:	dd 1c       	adc	r13, r13
    5932:	c4 0e       	add	r12, r20
    5934:	d5 1e       	adc	r13, r21
    5936:	c8 0e       	add	r12, r24
    5938:	d2 1c       	adc	r13, r2
    593a:	03 c0       	rjmp	.+6      	; 0x5942 <.Lformat_width_digit_done>

0000593c <.Lformat_width_saturate>:
    593c:	8f ef       	ldi	r24, 0xFF	; 255
    593e:	c8 2e       	mov	r12, r24
    5940:	d8 2e       	mov	r13, r24

00005942 <.Lformat_width_digit_done>:
    5942:	54 df       	rcall	.-344    	; 0x57ec <format_get_char>
    5944:	80 33       	cpi	r24, 0x30	; 48
    5946:	10 f0       	brcs	.+4      	; 0x594c <.Lformat_parse_precision>
    5948:	8a 33       	cpi	r24, 0x3A	; 58
    594a:	08 f3       	brcs	.-62     	; 0x590e <.Lformat_parse_width_digits>

0000594c <.Lformat_parse_precision>:
    594c:	8e 32       	cpi	r24, 0x2E	; 46
    594e:	99 f5       	brne	.+102    	; 0x59b6 <.Lformat_parse_length>
    5950:	20 62       	ori	r18, 0x20	; 32
    5952:	ee 24       	eor	r14, r14
    5954:	ff 24       	eor	r15, r15
    5956:	4a df       	rcall	.-364    	; 0x57ec <format_get_char>
    5958:	8a 32       	cpi	r24, 0x2A	; 42
    595a:	51 f4       	brne	.+20     	; 0x5970 <.Lformat_parse_precision_digits_entry>
    595c:	20 68       	ori	r18, 0x80	; 128
    595e:	79 df       	rcall	.-270    	; 0x5852 <format_arg_u16>
    5960:	97 fd       	sbrc	r25, 7
    5962:	03 c0       	rjmp	.+6      	; 0x596a <.Lformat_precision_star_negative>
    5964:	7c 01       	movw	r14, r24
    5966:	42 df       	rcall	.-380    	; 0x57ec <format_get_char>
    5968:	26 c0       	rjmp	.+76     	; 0x59b6 <.Lformat_parse_length>

0000596a <.Lformat_precision_star_negative>:
    596a:	2f 7d       	andi	r18, 0xDF	; 223
    596c:	3f df       	rcall	.-386    	; 0x57ec <format_get_char>
    596e:	23 c0       	rjmp	.+70     	; 0x59b6 <.Lformat_parse_length>

00005970 <.Lformat_parse_precision_digits_entry>:
    5970:	80 33       	cpi	r24, 0x30	; 48
    5972:	08 f1       	brcs	.+66     	; 0x59b6 <.Lformat_parse_length>
    5974:	8a 33       	cpi	r24, 0x3A	; 58
    5976:	f8 f4       	brcc	.+62     	; 0x59b6 <.Lformat_parse_length>

00005978 <.Lformat_parse_precision_digits>:
    5978:	80 53       	subi	r24, 0x30	; 48
    597a:	ae 2d       	mov	r26, r14
    597c:	bf 2d       	mov	r27, r15
    597e:	b9 31       	cpi	r27, 0x19	; 25
    5980:	30 f0       	brcs	.+12     	; 0x598e <.Lformat_precision_multiply>
    5982:	89 f4       	brne	.+34     	; 0x59a6 <.Lformat_precision_saturate>
    5984:	a9 39       	cpi	r26, 0x99	; 153
    5986:	18 f0       	brcs	.+6      	; 0x598e <.Lformat_precision_multiply>
    5988:	71 f4       	brne	.+28     	; 0x59a6 <.Lformat_precision_saturate>
    598a:	86 30       	cpi	r24, 0x06	; 6
    598c:	60 f4       	brcc	.+24     	; 0x59a6 <.Lformat_precision_saturate>

0000598e <.Lformat_precision_multiply>:
    598e:	ee 0c       	add	r14, r14
    5990:	ff 1c       	adc	r15, r15
    5992:	a7 01       	movw	r20, r14
    5994:	ee 0c       	add	r14, r14
    5996:	ff 1c       	adc	r15, r15
    5998:	ee 0c       	add	r14, r14
    599a:	ff 1c       	adc	r15, r15
    599c:	e4 0e       	add	r14, r20
    599e:	f5 1e       	adc	r15, r21
    59a0:	e8 0e       	add	r14, r24
    59a2:	f2 1c       	adc	r15, r2
    59a4:	03 c0       	rjmp	.+6      	; 0x59ac <.Lformat_precision_digit_done>

000059a6 <.Lformat_precision_saturate>:
    59a6:	8f ef       	ldi	r24, 0xFF	; 255
    59a8:	e8 2e       	mov	r14, r24
    59aa:	f8 2e       	mov	r15, r24

000059ac <.Lformat_precision_digit_done>:
    59ac:	1f df       	rcall	.-450    	; 0x57ec <format_get_char>
    59ae:	80 33       	cpi	r24, 0x30	; 48
    59b0:	10 f0       	brcs	.+4      	; 0x59b6 <.Lformat_parse_length>
    59b2:	8a 33       	cpi	r24, 0x3A	; 58
    59b4:	08 f3       	brcs	.-62     	; 0x5978 <.Lformat_parse_precision_digits>

000059b6 <.Lformat_parse_length>:
    59b6:	88 36       	cpi	r24, 0x68	; 104
    59b8:	39 f4       	brne	.+14     	; 0x59c8 <.Lformat_length_not_h>
    59ba:	32 e0       	ldi	r19, 0x02	; 2
    59bc:	17 df       	rcall	.-466    	; 0x57ec <format_get_char>
    59be:	88 36       	cpi	r24, 0x68	; 104
    59c0:	89 f4       	brne	.+34     	; 0x59e4 <.Lformat_dispatch_conversion>
    59c2:	31 e0       	ldi	r19, 0x01	; 1
    59c4:	13 df       	rcall	.-474    	; 0x57ec <format_get_char>
    59c6:	0e c0       	rjmp	.+28     	; 0x59e4 <.Lformat_dispatch_conversion>

000059c8 <.Lformat_length_not_h>:
    59c8:	8c 36       	cpi	r24, 0x6C	; 108
    59ca:	19 f4       	brne	.+6      	; 0x59d2 <.L1^B20>
    59cc:	33 e0       	ldi	r19, 0x03	; 3
    59ce:	0e df       	rcall	.-484    	; 0x57ec <format_get_char>
    59d0:	09 c0       	rjmp	.+18     	; 0x59e4 <.Lformat_dispatch_conversion>

000059d2 <.L1^B20>:
    59d2:	8a 37       	cpi	r24, 0x7A	; 122
    59d4:	19 f4       	brne	.+6      	; 0x59dc <.L2^B4>
    59d6:	34 e0       	ldi	r19, 0x04	; 4
    59d8:	09 df       	rcall	.-494    	; 0x57ec <format_get_char>
    59da:	04 c0       	rjmp	.+8      	; 0x59e4 <.Lformat_dispatch_conversion>

000059dc <.L2^B4>:
    59dc:	84 37       	cpi	r24, 0x74	; 116
    59de:	11 f4       	brne	.+4      	; 0x59e4 <.Lformat_dispatch_conversion>
    59e0:	35 e0       	ldi	r19, 0x05	; 5
    59e2:	04 df       	rcall	.-504    	; 0x57ec <format_get_char>

000059e4 <.Lformat_dispatch_conversion>:
    59e4:	80 93 48 0a 	sts	0x0A48, r24	; 0x800a48 <_end+0x3c>
    59e8:	85 32       	cpi	r24, 0x25	; 37
    59ea:	09 f4       	brne	.+2      	; 0x59ee <.L1^B21>
    59ec:	2f c0       	rjmp	.+94     	; 0x5a4c <format_conversion_percent>

000059ee <.L1^B21>:
    59ee:	83 36       	cpi	r24, 0x63	; 99
    59f0:	09 f4       	brne	.+2      	; 0x59f4 <.L2^B5>
    59f2:	39 c0       	rjmp	.+114    	; 0x5a66 <format_conversion_char>

000059f4 <.L2^B5>:
    59f4:	83 37       	cpi	r24, 0x73	; 115
    59f6:	09 f4       	brne	.+2      	; 0x59fa <.L3^B3>
    59f8:	47 c0       	rjmp	.+142    	; 0x5a88 <format_conversion_string>

000059fa <.L3^B3>:
    59fa:	83 35       	cpi	r24, 0x53	; 83
    59fc:	09 f4       	brne	.+2      	; 0x5a00 <.L4^B3>
    59fe:	7a c0       	rjmp	.+244    	; 0x5af4 <format_conversion_program_string>

00005a00 <.L4^B3>:
    5a00:	80 35       	cpi	r24, 0x50	; 80
    5a02:	09 f4       	brne	.+2      	; 0x5a06 <.L5^B1>
    5a04:	11 c1       	rjmp	.+546    	; 0x5c28 <format_conversion_program_pointer>

00005a06 <.L5^B1>:
    5a06:	80 37       	cpi	r24, 0x70	; 112
    5a08:	09 f4       	brne	.+2      	; 0x5a0c <.L6^B1>
    5a0a:	06 c1       	rjmp	.+524    	; 0x5c18 <format_conversion_pointer>

00005a0c <.L6^B1>:
    5a0c:	84 36       	cpi	r24, 0x64	; 100
    5a0e:	c9 f0       	breq	.+50     	; 0x5a42 <.Lformat_integer_dispatch>
    5a10:	89 36       	cpi	r24, 0x69	; 105
    5a12:	b9 f0       	breq	.+46     	; 0x5a42 <.Lformat_integer_dispatch>
    5a14:	85 37       	cpi	r24, 0x75	; 117
    5a16:	a9 f0       	breq	.+42     	; 0x5a42 <.Lformat_integer_dispatch>
    5a18:	8f 36       	cpi	r24, 0x6F	; 111
    5a1a:	99 f0       	breq	.+38     	; 0x5a42 <.Lformat_integer_dispatch>
    5a1c:	88 37       	cpi	r24, 0x78	; 120
    5a1e:	89 f0       	breq	.+34     	; 0x5a42 <.Lformat_integer_dispatch>
    5a20:	88 35       	cpi	r24, 0x58	; 88
    5a22:	79 f0       	breq	.+30     	; 0x5a42 <.Lformat_integer_dispatch>
    5a24:	86 36       	cpi	r24, 0x66	; 102
    5a26:	71 f0       	breq	.+28     	; 0x5a44 <.Lformat_float_dispatch>
    5a28:	85 36       	cpi	r24, 0x65	; 101
    5a2a:	61 f0       	breq	.+24     	; 0x5a44 <.Lformat_float_dispatch>
    5a2c:	85 34       	cpi	r24, 0x45	; 69
    5a2e:	51 f0       	breq	.+20     	; 0x5a44 <.Lformat_float_dispatch>
    5a30:	87 36       	cpi	r24, 0x67	; 103
    5a32:	41 f0       	breq	.+16     	; 0x5a44 <.Lformat_float_dispatch>
    5a34:	87 34       	cpi	r24, 0x47	; 71
    5a36:	31 f0       	breq	.+12     	; 0x5a44 <.Lformat_float_dispatch>
    5a38:	81 36       	cpi	r24, 0x61	; 97
    5a3a:	21 f0       	breq	.+8      	; 0x5a44 <.Lformat_float_dispatch>
    5a3c:	81 34       	cpi	r24, 0x41	; 65
    5a3e:	11 f0       	breq	.+4      	; 0x5a44 <.Lformat_float_dispatch>
    5a40:	37 ce       	rjmp	.-914    	; 0x56b0 <format_unexpected_character>

00005a42 <.Lformat_integer_dispatch>:
    5a42:	2b c1       	rjmp	.+598    	; 0x5c9a <format_conversion_integer>

00005a44 <.Lformat_float_dispatch>:
    5a44:	0c 94 74 31 	jmp	0x62e8	; 0x62e8 <format_conversion_float>

00005a48 <format_validate_default_length>:
    5a48:	33 23       	and	r19, r19
    5a4a:	08 95       	ret

00005a4c <format_conversion_percent>:
    5a4c:	fd df       	rcall	.-6      	; 0x5a48 <format_validate_default_length>
    5a4e:	09 f0       	breq	.+2      	; 0x5a52 <.L1^B22>
    5a50:	2f ce       	rjmp	.-930    	; 0x56b0 <format_unexpected_character>

00005a52 <.L1^B22>:
    5a52:	22 23       	and	r18, r18
    5a54:	09 f0       	breq	.+2      	; 0x5a58 <.L1^B23>
    5a56:	2c ce       	rjmp	.-936    	; 0x56b0 <format_unexpected_character>

00005a58 <.L1^B23>:
    5a58:	8c 2d       	mov	r24, r12
    5a5a:	8d 29       	or	r24, r13
    5a5c:	09 f0       	breq	.+2      	; 0x5a60 <.L2^B6>
    5a5e:	28 ce       	rjmp	.-944    	; 0x56b0 <format_unexpected_character>

00005a60 <.L2^B6>:
    5a60:	85 e2       	ldi	r24, 0x25	; 37
    5a62:	65 d3       	rcall	.+1738   	; 0x612e <format_emit_char>
    5a64:	1a cf       	rjmp	.-460    	; 0x589a <format_core>

00005a66 <format_conversion_char>:
    5a66:	f0 df       	rcall	.-32     	; 0x5a48 <format_validate_default_length>
    5a68:	09 f0       	breq	.+2      	; 0x5a6c <.L1^B24>
    5a6a:	22 ce       	rjmp	.-956    	; 0x56b0 <format_unexpected_character>

00005a6c <.L1^B24>:
    5a6c:	25 fd       	sbrc	r18, 5
    5a6e:	20 ce       	rjmp	.-960    	; 0x56b0 <format_unexpected_character>
    5a70:	f0 de       	rcall	.-544    	; 0x5852 <format_arg_u16>
    5a72:	80 93 48 0a 	sts	0x0A48, r24	; 0x800a48 <_end+0x3c>
    5a76:	81 e0       	ldi	r24, 0x01	; 1
    5a78:	99 27       	eor	r25, r25
    5a7a:	62 de       	rcall	.-828    	; 0x5740 <format_compute_padding>
    5a7c:	73 de       	rcall	.-794    	; 0x5764 <format_emit_pre_padding>
    5a7e:	80 91 48 0a 	lds	r24, 0x0A48	; 0x800a48 <_end+0x3c>
    5a82:	55 d3       	rcall	.+1706   	; 0x612e <format_emit_char>
    5a84:	72 de       	rcall	.-796    	; 0x576a <format_emit_post_padding>
    5a86:	09 cf       	rjmp	.-494    	; 0x589a <format_core>

00005a88 <format_conversion_string>:
    5a88:	df df       	rcall	.-66     	; 0x5a48 <format_validate_default_length>
    5a8a:	09 f0       	breq	.+2      	; 0x5a8e <.L1^B25>
    5a8c:	11 ce       	rjmp	.-990    	; 0x56b0 <format_unexpected_character>

00005a8e <.L1^B25>:
    5a8e:	e1 de       	rcall	.-574    	; 0x5852 <format_arg_u16>
    5a90:	80 93 36 0a 	sts	0x0A36, r24	; 0x800a36 <_end+0x2a>
    5a94:	90 93 37 0a 	sts	0x0A37, r25	; 0x800a37 <_end+0x2b>
    5a98:	44 27       	eor	r20, r20
    5a9a:	55 27       	eor	r21, r21
    5a9c:	25 ff       	sbrs	r18, 5
    5a9e:	10 c0       	rjmp	.+32     	; 0x5ac0 <.Lformat_string_measure_unbounded>
    5aa0:	ae 2d       	mov	r26, r14
    5aa2:	af 29       	or	r26, r15
    5aa4:	a9 f0       	breq	.+42     	; 0x5ad0 <.Lformat_string_measured>

00005aa6 <.Lformat_string_measure_bounded>:
    5aa6:	4e 15       	cp	r20, r14
    5aa8:	5f 05       	cpc	r21, r15
    5aaa:	90 f4       	brcc	.+36     	; 0x5ad0 <.Lformat_string_measured>
    5aac:	fc 01       	movw	r30, r24
    5aae:	e4 0f       	add	r30, r20
    5ab0:	f5 1f       	adc	r31, r21
    5ab2:	a0 81       	ld	r26, Z
    5ab4:	aa 23       	and	r26, r26
    5ab6:	61 f0       	breq	.+24     	; 0x5ad0 <.Lformat_string_measured>
    5ab8:	43 95       	inc	r20
    5aba:	a9 f7       	brne	.-22     	; 0x5aa6 <.Lformat_string_measure_bounded>
    5abc:	53 95       	inc	r21
    5abe:	f3 cf       	rjmp	.-26     	; 0x5aa6 <.Lformat_string_measure_bounded>

00005ac0 <.Lformat_string_measure_unbounded>:
    5ac0:	fc 01       	movw	r30, r24

00005ac2 <.Lformat_string_measure_unbounded_loop>:
    5ac2:	a1 91       	ld	r26, Z+
    5ac4:	aa 23       	and	r26, r26
    5ac6:	21 f0       	breq	.+8      	; 0x5ad0 <.Lformat_string_measured>
    5ac8:	43 95       	inc	r20
    5aca:	d9 f7       	brne	.-10     	; 0x5ac2 <.Lformat_string_measure_unbounded_loop>
    5acc:	53 95       	inc	r21
    5ace:	f9 cf       	rjmp	.-14     	; 0x5ac2 <.Lformat_string_measure_unbounded_loop>

00005ad0 <.Lformat_string_measured>:
    5ad0:	40 93 3c 0a 	sts	0x0A3C, r20	; 0x800a3c <_end+0x30>
    5ad4:	50 93 3d 0a 	sts	0x0A3D, r21	; 0x800a3d <_end+0x31>
    5ad8:	ca 01       	movw	r24, r20
    5ada:	32 de       	rcall	.-924    	; 0x5740 <format_compute_padding>
    5adc:	43 de       	rcall	.-890    	; 0x5764 <format_emit_pre_padding>
    5ade:	e0 91 36 0a 	lds	r30, 0x0A36	; 0x800a36 <_end+0x2a>
    5ae2:	f0 91 37 0a 	lds	r31, 0x0A37	; 0x800a37 <_end+0x2b>
    5ae6:	80 91 3c 0a 	lds	r24, 0x0A3C	; 0x800a3c <_end+0x30>
    5aea:	90 91 3d 0a 	lds	r25, 0x0A3D	; 0x800a3d <_end+0x31>
    5aee:	08 de       	rcall	.-1008   	; 0x5700 <format_emit_ram_span>
    5af0:	3c de       	rcall	.-904    	; 0x576a <format_emit_post_padding>
    5af2:	d3 ce       	rjmp	.-602    	; 0x589a <format_core>

00005af4 <format_conversion_program_string>:
    5af4:	a9 df       	rcall	.-174    	; 0x5a48 <format_validate_default_length>
    5af6:	09 f0       	breq	.+2      	; 0x5afa <.L1^B26>
    5af8:	db cd       	rjmp	.-1098   	; 0x56b0 <format_unexpected_character>

00005afa <.L1^B26>:
    5afa:	c3 de       	rcall	.-634    	; 0x5882 <format_arg_program_pointer>
    5afc:	80 93 36 0a 	sts	0x0A36, r24	; 0x800a36 <_end+0x2a>
    5b00:	90 93 37 0a 	sts	0x0A37, r25	; 0x800a37 <_end+0x2b>
    5b04:	a0 93 38 0a 	sts	0x0A38, r26	; 0x800a38 <_end+0x2c>
    5b08:	80 93 39 0a 	sts	0x0A39, r24	; 0x800a39 <_end+0x2d>
    5b0c:	90 93 3a 0a 	sts	0x0A3A, r25	; 0x800a3a <_end+0x2e>
    5b10:	a0 93 3b 0a 	sts	0x0A3B, r26	; 0x800a3b <_end+0x2f>
    5b14:	20 92 3c 0a 	sts	0x0A3C, r2	; 0x800a3c <_end+0x30>
    5b18:	20 92 3d 0a 	sts	0x0A3D, r2	; 0x800a3d <_end+0x31>
    5b1c:	25 ff       	sbrs	r18, 5
    5b1e:	04 c0       	rjmp	.+8      	; 0x5b28 <.L1^B27>
    5b20:	8e 2d       	mov	r24, r14
    5b22:	8f 29       	or	r24, r15
    5b24:	09 f4       	brne	.+2      	; 0x5b28 <.L1^B27>
    5b26:	3e c0       	rjmp	.+124    	; 0x5ba4 <.L1^B28>

00005b28 <.L1^B27>:
    5b28:	25 ff       	sbrs	r18, 5
    5b2a:	07 c0       	rjmp	.+14     	; 0x5b3a <.Lformat_program_string_measure_choose>
    5b2c:	80 91 3c 0a 	lds	r24, 0x0A3C	; 0x800a3c <_end+0x30>
    5b30:	90 91 3d 0a 	lds	r25, 0x0A3D	; 0x800a3d <_end+0x31>
    5b34:	8e 15       	cp	r24, r14
    5b36:	9f 05       	cpc	r25, r15
    5b38:	a8 f5       	brcc	.+106    	; 0x5ba4 <.L1^B28>

00005b3a <.Lformat_program_string_measure_choose>:
    5b3a:	4c e0       	ldi	r20, 0x0C	; 12
    5b3c:	25 ff       	sbrs	r18, 5
    5b3e:	0c c0       	rjmp	.+24     	; 0x5b58 <.Lformat_program_string_measure_read>
    5b40:	c7 01       	movw	r24, r14
    5b42:	a0 91 3c 0a 	lds	r26, 0x0A3C	; 0x800a3c <_end+0x30>
    5b46:	b0 91 3d 0a 	lds	r27, 0x0A3D	; 0x800a3d <_end+0x31>
    5b4a:	8a 1b       	sub	r24, r26
    5b4c:	9b 0b       	sbc	r25, r27
    5b4e:	99 23       	and	r25, r25
    5b50:	19 f4       	brne	.+6      	; 0x5b58 <.Lformat_program_string_measure_read>
    5b52:	8c 30       	cpi	r24, 0x0C	; 12
    5b54:	08 f4       	brcc	.+2      	; 0x5b58 <.Lformat_program_string_measure_read>
    5b56:	48 2f       	mov	r20, r24

00005b58 <.Lformat_program_string_measure_read>:
    5b58:	80 91 39 0a 	lds	r24, 0x0A39	; 0x800a39 <_end+0x2d>
    5b5c:	90 91 3a 0a 	lds	r25, 0x0A3A	; 0x800a3a <_end+0x2e>
    5b60:	a0 91 3b 0a 	lds	r26, 0x0A3B	; 0x800a3b <_end+0x2f>
    5b64:	ea e2       	ldi	r30, 0x2A	; 42
    5b66:	fa e0       	ldi	r31, 0x0A	; 10
    5b68:	51 e0       	ldi	r21, 0x01	; 1
    5b6a:	1e de       	rcall	.-964    	; 0x57a8 <format_read_program_chunk>
    5b6c:	80 93 39 0a 	sts	0x0A39, r24	; 0x800a39 <_end+0x2d>
    5b70:	90 93 3a 0a 	sts	0x0A3A, r25	; 0x800a3a <_end+0x2e>
    5b74:	a0 93 3b 0a 	sts	0x0A3B, r26	; 0x800a3b <_end+0x2f>
    5b78:	86 2f       	mov	r24, r22
    5b7a:	99 27       	eor	r25, r25
    5b7c:	77 23       	and	r23, r23
    5b7e:	09 f0       	breq	.+2      	; 0x5b82 <.Lformat_program_string_measure_add>
    5b80:	8a 95       	dec	r24

00005b82 <.Lformat_program_string_measure_add>:
    5b82:	a0 91 3c 0a 	lds	r26, 0x0A3C	; 0x800a3c <_end+0x30>
    5b86:	b0 91 3d 0a 	lds	r27, 0x0A3D	; 0x800a3d <_end+0x31>
    5b8a:	a8 0f       	add	r26, r24
    5b8c:	b9 1f       	adc	r27, r25
    5b8e:	18 f4       	brcc	.+6      	; 0x5b96 <.Lformat_program_string_measure_store>
    5b90:	af ef       	ldi	r26, 0xFF	; 255
    5b92:	bf ef       	ldi	r27, 0xFF	; 255
    5b94:	14 60       	ori	r17, 0x04	; 4

00005b96 <.Lformat_program_string_measure_store>:
    5b96:	a0 93 3c 0a 	sts	0x0A3C, r26	; 0x800a3c <_end+0x30>
    5b9a:	b0 93 3d 0a 	sts	0x0A3D, r27	; 0x800a3d <_end+0x31>
    5b9e:	77 23       	and	r23, r23
    5ba0:	09 f4       	brne	.+2      	; 0x5ba4 <.L1^B28>
    5ba2:	c2 cf       	rjmp	.-124    	; 0x5b28 <.L1^B27>

00005ba4 <.L1^B28>:
    5ba4:	80 91 3c 0a 	lds	r24, 0x0A3C	; 0x800a3c <_end+0x30>
    5ba8:	90 91 3d 0a 	lds	r25, 0x0A3D	; 0x800a3d <_end+0x31>
    5bac:	c9 dd       	rcall	.-1134   	; 0x5740 <format_compute_padding>
    5bae:	da dd       	rcall	.-1100   	; 0x5764 <format_emit_pre_padding>
    5bb0:	80 91 36 0a 	lds	r24, 0x0A36	; 0x800a36 <_end+0x2a>
    5bb4:	90 91 37 0a 	lds	r25, 0x0A37	; 0x800a37 <_end+0x2b>
    5bb8:	a0 91 38 0a 	lds	r26, 0x0A38	; 0x800a38 <_end+0x2c>
    5bbc:	80 93 39 0a 	sts	0x0A39, r24	; 0x800a39 <_end+0x2d>
    5bc0:	90 93 3a 0a 	sts	0x0A3A, r25	; 0x800a3a <_end+0x2e>
    5bc4:	a0 93 3b 0a 	sts	0x0A3B, r26	; 0x800a3b <_end+0x2f>
    5bc8:	c0 90 3c 0a 	lds	r12, 0x0A3C	; 0x800a3c <_end+0x30>
    5bcc:	d0 90 3d 0a 	lds	r13, 0x0A3D	; 0x800a3d <_end+0x31>

00005bd0 <.Lformat_program_string_emit_loop>:
    5bd0:	8c 2d       	mov	r24, r12
    5bd2:	8d 29       	or	r24, r13
    5bd4:	f9 f0       	breq	.+62     	; 0x5c14 <.Lformat_program_string_emit_done>
    5bd6:	4c e0       	ldi	r20, 0x0C	; 12
    5bd8:	dd 20       	and	r13, r13
    5bda:	21 f4       	brne	.+8      	; 0x5be4 <.Lformat_program_string_emit_read>
    5bdc:	8c 2d       	mov	r24, r12
    5bde:	8c 30       	cpi	r24, 0x0C	; 12
    5be0:	08 f4       	brcc	.+2      	; 0x5be4 <.Lformat_program_string_emit_read>
    5be2:	4c 2d       	mov	r20, r12

00005be4 <.Lformat_program_string_emit_read>:
    5be4:	80 91 39 0a 	lds	r24, 0x0A39	; 0x800a39 <_end+0x2d>
    5be8:	90 91 3a 0a 	lds	r25, 0x0A3A	; 0x800a3a <_end+0x2e>
    5bec:	a0 91 3b 0a 	lds	r26, 0x0A3B	; 0x800a3b <_end+0x2f>
    5bf0:	ea e2       	ldi	r30, 0x2A	; 42
    5bf2:	fa e0       	ldi	r31, 0x0A	; 10
    5bf4:	55 27       	eor	r21, r21
    5bf6:	d8 dd       	rcall	.-1104   	; 0x57a8 <format_read_program_chunk>
    5bf8:	80 93 39 0a 	sts	0x0A39, r24	; 0x800a39 <_end+0x2d>
    5bfc:	90 93 3a 0a 	sts	0x0A3A, r25	; 0x800a3a <_end+0x2e>
    5c00:	a0 93 3b 0a 	sts	0x0A3B, r26	; 0x800a3b <_end+0x2f>
    5c04:	c6 1a       	sub	r12, r22
    5c06:	d2 08       	sbc	r13, r2
    5c08:	ea e2       	ldi	r30, 0x2A	; 42
    5c0a:	fa e0       	ldi	r31, 0x0A	; 10
    5c0c:	86 2f       	mov	r24, r22
    5c0e:	99 27       	eor	r25, r25
    5c10:	77 dd       	rcall	.-1298   	; 0x5700 <format_emit_ram_span>
    5c12:	de cf       	rjmp	.-68     	; 0x5bd0 <.Lformat_program_string_emit_loop>

00005c14 <.Lformat_program_string_emit_done>:
    5c14:	aa dd       	rcall	.-1196   	; 0x576a <format_emit_post_padding>
    5c16:	41 ce       	rjmp	.-894    	; 0x589a <format_core>

00005c18 <format_conversion_pointer>:
    5c18:	17 df       	rcall	.-466    	; 0x5a48 <format_validate_default_length>
    5c1a:	09 f0       	breq	.+2      	; 0x5c1e <.L1^B29>
    5c1c:	49 cd       	rjmp	.-1390   	; 0x56b0 <format_unexpected_character>

00005c1e <.L1^B29>:
    5c1e:	19 de       	rcall	.-974    	; 0x5852 <format_arg_u16>
    5c20:	ea e2       	ldi	r30, 0x2A	; 42
    5c22:	fa e0       	ldi	r31, 0x0A	; 10
    5c24:	64 e0       	ldi	r22, 0x04	; 4
    5c26:	11 c0       	rjmp	.+34     	; 0x5c4a <.Lformat_pointer_store_low16>

00005c28 <format_conversion_program_pointer>:
    5c28:	0f df       	rcall	.-482    	; 0x5a48 <format_validate_default_length>
    5c2a:	09 f0       	breq	.+2      	; 0x5c2e <.L1^B30>
    5c2c:	41 cd       	rjmp	.-1406   	; 0x56b0 <format_unexpected_character>

00005c2e <.L1^B30>:
    5c2e:	29 de       	rcall	.-942    	; 0x5882 <format_arg_program_pointer>
    5c30:	ea e2       	ldi	r30, 0x2A	; 42
    5c32:	fa e0       	ldi	r31, 0x0A	; 10
    5c34:	0a 2e       	mov	r0, r26
    5c36:	a0 2d       	mov	r26, r0
    5c38:	a2 95       	swap	r26
    5c3a:	af 70       	andi	r26, 0x0F	; 15
    5c3c:	28 d0       	rcall	.+80     	; 0x5c8e <format_hex_nibble_to_char>
    5c3e:	a1 93       	st	Z+, r26
    5c40:	a0 2d       	mov	r26, r0
    5c42:	af 70       	andi	r26, 0x0F	; 15
    5c44:	24 d0       	rcall	.+72     	; 0x5c8e <format_hex_nibble_to_char>
    5c46:	a1 93       	st	Z+, r26
    5c48:	66 e0       	ldi	r22, 0x06	; 6

00005c4a <.Lformat_pointer_store_low16>:
    5c4a:	a9 2f       	mov	r26, r25
    5c4c:	a2 95       	swap	r26
    5c4e:	af 70       	andi	r26, 0x0F	; 15
    5c50:	1e d0       	rcall	.+60     	; 0x5c8e <format_hex_nibble_to_char>
    5c52:	a1 93       	st	Z+, r26
    5c54:	a9 2f       	mov	r26, r25
    5c56:	af 70       	andi	r26, 0x0F	; 15
    5c58:	1a d0       	rcall	.+52     	; 0x5c8e <format_hex_nibble_to_char>
    5c5a:	a1 93       	st	Z+, r26
    5c5c:	a8 2f       	mov	r26, r24
    5c5e:	a2 95       	swap	r26
    5c60:	af 70       	andi	r26, 0x0F	; 15
    5c62:	15 d0       	rcall	.+42     	; 0x5c8e <format_hex_nibble_to_char>
    5c64:	a1 93       	st	Z+, r26
    5c66:	a8 2f       	mov	r26, r24
    5c68:	af 70       	andi	r26, 0x0F	; 15
    5c6a:	11 d0       	rcall	.+34     	; 0x5c8e <format_hex_nibble_to_char>
    5c6c:	a0 83       	st	Z, r26
    5c6e:	86 2f       	mov	r24, r22
    5c70:	8e 5f       	subi	r24, 0xFE	; 254
    5c72:	99 27       	eor	r25, r25
    5c74:	65 dd       	rcall	.-1334   	; 0x5740 <format_compute_padding>
    5c76:	76 dd       	rcall	.-1300   	; 0x5764 <format_emit_pre_padding>
    5c78:	80 e3       	ldi	r24, 0x30	; 48
    5c7a:	59 d2       	rcall	.+1202   	; 0x612e <format_emit_char>
    5c7c:	88 e7       	ldi	r24, 0x78	; 120
    5c7e:	57 d2       	rcall	.+1198   	; 0x612e <format_emit_char>
    5c80:	ea e2       	ldi	r30, 0x2A	; 42
    5c82:	fa e0       	ldi	r31, 0x0A	; 10
    5c84:	86 2f       	mov	r24, r22
    5c86:	99 27       	eor	r25, r25
    5c88:	3b dd       	rcall	.-1418   	; 0x5700 <format_emit_ram_span>
    5c8a:	6f dd       	rcall	.-1314   	; 0x576a <format_emit_post_padding>
    5c8c:	06 ce       	rjmp	.-1012   	; 0x589a <format_core>

00005c8e <format_hex_nibble_to_char>:
    5c8e:	aa 30       	cpi	r26, 0x0A	; 10
    5c90:	10 f0       	brcs	.+4      	; 0x5c96 <.L1^B31>
    5c92:	a9 5a       	subi	r26, 0xA9	; 169
    5c94:	08 95       	ret

00005c96 <.L1^B31>:
    5c96:	a0 5d       	subi	r26, 0xD0	; 208
    5c98:	08 95       	ret

00005c9a <format_conversion_integer>:
    5c9a:	33 30       	cpi	r19, 0x03	; 3
    5c9c:	49 f0       	breq	.+18     	; 0x5cb0 <.Lformat_integer_load_long>
    5c9e:	d9 dd       	rcall	.-1102   	; 0x5852 <format_arg_u16>
    5ca0:	48 2f       	mov	r20, r24
    5ca2:	59 2f       	mov	r21, r25
    5ca4:	66 27       	eor	r22, r22
    5ca6:	77 27       	eor	r23, r23
    5ca8:	31 30       	cpi	r19, 0x01	; 1
    5caa:	19 f4       	brne	.+6      	; 0x5cb2 <.Lformat_integer_loaded>
    5cac:	55 27       	eor	r21, r21
    5cae:	01 c0       	rjmp	.+2      	; 0x5cb2 <.Lformat_integer_loaded>

00005cb0 <.Lformat_integer_load_long>:
    5cb0:	db dd       	rcall	.-1098   	; 0x5868 <format_arg_u32>

00005cb2 <.Lformat_integer_loaded>:
    5cb2:	80 91 48 0a 	lds	r24, 0x0A48	; 0x800a48 <_end+0x3c>
    5cb6:	aa 27       	eor	r26, r26
    5cb8:	84 36       	cpi	r24, 0x64	; 100
    5cba:	11 f0       	breq	.+4      	; 0x5cc0 <.Lformat_integer_signed>
    5cbc:	89 36       	cpi	r24, 0x69	; 105
    5cbe:	09 f4       	brne	.+2      	; 0x5cc2 <.Lformat_integer_unsigned>

00005cc0 <.Lformat_integer_signed>:
    5cc0:	a4 60       	ori	r26, 0x04	; 4

00005cc2 <.Lformat_integer_unsigned>:
    5cc2:	8f 36       	cpi	r24, 0x6F	; 111
    5cc4:	11 f4       	brne	.+4      	; 0x5cca <.L1^B32>
    5cc6:	a1 60       	ori	r26, 0x01	; 1
    5cc8:	0a c0       	rjmp	.+20     	; 0x5cde <.Lformat_integer_mode_ready>

00005cca <.L1^B32>:
    5cca:	88 37       	cpi	r24, 0x78	; 120
    5ccc:	11 f0       	breq	.+4      	; 0x5cd2 <.L2^B7>
    5cce:	88 35       	cpi	r24, 0x58	; 88
    5cd0:	29 f4       	brne	.+10     	; 0x5cdc <.Lformat_integer_decimal_mode>

00005cd2 <.L2^B7>:
    5cd2:	a2 60       	ori	r26, 0x02	; 2
    5cd4:	88 35       	cpi	r24, 0x58	; 88
    5cd6:	19 f4       	brne	.+6      	; 0x5cde <.Lformat_integer_mode_ready>
    5cd8:	a8 60       	ori	r26, 0x08	; 8
    5cda:	01 c0       	rjmp	.+2      	; 0x5cde <.Lformat_integer_mode_ready>

00005cdc <.Lformat_integer_decimal_mode>:
    5cdc:	a0 60       	ori	r26, 0x00	; 0

00005cde <.Lformat_integer_mode_ready>:
    5cde:	a0 93 4a 0a 	sts	0x0A4A, r26	; 0x800a4a <_end+0x3e>
    5ce2:	20 92 47 0a 	sts	0x0A47, r2	; 0x800a47 <_end+0x3b>
    5ce6:	a2 ff       	sbrs	r26, 2
    5ce8:	27 c0       	rjmp	.+78     	; 0x5d38 <.Lformat_integer_magnitude_ready>
    5cea:	33 30       	cpi	r19, 0x03	; 3
    5cec:	61 f0       	breq	.+24     	; 0x5d06 <.Lformat_integer_test_sign>
    5cee:	31 30       	cpi	r19, 0x01	; 1
    5cf0:	31 f4       	brne	.+12     	; 0x5cfe <.Lformat_integer_sign_extend_16>
    5cf2:	47 ff       	sbrs	r20, 7
    5cf4:	08 c0       	rjmp	.+16     	; 0x5d06 <.Lformat_integer_test_sign>
    5cf6:	5f ef       	ldi	r21, 0xFF	; 255
    5cf8:	6f ef       	ldi	r22, 0xFF	; 255
    5cfa:	7f ef       	ldi	r23, 0xFF	; 255
    5cfc:	04 c0       	rjmp	.+8      	; 0x5d06 <.Lformat_integer_test_sign>

00005cfe <.Lformat_integer_sign_extend_16>:
    5cfe:	57 ff       	sbrs	r21, 7
    5d00:	02 c0       	rjmp	.+4      	; 0x5d06 <.Lformat_integer_test_sign>
    5d02:	6f ef       	ldi	r22, 0xFF	; 255
    5d04:	7f ef       	ldi	r23, 0xFF	; 255

00005d06 <.Lformat_integer_test_sign>:
    5d06:	77 ff       	sbrs	r23, 7
    5d08:	0c c0       	rjmp	.+24     	; 0x5d22 <.Lformat_integer_positive_sign>
    5d0a:	8d e2       	ldi	r24, 0x2D	; 45
    5d0c:	80 93 47 0a 	sts	0x0A47, r24	; 0x800a47 <_end+0x3b>
    5d10:	40 95       	com	r20
    5d12:	50 95       	com	r21
    5d14:	60 95       	com	r22
    5d16:	70 95       	com	r23
    5d18:	43 0d       	add	r20, r3
    5d1a:	52 1d       	adc	r21, r2
    5d1c:	62 1d       	adc	r22, r2
    5d1e:	72 1d       	adc	r23, r2
    5d20:	0b c0       	rjmp	.+22     	; 0x5d38 <.Lformat_integer_magnitude_ready>

00005d22 <.Lformat_integer_positive_sign>:
    5d22:	21 fd       	sbrc	r18, 1
    5d24:	06 c0       	rjmp	.+12     	; 0x5d32 <.Lformat_integer_plus_sign>
    5d26:	22 ff       	sbrs	r18, 2
    5d28:	07 c0       	rjmp	.+14     	; 0x5d38 <.Lformat_integer_magnitude_ready>
    5d2a:	80 e2       	ldi	r24, 0x20	; 32
    5d2c:	80 93 47 0a 	sts	0x0A47, r24	; 0x800a47 <_end+0x3b>
    5d30:	03 c0       	rjmp	.+6      	; 0x5d38 <.Lformat_integer_magnitude_ready>

00005d32 <.Lformat_integer_plus_sign>:
    5d32:	8b e2       	ldi	r24, 0x2B	; 43
    5d34:	80 93 47 0a 	sts	0x0A47, r24	; 0x800a47 <_end+0x3b>

00005d38 <.Lformat_integer_magnitude_ready>:
    5d38:	84 2f       	mov	r24, r20
    5d3a:	85 2b       	or	r24, r21
    5d3c:	86 2b       	or	r24, r22
    5d3e:	87 2b       	or	r24, r23
    5d40:	80 93 49 0a 	sts	0x0A49, r24	; 0x800a49 <_end+0x3d>
    5d44:	03 d0       	rcall	.+6      	; 0x5d4c <format_generate_integer_digits>
    5d46:	7d d0       	rcall	.+250    	; 0x5e42 <format_prepare_integer_field>
    5d48:	da d0       	rcall	.+436    	; 0x5efe <format_emit_integer_field>
    5d4a:	a7 cd       	rjmp	.-1202   	; 0x589a <format_core>

00005d4c <format_generate_integer_digits>:
    5d4c:	20 92 46 0a 	sts	0x0A46, r2	; 0x800a46 <_end+0x3a>
    5d50:	80 91 49 0a 	lds	r24, 0x0A49	; 0x800a49 <_end+0x3d>
    5d54:	88 23       	and	r24, r24
    5d56:	71 f4       	brne	.+28     	; 0x5d74 <.Lformat_generate_digits_loop>
    5d58:	25 ff       	sbrs	r18, 5
    5d5a:	04 c0       	rjmp	.+8      	; 0x5d64 <.L1^B33>
    5d5c:	8e 2d       	mov	r24, r14
    5d5e:	8f 29       	or	r24, r15
    5d60:	09 f4       	brne	.+2      	; 0x5d64 <.L1^B33>
    5d62:	53 c0       	rjmp	.+166    	; 0x5e0a <.L1^B34>

00005d64 <.L1^B33>:
    5d64:	ea e2       	ldi	r30, 0x2A	; 42
    5d66:	fa e0       	ldi	r31, 0x0A	; 10
    5d68:	80 e3       	ldi	r24, 0x30	; 48
    5d6a:	80 83       	st	Z, r24
    5d6c:	81 e0       	ldi	r24, 0x01	; 1
    5d6e:	80 93 46 0a 	sts	0x0A46, r24	; 0x800a46 <_end+0x3a>
    5d72:	4b c0       	rjmp	.+150    	; 0x5e0a <.L1^B34>

00005d74 <.Lformat_generate_digits_loop>:
    5d74:	a0 91 4a 0a 	lds	r26, 0x0A4A	; 0x800a4a <_end+0x3e>
    5d78:	ba 2f       	mov	r27, r26
    5d7a:	b3 70       	andi	r27, 0x03	; 3
    5d7c:	b2 30       	cpi	r27, 0x02	; 2
    5d7e:	31 f0       	breq	.+12     	; 0x5d8c <.Lformat_generate_hex_digit>
    5d80:	b1 30       	cpi	r27, 0x01	; 1
    5d82:	21 f1       	breq	.+72     	; 0x5dcc <.Lformat_generate_octal_digit>
    5d84:	43 d0       	rcall	.+134    	; 0x5e0c <format_divide_u32_by_10>
    5d86:	a8 2f       	mov	r26, r24
    5d88:	a0 5d       	subi	r26, 0xD0	; 208
    5d8a:	2f c0       	rjmp	.+94     	; 0x5dea <.Lformat_store_generated_digit>

00005d8c <.Lformat_generate_hex_digit>:
    5d8c:	a4 2f       	mov	r26, r20
    5d8e:	af 70       	andi	r26, 0x0F	; 15
    5d90:	b0 91 4a 0a 	lds	r27, 0x0A4A	; 0x800a4a <_end+0x3e>
    5d94:	b3 ff       	sbrs	r27, 3
    5d96:	04 c0       	rjmp	.+8      	; 0x5da0 <.Lformat_hex_lower_digit>
    5d98:	aa 30       	cpi	r26, 0x0A	; 10
    5d9a:	30 f0       	brcs	.+12     	; 0x5da8 <.Lformat_hex_numeric_digit>
    5d9c:	a9 5c       	subi	r26, 0xC9	; 201
    5d9e:	05 c0       	rjmp	.+10     	; 0x5daa <.Lformat_hex_digit_ready>

00005da0 <.Lformat_hex_lower_digit>:
    5da0:	aa 30       	cpi	r26, 0x0A	; 10
    5da2:	10 f0       	brcs	.+4      	; 0x5da8 <.Lformat_hex_numeric_digit>
    5da4:	a9 5a       	subi	r26, 0xA9	; 169
    5da6:	01 c0       	rjmp	.+2      	; 0x5daa <.Lformat_hex_digit_ready>

00005da8 <.Lformat_hex_numeric_digit>:
    5da8:	a0 5d       	subi	r26, 0xD0	; 208

00005daa <.Lformat_hex_digit_ready>:
    5daa:	76 95       	lsr	r23
    5dac:	67 95       	ror	r22
    5dae:	57 95       	ror	r21
    5db0:	47 95       	ror	r20
    5db2:	76 95       	lsr	r23
    5db4:	67 95       	ror	r22
    5db6:	57 95       	ror	r21
    5db8:	47 95       	ror	r20
    5dba:	76 95       	lsr	r23
    5dbc:	67 95       	ror	r22
    5dbe:	57 95       	ror	r21
    5dc0:	47 95       	ror	r20
    5dc2:	76 95       	lsr	r23
    5dc4:	67 95       	ror	r22
    5dc6:	57 95       	ror	r21
    5dc8:	47 95       	ror	r20
    5dca:	0f c0       	rjmp	.+30     	; 0x5dea <.Lformat_store_generated_digit>

00005dcc <.Lformat_generate_octal_digit>:
    5dcc:	a4 2f       	mov	r26, r20
    5dce:	a7 70       	andi	r26, 0x07	; 7
    5dd0:	a0 5d       	subi	r26, 0xD0	; 208
    5dd2:	76 95       	lsr	r23
    5dd4:	67 95       	ror	r22
    5dd6:	57 95       	ror	r21
    5dd8:	47 95       	ror	r20
    5dda:	76 95       	lsr	r23
    5ddc:	67 95       	ror	r22
    5dde:	57 95       	ror	r21
    5de0:	47 95       	ror	r20
    5de2:	76 95       	lsr	r23
    5de4:	67 95       	ror	r22
    5de6:	57 95       	ror	r21
    5de8:	47 95       	ror	r20

00005dea <.Lformat_store_generated_digit>:
    5dea:	80 91 46 0a 	lds	r24, 0x0A46	; 0x800a46 <_end+0x3a>
    5dee:	ea e2       	ldi	r30, 0x2A	; 42
    5df0:	fa e0       	ldi	r31, 0x0A	; 10
    5df2:	e8 0f       	add	r30, r24
    5df4:	f2 1d       	adc	r31, r2
    5df6:	a0 83       	st	Z, r26
    5df8:	83 95       	inc	r24
    5dfa:	80 93 46 0a 	sts	0x0A46, r24	; 0x800a46 <_end+0x3a>
    5dfe:	94 2f       	mov	r25, r20
    5e00:	95 2b       	or	r25, r21
    5e02:	96 2b       	or	r25, r22
    5e04:	97 2b       	or	r25, r23
    5e06:	09 f0       	breq	.+2      	; 0x5e0a <.L1^B34>
    5e08:	b5 cf       	rjmp	.-150    	; 0x5d74 <.Lformat_generate_digits_loop>

00005e0a <.L1^B34>:
    5e0a:	08 95       	ret

00005e0c <format_divide_u32_by_10>:
    5e0c:	88 27       	eor	r24, r24
    5e0e:	97 2f       	mov	r25, r23
    5e10:	0b d0       	rcall	.+22     	; 0x5e28 <format_divide_byte_by_10>
    5e12:	79 2f       	mov	r23, r25
    5e14:	96 2f       	mov	r25, r22
    5e16:	08 d0       	rcall	.+16     	; 0x5e28 <format_divide_byte_by_10>
    5e18:	69 2f       	mov	r22, r25
    5e1a:	95 2f       	mov	r25, r21
    5e1c:	05 d0       	rcall	.+10     	; 0x5e28 <format_divide_byte_by_10>
    5e1e:	59 2f       	mov	r21, r25
    5e20:	94 2f       	mov	r25, r20
    5e22:	02 d0       	rcall	.+4      	; 0x5e28 <format_divide_byte_by_10>
    5e24:	49 2f       	mov	r20, r25
    5e26:	08 95       	ret

00005e28 <format_divide_byte_by_10>:
    5e28:	a8 2f       	mov	r26, r24
    5e2a:	89 2f       	mov	r24, r25
    5e2c:	bb 27       	eor	r27, r27

00005e2e <.Lformat_divide_byte_loop>:
    5e2e:	aa 23       	and	r26, r26
    5e30:	11 f4       	brne	.+4      	; 0x5e36 <.Lformat_divide_byte_subtract>
    5e32:	8a 30       	cpi	r24, 0x0A	; 10
    5e34:	20 f0       	brcs	.+8      	; 0x5e3e <.Lformat_divide_byte_done>

00005e36 <.Lformat_divide_byte_subtract>:
    5e36:	8a 50       	subi	r24, 0x0A	; 10
    5e38:	a0 40       	sbci	r26, 0x00	; 0
    5e3a:	b3 95       	inc	r27
    5e3c:	f8 cf       	rjmp	.-16     	; 0x5e2e <.Lformat_divide_byte_loop>

00005e3e <.Lformat_divide_byte_done>:
    5e3e:	9b 2f       	mov	r25, r27
    5e40:	08 95       	ret

00005e42 <format_prepare_integer_field>:
    5e42:	20 92 44 0a 	sts	0x0A44, r2	; 0x800a44 <_end+0x38>
    5e46:	20 92 45 0a 	sts	0x0A45, r2	; 0x800a45 <_end+0x39>
    5e4a:	20 92 4b 0a 	sts	0x0A4B, r2	; 0x800a4b <_end+0x3f>
    5e4e:	80 91 46 0a 	lds	r24, 0x0A46	; 0x800a46 <_end+0x3a>
    5e52:	99 27       	eor	r25, r25
    5e54:	25 ff       	sbrs	r18, 5
    5e56:	0a c0       	rjmp	.+20     	; 0x5e6c <.Lformat_integer_precision_ready>
    5e58:	e8 16       	cp	r14, r24
    5e5a:	f9 06       	cpc	r15, r25
    5e5c:	38 f0       	brcs	.+14     	; 0x5e6c <.Lformat_integer_precision_ready>
    5e5e:	d7 01       	movw	r26, r14
    5e60:	a8 1b       	sub	r26, r24
    5e62:	b9 0b       	sbc	r27, r25
    5e64:	a0 93 44 0a 	sts	0x0A44, r26	; 0x800a44 <_end+0x38>
    5e68:	b0 93 45 0a 	sts	0x0A45, r27	; 0x800a45 <_end+0x39>

00005e6c <.Lformat_integer_precision_ready>:
    5e6c:	a0 91 4a 0a 	lds	r26, 0x0A4A	; 0x800a4a <_end+0x3e>
    5e70:	ba 2f       	mov	r27, r26
    5e72:	b3 70       	andi	r27, 0x03	; 3
    5e74:	23 ff       	sbrs	r18, 3
    5e76:	23 c0       	rjmp	.+70     	; 0x5ebe <.Lformat_integer_prefix_ready>
    5e78:	b2 30       	cpi	r27, 0x02	; 2
    5e7a:	71 f4       	brne	.+28     	; 0x5e98 <.Lformat_integer_check_octal_prefix>
    5e7c:	80 91 49 0a 	lds	r24, 0x0A49	; 0x800a49 <_end+0x3d>
    5e80:	88 23       	and	r24, r24
    5e82:	e9 f0       	breq	.+58     	; 0x5ebe <.Lformat_integer_prefix_ready>
    5e84:	a3 ff       	sbrs	r26, 3
    5e86:	04 c0       	rjmp	.+8      	; 0x5e90 <.Lformat_integer_hex_lower_prefix>
    5e88:	83 e0       	ldi	r24, 0x03	; 3
    5e8a:	80 93 4b 0a 	sts	0x0A4B, r24	; 0x800a4b <_end+0x3f>
    5e8e:	17 c0       	rjmp	.+46     	; 0x5ebe <.Lformat_integer_prefix_ready>

00005e90 <.Lformat_integer_hex_lower_prefix>:
    5e90:	82 e0       	ldi	r24, 0x02	; 2
    5e92:	80 93 4b 0a 	sts	0x0A4B, r24	; 0x800a4b <_end+0x3f>
    5e96:	13 c0       	rjmp	.+38     	; 0x5ebe <.Lformat_integer_prefix_ready>

00005e98 <.Lformat_integer_check_octal_prefix>:
    5e98:	b1 30       	cpi	r27, 0x01	; 1
    5e9a:	89 f4       	brne	.+34     	; 0x5ebe <.Lformat_integer_prefix_ready>
    5e9c:	80 91 44 0a 	lds	r24, 0x0A44	; 0x800a44 <_end+0x38>
    5ea0:	90 91 45 0a 	lds	r25, 0x0A45	; 0x800a45 <_end+0x39>
    5ea4:	89 2b       	or	r24, r25
    5ea6:	59 f4       	brne	.+22     	; 0x5ebe <.Lformat_integer_prefix_ready>
    5ea8:	80 91 49 0a 	lds	r24, 0x0A49	; 0x800a49 <_end+0x3d>
    5eac:	88 23       	and	r24, r24
    5eae:	21 f4       	brne	.+8      	; 0x5eb8 <.Lformat_integer_set_octal_prefix>
    5eb0:	80 91 46 0a 	lds	r24, 0x0A46	; 0x800a46 <_end+0x3a>
    5eb4:	88 23       	and	r24, r24
    5eb6:	19 f4       	brne	.+6      	; 0x5ebe <.Lformat_integer_prefix_ready>

00005eb8 <.Lformat_integer_set_octal_prefix>:
    5eb8:	81 e0       	ldi	r24, 0x01	; 1
    5eba:	80 93 4b 0a 	sts	0x0A4B, r24	; 0x800a4b <_end+0x3f>

00005ebe <.Lformat_integer_prefix_ready>:
    5ebe:	80 91 46 0a 	lds	r24, 0x0A46	; 0x800a46 <_end+0x3a>
    5ec2:	99 27       	eor	r25, r25
    5ec4:	a0 91 44 0a 	lds	r26, 0x0A44	; 0x800a44 <_end+0x38>
    5ec8:	b0 91 45 0a 	lds	r27, 0x0A45	; 0x800a45 <_end+0x39>
    5ecc:	8a 0f       	add	r24, r26
    5ece:	9b 1f       	adc	r25, r27
    5ed0:	88 f0       	brcs	.+34     	; 0x5ef4 <.Lformat_integer_content_saturate>
    5ed2:	a0 91 47 0a 	lds	r26, 0x0A47	; 0x800a47 <_end+0x3b>
    5ed6:	aa 23       	and	r26, r26
    5ed8:	11 f0       	breq	.+4      	; 0x5ede <.L1^B35>
    5eda:	01 96       	adiw	r24, 0x01	; 1
    5edc:	59 f0       	breq	.+22     	; 0x5ef4 <.Lformat_integer_content_saturate>

00005ede <.L1^B35>:
    5ede:	a0 91 4b 0a 	lds	r26, 0x0A4B	; 0x800a4b <_end+0x3f>
    5ee2:	aa 23       	and	r26, r26
    5ee4:	51 f0       	breq	.+20     	; 0x5efa <.Lformat_integer_content_ready>
    5ee6:	a1 30       	cpi	r26, 0x01	; 1
    5ee8:	19 f0       	breq	.+6      	; 0x5ef0 <.L2^B8>
    5eea:	02 96       	adiw	r24, 0x02	; 2
    5eec:	18 f0       	brcs	.+6      	; 0x5ef4 <.Lformat_integer_content_saturate>
    5eee:	05 c0       	rjmp	.+10     	; 0x5efa <.Lformat_integer_content_ready>

00005ef0 <.L2^B8>:
    5ef0:	01 96       	adiw	r24, 0x01	; 1
    5ef2:	19 f4       	brne	.+6      	; 0x5efa <.Lformat_integer_content_ready>

00005ef4 <.Lformat_integer_content_saturate>:
    5ef4:	8f ef       	ldi	r24, 0xFF	; 255
    5ef6:	9f ef       	ldi	r25, 0xFF	; 255
    5ef8:	14 60       	ori	r17, 0x04	; 4

00005efa <.Lformat_integer_content_ready>:
    5efa:	22 dc       	rcall	.-1980   	; 0x5740 <format_compute_padding>
    5efc:	08 95       	ret

00005efe <format_emit_integer_field>:
    5efe:	33 27       	eor	r19, r19
    5f00:	20 fd       	sbrc	r18, 0
    5f02:	06 c0       	rjmp	.+12     	; 0x5f10 <.Lformat_integer_emit_spaces>
    5f04:	25 fd       	sbrc	r18, 5
    5f06:	04 c0       	rjmp	.+8      	; 0x5f10 <.Lformat_integer_emit_spaces>
    5f08:	24 ff       	sbrs	r18, 4
    5f0a:	02 c0       	rjmp	.+4      	; 0x5f10 <.Lformat_integer_emit_spaces>
    5f0c:	31 e0       	ldi	r19, 0x01	; 1
    5f0e:	01 c0       	rjmp	.+2      	; 0x5f12 <.Lformat_integer_emit_sign>

00005f10 <.Lformat_integer_emit_spaces>:
    5f10:	29 dc       	rcall	.-1966   	; 0x5764 <format_emit_pre_padding>

00005f12 <.Lformat_integer_emit_sign>:
    5f12:	80 91 47 0a 	lds	r24, 0x0A47	; 0x800a47 <_end+0x3b>
    5f16:	88 23       	and	r24, r24
    5f18:	09 f0       	breq	.+2      	; 0x5f1c <.Lformat_integer_emit_prefix>
    5f1a:	09 d1       	rcall	.+530    	; 0x612e <format_emit_char>

00005f1c <.Lformat_integer_emit_prefix>:
    5f1c:	a0 91 4b 0a 	lds	r26, 0x0A4B	; 0x800a4b <_end+0x3f>
    5f20:	aa 23       	and	r26, r26
    5f22:	61 f0       	breq	.+24     	; 0x5f3c <.Lformat_integer_emit_width_zeroes>
    5f24:	80 e3       	ldi	r24, 0x30	; 48
    5f26:	03 d1       	rcall	.+518    	; 0x612e <format_emit_char>
    5f28:	a0 91 4b 0a 	lds	r26, 0x0A4B	; 0x800a4b <_end+0x3f>
    5f2c:	a1 30       	cpi	r26, 0x01	; 1
    5f2e:	31 f0       	breq	.+12     	; 0x5f3c <.Lformat_integer_emit_width_zeroes>
    5f30:	a3 30       	cpi	r26, 0x03	; 3
    5f32:	11 f0       	breq	.+4      	; 0x5f38 <.L1^B36>
    5f34:	88 e7       	ldi	r24, 0x78	; 120
    5f36:	01 c0       	rjmp	.+2      	; 0x5f3a <.L2^B9>

00005f38 <.L1^B36>:
    5f38:	88 e5       	ldi	r24, 0x58	; 88

00005f3a <.L2^B9>:
    5f3a:	f9 d0       	rcall	.+498    	; 0x612e <format_emit_char>

00005f3c <.Lformat_integer_emit_width_zeroes>:
    5f3c:	33 23       	and	r19, r19
    5f3e:	39 f0       	breq	.+14     	; 0x5f4e <.Lformat_integer_emit_precision_zeroes>
    5f40:	80 91 42 0a 	lds	r24, 0x0A42	; 0x800a42 <_end+0x36>
    5f44:	90 91 43 0a 	lds	r25, 0x0A43	; 0x800a43 <_end+0x37>
    5f48:	00 e3       	ldi	r16, 0x30	; 48
    5f4a:	00 2e       	mov	r0, r16
    5f4c:	bb db       	rcall	.-2186   	; 0x56c4 <format_emit_repeat>

00005f4e <.Lformat_integer_emit_precision_zeroes>:
    5f4e:	80 91 44 0a 	lds	r24, 0x0A44	; 0x800a44 <_end+0x38>
    5f52:	90 91 45 0a 	lds	r25, 0x0A45	; 0x800a45 <_end+0x39>
    5f56:	00 e3       	ldi	r16, 0x30	; 48
    5f58:	00 2e       	mov	r0, r16
    5f5a:	b4 db       	rcall	.-2200   	; 0x56c4 <format_emit_repeat>
    5f5c:	30 93 48 0a 	sts	0x0A48, r19	; 0x800a48 <_end+0x3c>
    5f60:	30 91 46 0a 	lds	r19, 0x0A46	; 0x800a46 <_end+0x3a>
    5f64:	33 23       	and	r19, r19
    5f66:	49 f0       	breq	.+18     	; 0x5f7a <.Lformat_integer_emit_post>

00005f68 <.Lformat_integer_emit_digits_loop>:
    5f68:	3a 95       	dec	r19
    5f6a:	ea e2       	ldi	r30, 0x2A	; 42
    5f6c:	fa e0       	ldi	r31, 0x0A	; 10
    5f6e:	e3 0f       	add	r30, r19
    5f70:	f2 1d       	adc	r31, r2
    5f72:	80 81       	ld	r24, Z
    5f74:	dc d0       	rcall	.+440    	; 0x612e <format_emit_char>
    5f76:	33 23       	and	r19, r19
    5f78:	b9 f7       	brne	.-18     	; 0x5f68 <.Lformat_integer_emit_digits_loop>

00005f7a <.Lformat_integer_emit_post>:
    5f7a:	30 91 48 0a 	lds	r19, 0x0A48	; 0x800a48 <_end+0x3c>
    5f7e:	33 23       	and	r19, r19
    5f80:	09 f4       	brne	.+2      	; 0x5f84 <.Lformat_integer_emit_done>
    5f82:	f3 db       	rcall	.-2074   	; 0x576a <format_emit_post_padding>

00005f84 <.Lformat_integer_emit_done>:
    5f84:	08 95       	ret

00005f86 <sys_set_text_font_impl>:
    5f86:	c8 01       	movw	r24, r16
    5f88:	a2 2f       	mov	r26, r18
    5f8a:	b8 2f       	mov	r27, r24
    5f8c:	b9 2b       	or	r27, r25
    5f8e:	ba 2b       	or	r27, r26
    5f90:	21 f4       	brne	.+8      	; 0x5f9a <.Lsys_set_text_font_nonnull>
    5f92:	20 92 11 0a 	sts	0x0A11, r2	; 0x800a11 <_end+0x5>
    5f96:	0c 94 d3 06 	jmp	0xda6	; 0xda6 <cluster_tail_18>

00005f9a <.Lsys_set_text_font_nonnull>:
    5f9a:	43 0c       	add	r4, r3
    5f9c:	52 1c       	adc	r5, r2
    5f9e:	62 1c       	adc	r6, r2
    5fa0:	03 96       	adiw	r24, 0x03	; 3
    5fa2:	a2 1d       	adc	r26, r2
    5fa4:	b0 91 00 0a 	lds	r27, 0x0A00	; 0x800a00 <__DATA_REGION_ORIGIN__+0x9a0>
    5fa8:	9b 0f       	add	r25, r27
    5faa:	b0 91 01 0a 	lds	r27, 0x0A01	; 0x800a01 <__DATA_REGION_ORIGIN__+0x9a1>
    5fae:	ab 1f       	adc	r26, r27
    5fb0:	80 93 0e 0a 	sts	0x0A0E, r24	; 0x800a0e <_end+0x2>
    5fb4:	90 93 0f 0a 	sts	0x0A0F, r25	; 0x800a0f <_end+0x3>
    5fb8:	a0 93 10 0a 	sts	0x0A10, r26	; 0x800a10 <_end+0x4>
    5fbc:	c8 01       	movw	r24, r16
    5fbe:	a2 2f       	mov	r26, r18
    5fc0:	e1 e1       	ldi	r30, 0x11	; 17
    5fc2:	fa e0       	ldi	r31, 0x0A	; 10
    5fc4:	b3 e0       	ldi	r27, 0x03	; 3
    5fc6:	0b 2e       	mov	r0, r27
    5fc8:	12 2c       	mov	r1, r2
    5fca:	0e 94 e3 0a 	call	0x15c6	; 0x15c6 <f0_program_loads_end>
    5fce:	0c 94 5d 09 	jmp	0x12ba	; 0x12ba <seek_and_dispatch_func_disabled>

00005fd2 <sys_set_text_mode_impl>:
    5fd2:	80 2f       	mov	r24, r16
    5fd4:	84 30       	cpi	r24, 0x04	; 4
    5fd6:	20 f4       	brcc	.+8      	; 0x5fe0 <.Lsys_set_text_mode_done>
    5fd8:	81 30       	cpi	r24, 0x01	; 1
    5fda:	11 f0       	breq	.+4      	; 0x5fe0 <.Lsys_set_text_mode_done>
    5fdc:	80 93 14 0a 	sts	0x0A14, r24	; 0x800a14 <_end+0x8>

00005fe0 <.Lsys_set_text_mode_done>:
    5fe0:	0c 94 d3 06 	jmp	0xda6	; 0xda6 <cluster_tail_18>

00005fe4 <sys_text_raw_impl>:
    5fe4:	b8 2f       	mov	r27, r24
    5fe6:	b0 fd       	sbrc	r27, 0
    5fe8:	05 c0       	rjmp	.+10     	; 0x5ff4 <.Ltext_raw_init_program_source>
    5fea:	40 93 3e 0a 	sts	0x0A3E, r20	; 0x800a3e <_end+0x32>
    5fee:	50 93 3f 0a 	sts	0x0A3F, r21	; 0x800a3f <_end+0x33>
    5ff2:	0a c0       	rjmp	.+20     	; 0x6008 <.Ltext_raw_source_initialized>

00005ff4 <.Ltext_raw_init_program_source>:
    5ff4:	40 93 25 0a 	sts	0x0A25, r20	; 0x800a25 <_end+0x19>
    5ff8:	50 93 26 0a 	sts	0x0A26, r21	; 0x800a26 <_end+0x1a>
    5ffc:	60 93 27 0a 	sts	0x0A27, r22	; 0x800a27 <_end+0x1b>
    6000:	20 92 28 0a 	sts	0x0A28, r2	; 0x800a28 <_end+0x1c>
    6004:	20 92 29 0a 	sts	0x0A29, r2	; 0x800a29 <_end+0x1d>

00006008 <.Ltext_raw_source_initialized>:
    6008:	8e b5       	in	r24, 0x2e	; 46
    600a:	59 9a       	sbi	0x0b, 1	; 11
    600c:	43 0c       	add	r4, r3
    600e:	52 1c       	adc	r5, r2
    6010:	62 1c       	adc	r6, r2
    6012:	8f 92       	push	r8
    6014:	9f 92       	push	r9
    6016:	af 92       	push	r10
    6018:	bf 92       	push	r11
    601a:	cf 92       	push	r12
    601c:	df 92       	push	r13
    601e:	ef 92       	push	r14
    6020:	ff 92       	push	r15
    6022:	4f 93       	push	r20
    6024:	5f 93       	push	r21
    6026:	6f 93       	push	r22
    6028:	7f 93       	push	r23
    602a:	cf 93       	push	r28
    602c:	df 93       	push	r29
    602e:	00 93 59 0a 	sts	0x0A59, r16	; 0x800a59 <_end+0x4d>
    6032:	10 93 5a 0a 	sts	0x0A5A, r17	; 0x800a5a <_end+0x4e>
    6036:	e8 01       	movw	r28, r16
    6038:	1b 2f       	mov	r17, r27
    603a:	68 94       	set
    603c:	20 93 5b 0a 	sts	0x0A5B, r18	; 0x800a5b <_end+0x4f>
    6040:	30 93 5c 0a 	sts	0x0A5C, r19	; 0x800a5c <_end+0x50>
    6044:	80 91 11 0a 	lds	r24, 0x0A11	; 0x800a11 <_end+0x5>
    6048:	88 23       	and	r24, r24
    604a:	29 f0       	breq	.+10     	; 0x6056 <text_finish>

0000604c <.Lsys_text_raw_loop>:
    604c:	cf db       	rcall	.-2146   	; 0x57ec <format_get_char>
    604e:	88 23       	and	r24, r24
    6050:	11 f0       	breq	.+4      	; 0x6056 <text_finish>
    6052:	6e d0       	rcall	.+220    	; 0x6130 <text_emit_char>
    6054:	fb cf       	rjmp	.-10     	; 0x604c <.Lsys_text_raw_loop>

00006056 <text_finish>:
    6056:	ce 01       	movw	r24, r28
    6058:	a0 91 5b 0a 	lds	r26, 0x0A5B	; 0x800a5b <_end+0x4f>
    605c:	b0 91 5c 0a 	lds	r27, 0x0A5C	; 0x800a5c <_end+0x50>
    6060:	8c 01       	movw	r16, r24
    6062:	9d 01       	movw	r18, r26
    6064:	e3 e0       	ldi	r30, 0x03	; 3
    6066:	59 98       	cbi	0x0b, 1	; 11
    6068:	ee bd       	out	0x2e, r30	; 46
    606a:	df 91       	pop	r29
    606c:	cf 91       	pop	r28
    606e:	7f 91       	pop	r23
    6070:	6f 91       	pop	r22
    6072:	5f 91       	pop	r21
    6074:	4f 91       	pop	r20
    6076:	a0 91 00 0a 	lds	r26, 0x0A00	; 0x800a00 <__DATA_REGION_ORIGIN__+0x9a0>
    607a:	a5 0d       	add	r26, r5
    607c:	b0 91 01 0a 	lds	r27, 0x0A01	; 0x800a01 <__DATA_REGION_ORIGIN__+0x9a1>
    6080:	b6 1d       	adc	r27, r6
    6082:	be bd       	out	0x2e, r27	; 46
    6084:	ff 90       	pop	r15
    6086:	ef 90       	pop	r14
    6088:	df 90       	pop	r13
    608a:	cf 90       	pop	r12
    608c:	bf 90       	pop	r11
    608e:	af 90       	pop	r10
    6090:	9f 90       	pop	r9
    6092:	8f 90       	pop	r8
    6094:	ae bd       	out	0x2e, r26	; 46
    6096:	0c d0       	rcall	.+24     	; 0x60b0 <.Ltext_restart_delay_17>
    6098:	4e bc       	out	0x2e, r4	; 46
    609a:	0b d0       	rcall	.+22     	; 0x60b2 <.Ltext_restart_delay_16>
    609c:	2e bc       	out	0x2e, r2	; 46
    609e:	0a d0       	rcall	.+20     	; 0x60b4 <.Ltext_restart_delay_15>
    60a0:	f8 94       	cli
    60a2:	2e bc       	out	0x2e, r2	; 46
    60a4:	8e b5       	in	r24, 0x2e	; 46
    60a6:	78 94       	sei
    60a8:	87 9d       	mul	r24, r7
    60aa:	f0 01       	movw	r30, r0
    60ac:	ff 5f       	subi	r31, 0xFF	; 255
    60ae:	09 94       	ijmp

000060b0 <.Ltext_restart_delay_17>:
    60b0:	00 00       	nop

000060b2 <.Ltext_restart_delay_16>:
    60b2:	00 00       	nop

000060b4 <.Ltext_restart_delay_15>:
    60b4:	00 c0       	rjmp	.+0      	; 0x60b6 <.Ltext_restart_delay_15+0x2>
    60b6:	00 c0       	rjmp	.+0      	; 0x60b8 <.Ltext_restart_delay_15+0x4>
    60b8:	00 c0       	rjmp	.+0      	; 0x60ba <.Ltext_restart_delay_15+0x6>
    60ba:	00 c0       	rjmp	.+0      	; 0x60bc <.Ltext_restart_delay_15+0x8>
    60bc:	08 95       	ret

000060be <text_emit_repeat>:
    60be:	6c 01       	movw	r12, r24
    60c0:	e0 2c       	mov	r14, r0

000060c2 <.Ltext_emit_repeat_loop>:
    60c2:	8c 2d       	mov	r24, r12
    60c4:	8d 29       	or	r24, r13
    60c6:	29 f0       	breq	.+10     	; 0x60d2 <.Ltext_emit_repeat_done>
    60c8:	c3 18       	sub	r12, r3
    60ca:	d2 08       	sbc	r13, r2
    60cc:	8e 2d       	mov	r24, r14
    60ce:	30 d0       	rcall	.+96     	; 0x6130 <text_emit_char>
    60d0:	f8 cf       	rjmp	.-16     	; 0x60c2 <.Ltext_emit_repeat_loop>

000060d2 <.Ltext_emit_repeat_done>:
    60d2:	08 95       	ret

000060d4 <text_emit_ram_span>:
    60d4:	cf 92       	push	r12
    60d6:	df 92       	push	r13
    60d8:	6c 01       	movw	r12, r24
    60da:	7f 01       	movw	r14, r30

000060dc <.Ltext_emit_ram_span_loop>:
    60dc:	8c 2d       	mov	r24, r12
    60de:	8d 29       	or	r24, r13
    60e0:	39 f0       	breq	.+14     	; 0x60f0 <.Ltext_emit_ram_span_done>
    60e2:	c3 18       	sub	r12, r3
    60e4:	d2 08       	sbc	r13, r2
    60e6:	f7 01       	movw	r30, r14
    60e8:	81 91       	ld	r24, Z+
    60ea:	7f 01       	movw	r14, r30
    60ec:	21 d0       	rcall	.+66     	; 0x6130 <text_emit_char>
    60ee:	f6 cf       	rjmp	.-20     	; 0x60dc <.Ltext_emit_ram_span_loop>

000060f0 <.Ltext_emit_ram_span_done>:
    60f0:	df 90       	pop	r13
    60f2:	cf 90       	pop	r12
    60f4:	08 95       	ret

000060f6 <.Ltext_newline_char>:
    60f6:	c0 91 59 0a 	lds	r28, 0x0A59	; 0x800a59 <_end+0x4d>
    60fa:	d0 91 5a 0a 	lds	r29, 0x0A5A	; 0x800a5a <_end+0x4e>
    60fe:	80 91 5b 0a 	lds	r24, 0x0A5B	; 0x800a5b <_end+0x4f>
    6102:	90 91 5c 0a 	lds	r25, 0x0A5C	; 0x800a5c <_end+0x50>
    6106:	a0 91 11 0a 	lds	r26, 0x0A11	; 0x800a11 <_end+0x5>
    610a:	8a 0f       	add	r24, r26
    610c:	92 1d       	adc	r25, r2
    610e:	80 93 5b 0a 	sts	0x0A5B, r24	; 0x800a5b <_end+0x4f>
    6112:	90 93 5c 0a 	sts	0x0A5C, r25	; 0x800a5c <_end+0x50>

00006116 <.Ltext_emit_char_lookup_out_of_range>:
    6116:	08 95       	ret

00006118 <.Lformat_emit_char_debug>:
    6118:	80 93 f1 00 	sts	0x00F1, r24	; 0x8000f1 <__DATA_REGION_ORIGIN__+0x91>
    611c:	81 e0       	ldi	r24, 0x01	; 1
    611e:	99 27       	eor	r25, r25
    6120:	c9 ca       	rjmp	.-2670   	; 0x56b4 <format_add_count>

00006122 <.Lformat_emit_char_buffer_or_debug>:
    6122:	15 fd       	sbrc	r17, 5
    6124:	f9 cf       	rjmp	.-14     	; 0x6118 <.Lformat_emit_char_debug>
    6126:	08 2e       	mov	r0, r24
    6128:	81 e0       	ldi	r24, 0x01	; 1
    612a:	99 27       	eor	r25, r25
    612c:	cb ca       	rjmp	.-2666   	; 0x56c4 <format_emit_repeat>

0000612e <format_emit_char>:
    612e:	ce f7       	brtc	.-14     	; 0x6122 <.Lformat_emit_char_buffer_or_debug>

00006130 <text_emit_char>:
    6130:	8a 30       	cpi	r24, 0x0A	; 10
    6132:	09 f3       	breq	.-62     	; 0x60f6 <.Ltext_newline_char>
    6134:	90 91 12 0a 	lds	r25, 0x0A12	; 0x800a12 <_end+0x6>
    6138:	89 1b       	sub	r24, r25
    613a:	90 91 13 0a 	lds	r25, 0x0A13	; 0x800a13 <_end+0x7>
    613e:	89 17       	cp	r24, r25
    6140:	50 f7       	brcc	.-44     	; 0x6116 <.Ltext_emit_char_lookup_out_of_range>
    6142:	59 98       	cbi	0x0b, 1	; 11
    6144:	e3 e0       	ldi	r30, 0x03	; 3
    6146:	ee bd       	out	0x2e, r30	; 46
    6148:	b7 e0       	ldi	r27, 0x07	; 7
    614a:	8b 9f       	mul	r24, r27
    614c:	80 91 0e 0a 	lds	r24, 0x0A0E	; 0x800a0e <_end+0x2>
    6150:	90 91 0f 0a 	lds	r25, 0x0A0F	; 0x800a0f <_end+0x3>
    6154:	a0 91 10 0a 	lds	r26, 0x0A10	; 0x800a10 <_end+0x4>
    6158:	80 0d       	add	r24, r0
    615a:	91 1d       	adc	r25, r1
    615c:	a2 1d       	adc	r26, r2
    615e:	00 c0       	rjmp	.+0      	; 0x6160 <text_emit_char+0x30>
    6160:	00 c0       	rjmp	.+0      	; 0x6162 <text_emit_char+0x32>
    6162:	00 00       	nop
    6164:	ae bd       	out	0x2e, r26	; 46
    6166:	cf 92       	push	r12
    6168:	df 92       	push	r13
    616a:	ef 92       	push	r14
    616c:	ff 92       	push	r15
    616e:	2f 93       	push	r18
    6170:	3f 93       	push	r19
    6172:	6f 93       	push	r22
    6174:	00 c0       	rjmp	.+0      	; 0x6176 <text_emit_char+0x46>
    6176:	00 00       	nop
    6178:	9e bd       	out	0x2e, r25	; 46
    617a:	d0 90 14 0a 	lds	r13, 0x0A14	; 0x800a14 <_end+0x8>
    617e:	20 91 5b 0a 	lds	r18, 0x0A5B	; 0x800a5b <_end+0x4f>
    6182:	30 91 5c 0a 	lds	r19, 0x0A5C	; 0x800a5c <_end+0x50>
    6186:	aa 27       	eor	r26, r26
    6188:	bb 27       	eor	r27, r27
    618a:	bb 24       	eor	r11, r11
    618c:	77 27       	eor	r23, r23
    618e:	40 91 0e 0a 	lds	r20, 0x0A0E	; 0x800a0e <_end+0x2>
    6192:	50 91 0f 0a 	lds	r21, 0x0A0F	; 0x800a0f <_end+0x3>
    6196:	60 91 10 0a 	lds	r22, 0x0A10	; 0x800a10 <_end+0x4>
    619a:	00 00       	nop
    619c:	8e bd       	out	0x2e, r24	; 46
    619e:	8f d0       	rcall	.+286    	; 0x62be <.Ltext_record_delay_16>
    61a0:	2e bc       	out	0x2e, r2	; 46
    61a2:	8d d0       	rcall	.+282    	; 0x62be <.Ltext_record_delay_16>
    61a4:	1e b4       	in	r1, 0x2e	; 46
    61a6:	2e bc       	out	0x2e, r2	; 46
    61a8:	11 20       	and	r1, r1
    61aa:	09 f4       	brne	.+2      	; 0x61ae <.Ltext_height_nonzero>
    61ac:	70 68       	ori	r23, 0x80	; 128

000061ae <.Ltext_height_nonzero>:
    61ae:	c1 2c       	mov	r12, r1
    61b0:	c6 94       	lsr	r12
    61b2:	c6 94       	lsr	r12
    61b4:	c6 94       	lsr	r12
    61b6:	e1 2d       	mov	r30, r1
    61b8:	e7 70       	andi	r30, 0x07	; 7
    61ba:	fe 2e       	mov	r15, r30
    61bc:	f2 10       	cpse	r15, r2
    61be:	c3 94       	inc	r12
    61c0:	00 c0       	rjmp	.+0      	; 0x61c2 <.Ltext_height_nonzero+0x14>
    61c2:	00 c0       	rjmp	.+0      	; 0x61c4 <.Ltext_height_nonzero+0x16>
    61c4:	ee b5       	in	r30, 0x2e	; 46
    61c6:	2e bc       	out	0x2e, r2	; 46
    61c8:	ff 27       	eor	r31, r31
    61ca:	e7 fd       	sbrc	r30, 7
    61cc:	f0 95       	com	r31
    61ce:	2e 0f       	add	r18, r30
    61d0:	3f 1f       	adc	r19, r31
    61d2:	20 34       	cpi	r18, 0x40	; 64
    61d4:	32 05       	cpc	r19, r2
    61d6:	0c f0       	brlt	.+2      	; 0x61da <.Ltext_y_below_bottom_edge>
    61d8:	70 68       	ori	r23, 0x80	; 128

000061da <.Ltext_y_below_bottom_edge>:
    61da:	f9 01       	movw	r30, r18
    61dc:	e1 0d       	add	r30, r1
    61de:	f2 1d       	adc	r31, r2
    61e0:	2e 16       	cp	r2, r30
    61e2:	2f 06       	cpc	r2, r31
    61e4:	0c f0       	brlt	.+2      	; 0x61e8 <.Ltext_y_extent_visible>
    61e6:	70 68       	ori	r23, 0x80	; 128

000061e8 <.Ltext_y_extent_visible>:
    61e8:	0e b4       	in	r0, 0x2e	; 46
    61ea:	2e bc       	out	0x2e, r2	; 46
    61ec:	80 2c       	mov	r8, r0
    61ee:	88 20       	and	r8, r8
    61f0:	09 f4       	brne	.+2      	; 0x61f4 <.Ltext_width_nonzero>
    61f2:	70 68       	ori	r23, 0x80	; 128

000061f4 <.Ltext_width_nonzero>:
    61f4:	a8 2c       	mov	r10, r8
    61f6:	b3 2c       	mov	r11, r3
    61f8:	21 fd       	sbrc	r18, 1
    61fa:	b7 2c       	mov	r11, r7
    61fc:	20 fd       	sbrc	r18, 0
    61fe:	bb 0c       	add	r11, r11
    6200:	22 fd       	sbrc	r18, 2
    6202:	b2 94       	swap	r11
    6204:	e2 2f       	mov	r30, r18
    6206:	35 95       	asr	r19
    6208:	e7 95       	ror	r30
    620a:	e5 95       	asr	r30
    620c:	e5 95       	asr	r30
    620e:	3e 2f       	mov	r19, r30
    6210:	2b 2d       	mov	r18, r11
    6212:	ee b5       	in	r30, 0x2e	; 46
    6214:	2e bc       	out	0x2e, r2	; 46
    6216:	ce 01       	movw	r24, r28
    6218:	ff 27       	eor	r31, r31
    621a:	e7 fd       	sbrc	r30, 7
    621c:	f0 95       	com	r31
    621e:	8e 0f       	add	r24, r30
    6220:	9f 1f       	adc	r25, r31
    6222:	80 38       	cpi	r24, 0x80	; 128
    6224:	92 05       	cpc	r25, r2
    6226:	0c f0       	brlt	.+2      	; 0x622a <.Ltext_x_below_right_edge>
    6228:	70 68       	ori	r23, 0x80	; 128

0000622a <.Ltext_x_below_right_edge>:
    622a:	b9 2f       	mov	r27, r25
    622c:	fc 01       	movw	r30, r24
    622e:	e8 0d       	add	r30, r8
    6230:	f2 1d       	adc	r31, r2
    6232:	2e 16       	cp	r2, r30
    6234:	2f 06       	cpc	r2, r31
    6236:	be b4       	in	r11, 0x2e	; 46
    6238:	2e bc       	out	0x2e, r2	; 46
    623a:	0c f0       	brlt	.+2      	; 0x623e <.Ltext_x_extent_visible>
    623c:	70 68       	ori	r23, 0x80	; 128

0000623e <.Ltext_x_extent_visible>:
    623e:	a3 2f       	mov	r26, r19
    6240:	a1 95       	neg	r26
    6242:	21 30       	cpi	r18, 0x01	; 1
    6244:	09 f0       	breq	.+2      	; 0x6248 <.Ltext_top_skip_aligned>
    6246:	a3 19       	sub	r26, r3

00006248 <.Ltext_top_skip_aligned>:
    6248:	a7 fd       	sbrc	r26, 7
    624a:	aa 27       	eor	r26, r26
    624c:	ca 1a       	sub	r12, r26
    624e:	3a 0f       	add	r19, r26
    6250:	3f 3f       	cpi	r19, 0xFF	; 255
    6252:	e8 2f       	mov	r30, r24
    6254:	00 00       	nop
    6256:	09 f4       	brne	.+2      	; 0x625a <.Ltext_not_top_row>
    6258:	71 60       	ori	r23, 0x01	; 1

0000625a <.Ltext_not_top_row>:
    625a:	9e b5       	in	r25, 0x2e	; 46
    625c:	2e bc       	out	0x2e, r2	; 46
    625e:	b7 ff       	sbrs	r27, 7
    6260:	06 c0       	rjmp	.+12     	; 0x626e <.Ltext_x_nonnegative>
    6262:	e1 95       	neg	r30
    6264:	be 2f       	mov	r27, r30
    6266:	08 2d       	mov	r16, r8
    6268:	0e 1b       	sub	r16, r30
    626a:	ff 27       	eor	r31, r31
    626c:	03 c0       	rjmp	.+6      	; 0x6274 <.Ltext_clip_right>

0000626e <.Ltext_x_nonnegative>:
    626e:	fe 2f       	mov	r31, r30
    6270:	bb 27       	eor	r27, r27
    6272:	08 2d       	mov	r16, r8

00006274 <.Ltext_clip_right>:
    6274:	e0 e8       	ldi	r30, 0x80	; 128
    6276:	ef 1b       	sub	r30, r31
    6278:	e0 17       	cp	r30, r16
    627a:	08 f4       	brcc	.+2      	; 0x627e <.Ltext_right_clip_done>
    627c:	0e 2f       	mov	r16, r30

0000627e <.Ltext_right_clip_done>:
    627e:	08 11       	cpse	r16, r8
    6280:	74 60       	ori	r23, 0x04	; 4
    6282:	e0 e8       	ldi	r30, 0x80	; 128
    6284:	ee 2e       	mov	r14, r30
    6286:	e0 1a       	sub	r14, r16
    6288:	8e b5       	in	r24, 0x2e	; 46
    628a:	77 fd       	sbrc	r23, 7
    628c:	0c c0       	rjmp	.+24     	; 0x62a6 <.Ltext_emit_char_rejected>
    628e:	aa 9d       	mul	r26, r10
    6290:	40 0d       	add	r20, r0
    6292:	51 1d       	adc	r21, r1
    6294:	62 1d       	adc	r22, r2
    6296:	59 9a       	sbi	0x0b, 1	; 11
    6298:	e3 e0       	ldi	r30, 0x03	; 3
    629a:	59 98       	cbi	0x0b, 1	; 11
    629c:	ee bd       	out	0x2e, r30	; 46
    629e:	c8 0f       	add	r28, r24
    62a0:	d2 1d       	adc	r29, r2
    62a2:	0c 94 33 27 	jmp	0x4e66	; 0x4e66 <draw_bitmap_seek_prepared_text_func>

000062a6 <.Ltext_emit_char_rejected>:
    62a6:	c8 0f       	add	r28, r24
    62a8:	d2 1d       	adc	r29, r2
    62aa:	59 9a       	sbi	0x0b, 1	; 11
    62ac:	00 c0       	rjmp	.+0      	; 0x62ae <.Ltext_emit_char_restore>

000062ae <.Ltext_emit_char_restore>:
    62ae:	6f 91       	pop	r22
    62b0:	3f 91       	pop	r19
    62b2:	2f 91       	pop	r18
    62b4:	ff 90       	pop	r15
    62b6:	ef 90       	pop	r14
    62b8:	df 90       	pop	r13
    62ba:	cf 90       	pop	r12
    62bc:	08 95       	ret

000062be <.Ltext_record_delay_16>:
    62be:	00 00       	nop
    62c0:	00 c0       	rjmp	.+0      	; 0x62c2 <.Ltext_record_delay_16+0x4>
    62c2:	00 c0       	rjmp	.+0      	; 0x62c4 <.Ltext_record_delay_16+0x6>
    62c4:	00 00       	nop
    62c6:	00 00       	nop
    62c8:	00 c0       	rjmp	.+0      	; 0x62ca <.Ltext_record_delay_16+0xc>
    62ca:	08 95       	ret

000062cc <format_float_veneer_validate_default_length>:
    62cc:	0c 94 24 2d 	jmp	0x5a48	; 0x5a48 <format_validate_default_length>

000062d0 <format_float_veneer_arg_u32>:
    62d0:	0c 94 34 2c 	jmp	0x5868	; 0x5868 <format_arg_u32>

000062d4 <format_float_veneer_compute_padding>:
    62d4:	0c 94 a0 2b 	jmp	0x5740	; 0x5740 <format_compute_padding>

000062d8 <format_float_veneer_emit_pre_padding>:
    62d8:	0c 94 b2 2b 	jmp	0x5764	; 0x5764 <format_emit_pre_padding>

000062dc <format_float_veneer_emit_post_padding>:
    62dc:	0c 94 b5 2b 	jmp	0x576a	; 0x576a <format_emit_post_padding>

000062e0 <format_float_veneer_emit_char>:
    62e0:	0c 94 97 30 	jmp	0x612e	; 0x612e <format_emit_char>

000062e4 <format_float_veneer_emit_ram_span>:
    62e4:	0c 94 80 2b 	jmp	0x5700	; 0x5700 <format_emit_ram_span>

000062e8 <format_conversion_float>:
    62e8:	f1 df       	rcall	.-30     	; 0x62cc <format_float_veneer_validate_default_length>
    62ea:	09 f0       	breq	.+2      	; 0x62ee <.L1^B37>
    62ec:	e1 c9       	rjmp	.-3134   	; 0x56b0 <format_unexpected_character>

000062ee <.L1^B37>:
    62ee:	f0 df       	rcall	.-32     	; 0x62d0 <format_float_veneer_arg_u32>
    62f0:	40 93 4f 0a 	sts	0x0A4F, r20	; 0x800a4f <_end+0x43>
    62f4:	50 93 50 0a 	sts	0x0A50, r21	; 0x800a50 <_end+0x44>
    62f8:	60 93 51 0a 	sts	0x0A51, r22	; 0x800a51 <_end+0x45>
    62fc:	70 93 52 0a 	sts	0x0A52, r23	; 0x800a52 <_end+0x46>
    6300:	80 91 48 0a 	lds	r24, 0x0A48	; 0x800a48 <_end+0x3c>
    6304:	81 36       	cpi	r24, 0x61	; 97
    6306:	11 f0       	breq	.+4      	; 0x630c <.L1^B38>
    6308:	81 34       	cpi	r24, 0x41	; 65
    630a:	11 f4       	brne	.+4      	; 0x6310 <.L2^B10>

0000630c <.L1^B38>:
    630c:	0c 94 23 34 	jmp	0x6846	; 0x6846 <format_conversion_float_hex>

00006310 <.L2^B10>:
    6310:	93 c0       	rjmp	.+294    	; 0x6438 <format_conversion_float_decimal>

00006312 <format_float_set_sign>:
    6312:	20 92 47 0a 	sts	0x0A47, r2	; 0x800a47 <_end+0x3b>
    6316:	80 91 56 0a 	lds	r24, 0x0A56	; 0x800a56 <_end+0x4a>
    631a:	80 ff       	sbrs	r24, 0
    631c:	06 c0       	rjmp	.+12     	; 0x632a <.Lformat_float_positive_sign>
    631e:	83 fd       	sbrc	r24, 3
    6320:	04 c0       	rjmp	.+8      	; 0x632a <.Lformat_float_positive_sign>
    6322:	8d e2       	ldi	r24, 0x2D	; 45
    6324:	80 93 47 0a 	sts	0x0A47, r24	; 0x800a47 <_end+0x3b>
    6328:	08 95       	ret

0000632a <.Lformat_float_positive_sign>:
    632a:	21 fd       	sbrc	r18, 1
    632c:	06 c0       	rjmp	.+12     	; 0x633a <.Lformat_float_plus_sign>
    632e:	22 ff       	sbrs	r18, 2
    6330:	08 95       	ret
    6332:	80 e2       	ldi	r24, 0x20	; 32
    6334:	80 93 47 0a 	sts	0x0A47, r24	; 0x800a47 <_end+0x3b>
    6338:	08 95       	ret

0000633a <.Lformat_float_plus_sign>:
    633a:	8b e2       	ldi	r24, 0x2B	; 43
    633c:	80 93 47 0a 	sts	0x0A47, r24	; 0x800a47 <_end+0x3b>
    6340:	08 95       	ret

00006342 <format_float_emit_sign>:
    6342:	80 91 47 0a 	lds	r24, 0x0A47	; 0x800a47 <_end+0x3b>
    6346:	88 23       	and	r24, r24
    6348:	09 f0       	breq	.+2      	; 0x634c <.L1^B39>
    634a:	ca df       	rcall	.-108    	; 0x62e0 <format_float_veneer_emit_char>

0000634c <.L1^B39>:
    634c:	08 95       	ret

0000634e <format_float_content_add_u8>:
    634e:	8a 0f       	add	r24, r26
    6350:	92 1d       	adc	r25, r2
    6352:	18 f4       	brcc	.+6      	; 0x635a <.L1^B40>
    6354:	8f ef       	ldi	r24, 0xFF	; 255
    6356:	9f ef       	ldi	r25, 0xFF	; 255
    6358:	14 60       	ori	r17, 0x04	; 4

0000635a <.L1^B40>:
    635a:	08 95       	ret

0000635c <format_float_begin_decimal_field>:
    635c:	bb df       	rcall	.-138    	; 0x62d4 <format_float_veneer_compute_padding>
    635e:	20 fd       	sbrc	r18, 0
    6360:	03 c0       	rjmp	.+6      	; 0x6368 <.Lformat_float_decimal_sign>
    6362:	24 fd       	sbrc	r18, 4
    6364:	01 c0       	rjmp	.+2      	; 0x6368 <.Lformat_float_decimal_sign>
    6366:	b8 df       	rcall	.-144    	; 0x62d8 <format_float_veneer_emit_pre_padding>

00006368 <.Lformat_float_decimal_sign>:
    6368:	ec df       	rcall	.-40     	; 0x6342 <format_float_emit_sign>
    636a:	20 fd       	sbrc	r18, 0
    636c:	08 95       	ret
    636e:	24 ff       	sbrs	r18, 4
    6370:	08 95       	ret
    6372:	80 91 42 0a 	lds	r24, 0x0A42	; 0x800a42 <_end+0x36>
    6376:	90 91 43 0a 	lds	r25, 0x0A43	; 0x800a43 <_end+0x37>
    637a:	00 e3       	ldi	r16, 0x30	; 48
    637c:	00 2e       	mov	r0, r16
    637e:	0c 94 62 2b 	jmp	0x56c4	; 0x56c4 <format_emit_repeat>

00006382 <format_float_begin_hex_field>:
    6382:	a8 df       	rcall	.-176    	; 0x62d4 <format_float_veneer_compute_padding>
    6384:	20 fd       	sbrc	r18, 0
    6386:	03 c0       	rjmp	.+6      	; 0x638e <.Lformat_float_hex_sign>
    6388:	24 fd       	sbrc	r18, 4
    638a:	01 c0       	rjmp	.+2      	; 0x638e <.Lformat_float_hex_sign>
    638c:	a5 df       	rcall	.-182    	; 0x62d8 <format_float_veneer_emit_pre_padding>

0000638e <.Lformat_float_hex_sign>:
    638e:	d9 df       	rcall	.-78     	; 0x6342 <format_float_emit_sign>
    6390:	80 e3       	ldi	r24, 0x30	; 48
    6392:	a6 df       	rcall	.-180    	; 0x62e0 <format_float_veneer_emit_char>
    6394:	80 91 48 0a 	lds	r24, 0x0A48	; 0x800a48 <_end+0x3c>
    6398:	85 ff       	sbrs	r24, 5
    639a:	02 c0       	rjmp	.+4      	; 0x63a0 <.Lformat_float_hex_prefix_upper>
    639c:	88 e7       	ldi	r24, 0x78	; 120
    639e:	01 c0       	rjmp	.+2      	; 0x63a2 <.Lformat_float_hex_prefix_emit>

000063a0 <.Lformat_float_hex_prefix_upper>:
    63a0:	88 e5       	ldi	r24, 0x58	; 88

000063a2 <.Lformat_float_hex_prefix_emit>:
    63a2:	9e df       	rcall	.-196    	; 0x62e0 <format_float_veneer_emit_char>
    63a4:	20 fd       	sbrc	r18, 0
    63a6:	08 95       	ret
    63a8:	24 ff       	sbrs	r18, 4
    63aa:	08 95       	ret
    63ac:	80 91 42 0a 	lds	r24, 0x0A42	; 0x800a42 <_end+0x36>
    63b0:	90 91 43 0a 	lds	r25, 0x0A43	; 0x800a43 <_end+0x37>
    63b4:	00 e3       	ldi	r16, 0x30	; 48
    63b6:	00 2e       	mov	r0, r16
    63b8:	0c 94 62 2b 	jmp	0x56c4	; 0x56c4 <format_emit_repeat>

000063bc <format_float_emit_zeroes>:
    63bc:	00 e3       	ldi	r16, 0x30	; 48
    63be:	00 2e       	mov	r0, r16
    63c0:	0c 94 62 2b 	jmp	0x56c4	; 0x56c4 <format_emit_repeat>

000063c4 <format_float_store_precision>:
    63c4:	e0 92 57 0a 	sts	0x0A57, r14	; 0x800a57 <_end+0x4b>
    63c8:	f0 92 58 0a 	sts	0x0A58, r15	; 0x800a58 <_end+0x4c>
    63cc:	08 95       	ret

000063ce <format_float_emit_point_if_needed>:
    63ce:	80 91 57 0a 	lds	r24, 0x0A57	; 0x800a57 <_end+0x4b>
    63d2:	90 91 58 0a 	lds	r25, 0x0A58	; 0x800a58 <_end+0x4c>
    63d6:	89 2b       	or	r24, r25
    63d8:	11 f4       	brne	.+4      	; 0x63de <.Lformat_float_emit_point>
    63da:	23 ff       	sbrs	r18, 3
    63dc:	08 95       	ret

000063de <.Lformat_float_emit_point>:
    63de:	8e e2       	ldi	r24, 0x2E	; 46
    63e0:	0c 94 97 30 	jmp	0x612e	; 0x612e <format_emit_char>

000063e4 <format_float_emit_special>:
    63e4:	83 e0       	ldi	r24, 0x03	; 3
    63e6:	99 27       	eor	r25, r25
    63e8:	a0 91 47 0a 	lds	r26, 0x0A47	; 0x800a47 <_end+0x3b>
    63ec:	aa 23       	and	r26, r26
    63ee:	09 f0       	breq	.+2      	; 0x63f2 <.L1^B41>
    63f0:	01 96       	adiw	r24, 0x01	; 1

000063f2 <.L1^B41>:
    63f2:	70 df       	rcall	.-288    	; 0x62d4 <format_float_veneer_compute_padding>
    63f4:	71 df       	rcall	.-286    	; 0x62d8 <format_float_veneer_emit_pre_padding>
    63f6:	a5 df       	rcall	.-182    	; 0x6342 <format_float_emit_sign>
    63f8:	a0 91 56 0a 	lds	r26, 0x0A56	; 0x800a56 <_end+0x4a>
    63fc:	a3 fd       	sbrc	r26, 3
    63fe:	04 c0       	rjmp	.+8      	; 0x6408 <.Lformat_float_emit_nan>
    6400:	49 e6       	ldi	r20, 0x69	; 105
    6402:	5e e6       	ldi	r21, 0x6E	; 110
    6404:	66 e6       	ldi	r22, 0x66	; 102
    6406:	03 c0       	rjmp	.+6      	; 0x640e <.Lformat_float_special_case>

00006408 <.Lformat_float_emit_nan>:
    6408:	4e e6       	ldi	r20, 0x6E	; 110
    640a:	51 e6       	ldi	r21, 0x61	; 97
    640c:	6e e6       	ldi	r22, 0x6E	; 110

0000640e <.Lformat_float_special_case>:
    640e:	a0 91 48 0a 	lds	r26, 0x0A48	; 0x800a48 <_end+0x3c>
    6412:	a5 fd       	sbrc	r26, 5
    6414:	03 c0       	rjmp	.+6      	; 0x641c <.Lformat_float_special_store>
    6416:	40 52       	subi	r20, 0x20	; 32
    6418:	50 52       	subi	r21, 0x20	; 32
    641a:	60 52       	subi	r22, 0x20	; 32

0000641c <.Lformat_float_special_store>:
    641c:	40 93 2a 0a 	sts	0x0A2A, r20	; 0x800a2a <_end+0x1e>
    6420:	50 93 2b 0a 	sts	0x0A2B, r21	; 0x800a2b <_end+0x1f>
    6424:	60 93 2c 0a 	sts	0x0A2C, r22	; 0x800a2c <_end+0x20>
    6428:	ea e2       	ldi	r30, 0x2A	; 42
    642a:	fa e0       	ldi	r31, 0x0A	; 10
    642c:	83 e0       	ldi	r24, 0x03	; 3
    642e:	99 27       	eor	r25, r25
    6430:	59 df       	rcall	.-334    	; 0x62e4 <format_float_veneer_emit_ram_span>
    6432:	54 df       	rcall	.-344    	; 0x62dc <format_float_veneer_emit_post_padding>
    6434:	0c 94 4d 2c 	jmp	0x589a	; 0x589a <format_core>

00006438 <format_conversion_float_decimal>:
    6438:	25 fd       	sbrc	r18, 5
    643a:	03 c0       	rjmp	.+6      	; 0x6442 <.Lformat_float_decimal_precision_ready>
    643c:	86 e0       	ldi	r24, 0x06	; 6
    643e:	e8 2e       	mov	r14, r24
    6440:	ff 24       	eor	r15, r15

00006442 <.Lformat_float_decimal_precision_ready>:
    6442:	80 91 48 0a 	lds	r24, 0x0A48	; 0x800a48 <_end+0x3c>
    6446:	87 36       	cpi	r24, 0x67	; 103
    6448:	11 f0       	breq	.+4      	; 0x644e <.Lformat_float_decimal_g_precision>
    644a:	87 34       	cpi	r24, 0x47	; 71
    644c:	29 f4       	brne	.+10     	; 0x6458 <.Lformat_float_decimal_choose_engine>

0000644e <.Lformat_float_decimal_g_precision>:
    644e:	8e 2d       	mov	r24, r14
    6450:	8f 29       	or	r24, r15
    6452:	11 f4       	brne	.+4      	; 0x6458 <.Lformat_float_decimal_choose_engine>
    6454:	e3 2c       	mov	r14, r3
    6456:	ff 24       	eor	r15, r15

00006458 <.Lformat_float_decimal_choose_engine>:
    6458:	a0 91 48 0a 	lds	r26, 0x0A48	; 0x800a48 <_end+0x3c>
    645c:	a6 36       	cpi	r26, 0x66	; 102
    645e:	01 f1       	breq	.+64     	; 0x64a0 <.Lformat_float_decimal_engine_f>
    6460:	a5 36       	cpi	r26, 0x65	; 101
    6462:	89 f0       	breq	.+34     	; 0x6486 <.Lformat_float_decimal_engine_e>
    6464:	a5 34       	cpi	r26, 0x45	; 69
    6466:	79 f0       	breq	.+30     	; 0x6486 <.Lformat_float_decimal_engine_e>
    6468:	87 e0       	ldi	r24, 0x07	; 7
    646a:	ff 20       	and	r15, r15
    646c:	29 f4       	brne	.+10     	; 0x6478 <.Lformat_float_decimal_engine_g_ready>
    646e:	8e 2d       	mov	r24, r14
    6470:	8a 95       	dec	r24
    6472:	88 30       	cpi	r24, 0x08	; 8
    6474:	08 f0       	brcs	.+2      	; 0x6478 <.Lformat_float_decimal_engine_g_ready>
    6476:	87 e0       	ldi	r24, 0x07	; 7

00006478 <.Lformat_float_decimal_engine_g_ready>:
    6478:	99 27       	eor	r25, r25
    647a:	4d d0       	rcall	.+154    	; 0x6516 <format_float_call_decimal_engine>
    647c:	a8 2f       	mov	r26, r24
    647e:	a3 95       	inc	r26
    6480:	a0 93 55 0a 	sts	0x0A55, r26	; 0x800a55 <_end+0x49>
    6484:	37 c0       	rjmp	.+110    	; 0x64f4 <.Lformat_float_decimal_after_engine>

00006486 <.Lformat_float_decimal_engine_e>:
    6486:	87 e0       	ldi	r24, 0x07	; 7
    6488:	ff 20       	and	r15, r15
    648a:	19 f4       	brne	.+6      	; 0x6492 <.Lformat_float_decimal_engine_e_ready>
    648c:	e8 16       	cp	r14, r24
    648e:	08 f4       	brcc	.+2      	; 0x6492 <.Lformat_float_decimal_engine_e_ready>
    6490:	8e 2d       	mov	r24, r14

00006492 <.Lformat_float_decimal_engine_e_ready>:
    6492:	99 27       	eor	r25, r25
    6494:	40 d0       	rcall	.+128    	; 0x6516 <format_float_call_decimal_engine>
    6496:	a8 2f       	mov	r26, r24
    6498:	a3 95       	inc	r26
    649a:	a0 93 55 0a 	sts	0x0A55, r26	; 0x800a55 <_end+0x49>
    649e:	2a c0       	rjmp	.+84     	; 0x64f4 <.Lformat_float_decimal_after_engine>

000064a0 <.Lformat_float_decimal_engine_f>:
    64a0:	87 e0       	ldi	r24, 0x07	; 7
    64a2:	9c e3       	ldi	r25, 0x3C	; 60
    64a4:	ff 20       	and	r15, r15
    64a6:	29 f4       	brne	.+10     	; 0x64b2 <.Lformat_float_decimal_engine_f_ready>
    64a8:	ae 2d       	mov	r26, r14
    64aa:	ab 33       	cpi	r26, 0x3B	; 59
    64ac:	10 f4       	brcc	.+4      	; 0x64b2 <.Lformat_float_decimal_engine_f_ready>
    64ae:	9e 2d       	mov	r25, r14
    64b0:	93 95       	inc	r25

000064b2 <.Lformat_float_decimal_engine_f_ready>:
    64b2:	31 d0       	rcall	.+98     	; 0x6516 <format_float_call_decimal_engine>
    64b4:	40 91 53 0a 	lds	r20, 0x0A53	; 0x800a53 <_end+0x47>
    64b8:	50 91 54 0a 	lds	r21, 0x0A54	; 0x800a54 <_end+0x48>
    64bc:	40 0f       	add	r20, r16
    64be:	52 1d       	adc	r21, r2
    64c0:	a0 91 56 0a 	lds	r26, 0x0A56	; 0x800a56 <_end+0x4a>
    64c4:	a4 ff       	sbrs	r26, 4
    64c6:	06 c0       	rjmp	.+12     	; 0x64d4 <.Lformat_float_f_ndigits_clamp>
    64c8:	a0 91 2b 0a 	lds	r26, 0x0A2B	; 0x800a2b <_end+0x1f>
    64cc:	a1 33       	cpi	r26, 0x31	; 49
    64ce:	11 f4       	brne	.+4      	; 0x64d4 <.Lformat_float_f_ndigits_clamp>
    64d0:	41 50       	subi	r20, 0x01	; 1
    64d2:	50 40       	sbci	r21, 0x00	; 0

000064d4 <.Lformat_float_f_ndigits_clamp>:
    64d4:	55 23       	and	r21, r21
    64d6:	42 f0       	brmi	.+16     	; 0x64e8 <.Lformat_float_f_ndigits_one>
    64d8:	51 f4       	brne	.+20     	; 0x64ee <.Lformat_float_f_ndigits_eight>
    64da:	44 23       	and	r20, r20
    64dc:	29 f0       	breq	.+10     	; 0x64e8 <.Lformat_float_f_ndigits_one>
    64de:	49 30       	cpi	r20, 0x09	; 9
    64e0:	30 f4       	brcc	.+12     	; 0x64ee <.Lformat_float_f_ndigits_eight>
    64e2:	40 93 55 0a 	sts	0x0A55, r20	; 0x800a55 <_end+0x49>
    64e6:	06 c0       	rjmp	.+12     	; 0x64f4 <.Lformat_float_decimal_after_engine>

000064e8 <.Lformat_float_f_ndigits_one>:
    64e8:	30 92 55 0a 	sts	0x0A55, r3	; 0x800a55 <_end+0x49>
    64ec:	03 c0       	rjmp	.+6      	; 0x64f4 <.Lformat_float_decimal_after_engine>

000064ee <.Lformat_float_f_ndigits_eight>:
    64ee:	a8 e0       	ldi	r26, 0x08	; 8
    64f0:	a0 93 55 0a 	sts	0x0A55, r26	; 0x800a55 <_end+0x49>

000064f4 <.Lformat_float_decimal_after_engine>:
    64f4:	0e df       	rcall	.-484    	; 0x6312 <format_float_set_sign>
    64f6:	80 91 56 0a 	lds	r24, 0x0A56	; 0x800a56 <_end+0x4a>
    64fa:	8c 70       	andi	r24, 0x0C	; 12
    64fc:	09 f0       	breq	.+2      	; 0x6500 <.L1^B42>
    64fe:	72 cf       	rjmp	.-284    	; 0x63e4 <format_float_emit_special>

00006500 <.L1^B42>:
    6500:	80 91 48 0a 	lds	r24, 0x0A48	; 0x800a48 <_end+0x3c>
    6504:	86 36       	cpi	r24, 0x66	; 102
    6506:	d9 f1       	breq	.+118    	; 0x657e <format_float_emit_fixed>
    6508:	85 36       	cpi	r24, 0x65	; 101
    650a:	11 f0       	breq	.+4      	; 0x6510 <.L1^B43>
    650c:	85 34       	cpi	r24, 0x45	; 69
    650e:	11 f4       	brne	.+4      	; 0x6514 <.L2^B11>

00006510 <.L1^B43>:
    6510:	0c 94 6c 33 	jmp	0x66d8	; 0x66d8 <format_float_emit_exponential>

00006514 <.L2^B11>:
    6514:	25 c1       	rjmp	.+586    	; 0x6760 <format_float_emit_general>

00006516 <format_float_call_decimal_engine>:
    6516:	2f 93       	push	r18
    6518:	0f b6       	in	r0, 0x3f	; 63
    651a:	0f 92       	push	r0
    651c:	28 2f       	mov	r18, r24
    651e:	09 2f       	mov	r16, r25
    6520:	4a e2       	ldi	r20, 0x2A	; 42
    6522:	5a e0       	ldi	r21, 0x0A	; 10
    6524:	60 91 4f 0a 	lds	r22, 0x0A4F	; 0x800a4f <_end+0x43>
    6528:	70 91 50 0a 	lds	r23, 0x0A50	; 0x800a50 <_end+0x44>
    652c:	80 91 51 0a 	lds	r24, 0x0A51	; 0x800a51 <_end+0x45>
    6530:	90 91 52 0a 	lds	r25, 0x0A52	; 0x800a52 <_end+0x46>
    6534:	11 24       	eor	r1, r1
    6536:	0e d3       	rcall	.+1564   	; 0x6b54 <format_ftoa_engine>
    6538:	80 93 53 0a 	sts	0x0A53, r24	; 0x800a53 <_end+0x47>
    653c:	90 93 54 0a 	sts	0x0A54, r25	; 0x800a54 <_end+0x48>
    6540:	80 91 2a 0a 	lds	r24, 0x0A2A	; 0x800a2a <_end+0x1e>
    6544:	80 93 56 0a 	sts	0x0A56, r24	; 0x800a56 <_end+0x4a>
    6548:	0f 90       	pop	r0
    654a:	0f be       	out	0x3f, r0	; 63
    654c:	2f 91       	pop	r18
    654e:	80 91 48 0a 	lds	r24, 0x0A48	; 0x800a48 <_end+0x3c>
    6552:	86 36       	cpi	r24, 0x66	; 102
    6554:	99 f0       	breq	.+38     	; 0x657c <.L2^B12>
    6556:	85 36       	cpi	r24, 0x65	; 101
    6558:	59 f0       	breq	.+22     	; 0x6570 <.L1^B44>
    655a:	85 34       	cpi	r24, 0x45	; 69
    655c:	49 f0       	breq	.+18     	; 0x6570 <.L1^B44>
    655e:	87 e0       	ldi	r24, 0x07	; 7
    6560:	ff 20       	and	r15, r15
    6562:	61 f4       	brne	.+24     	; 0x657c <.L2^B12>
    6564:	8e 2d       	mov	r24, r14
    6566:	8a 95       	dec	r24
    6568:	88 30       	cpi	r24, 0x08	; 8
    656a:	40 f0       	brcs	.+16     	; 0x657c <.L2^B12>
    656c:	87 e0       	ldi	r24, 0x07	; 7
    656e:	08 95       	ret

00006570 <.L1^B44>:
    6570:	87 e0       	ldi	r24, 0x07	; 7
    6572:	ff 20       	and	r15, r15
    6574:	19 f4       	brne	.+6      	; 0x657c <.L2^B12>
    6576:	e8 16       	cp	r14, r24
    6578:	08 f4       	brcc	.+2      	; 0x657c <.L2^B12>
    657a:	8e 2d       	mov	r24, r14

0000657c <.L2^B12>:
    657c:	08 95       	ret

0000657e <format_float_emit_fixed>:
    657e:	22 df       	rcall	.-444    	; 0x63c4 <format_float_store_precision>
    6580:	80 91 57 0a 	lds	r24, 0x0A57	; 0x800a57 <_end+0x4b>
    6584:	90 91 58 0a 	lds	r25, 0x0A58	; 0x800a58 <_end+0x4c>
    6588:	40 91 53 0a 	lds	r20, 0x0A53	; 0x800a53 <_end+0x47>
    658c:	50 91 54 0a 	lds	r21, 0x0A54	; 0x800a54 <_end+0x48>
    6590:	55 23       	and	r21, r21
    6592:	22 f0       	brmi	.+8      	; 0x659c <.Lformat_float_fixed_content_one_integer>
    6594:	a4 2f       	mov	r26, r20
    6596:	a3 95       	inc	r26
    6598:	da de       	rcall	.-588    	; 0x634e <format_float_content_add_u8>
    659a:	02 c0       	rjmp	.+4      	; 0x65a0 <.Lformat_float_fixed_content_point>

0000659c <.Lformat_float_fixed_content_one_integer>:
    659c:	a3 2d       	mov	r26, r3
    659e:	d7 de       	rcall	.-594    	; 0x634e <format_float_content_add_u8>

000065a0 <.Lformat_float_fixed_content_point>:
    65a0:	a0 91 57 0a 	lds	r26, 0x0A57	; 0x800a57 <_end+0x4b>
    65a4:	b0 91 58 0a 	lds	r27, 0x0A58	; 0x800a58 <_end+0x4c>
    65a8:	ab 2b       	or	r26, r27
    65aa:	11 f4       	brne	.+4      	; 0x65b0 <.Lformat_float_fixed_content_has_point>
    65ac:	23 ff       	sbrs	r18, 3
    65ae:	02 c0       	rjmp	.+4      	; 0x65b4 <.Lformat_float_fixed_content_sign>

000065b0 <.Lformat_float_fixed_content_has_point>:
    65b0:	a3 2d       	mov	r26, r3
    65b2:	cd de       	rcall	.-614    	; 0x634e <format_float_content_add_u8>

000065b4 <.Lformat_float_fixed_content_sign>:
    65b4:	a0 91 47 0a 	lds	r26, 0x0A47	; 0x800a47 <_end+0x3b>
    65b8:	aa 23       	and	r26, r26
    65ba:	11 f0       	breq	.+4      	; 0x65c0 <.L1^B45>
    65bc:	a3 2d       	mov	r26, r3
    65be:	c7 de       	rcall	.-626    	; 0x634e <format_float_content_add_u8>

000065c0 <.L1^B45>:
    65c0:	cd de       	rcall	.-614    	; 0x635c <format_float_begin_decimal_field>
    65c2:	40 91 53 0a 	lds	r20, 0x0A53	; 0x800a53 <_end+0x47>
    65c6:	50 91 54 0a 	lds	r21, 0x0A54	; 0x800a54 <_end+0x48>
    65ca:	55 23       	and	r21, r21
    65cc:	1a f4       	brpl	.+6      	; 0x65d4 <.Lformat_float_fixed_integer_nonnegative>
    65ce:	80 e3       	ldi	r24, 0x30	; 48
    65d0:	87 de       	rcall	.-754    	; 0x62e0 <format_float_veneer_emit_char>
    65d2:	11 c0       	rjmp	.+34     	; 0x65f6 <.Lformat_float_fixed_after_integer>

000065d4 <.Lformat_float_fixed_integer_nonnegative>:
    65d4:	74 2f       	mov	r23, r20
    65d6:	73 95       	inc	r23
    65d8:	60 91 55 0a 	lds	r22, 0x0A55	; 0x800a55 <_end+0x49>
    65dc:	67 17       	cp	r22, r23
    65de:	08 f0       	brcs	.+2      	; 0x65e2 <.L1^B46>
    65e0:	67 2f       	mov	r22, r23

000065e2 <.L1^B46>:
    65e2:	37 2f       	mov	r19, r23
    65e4:	36 1b       	sub	r19, r22
    65e6:	eb e2       	ldi	r30, 0x2B	; 43
    65e8:	fa e0       	ldi	r31, 0x0A	; 10
    65ea:	86 2f       	mov	r24, r22
    65ec:	99 27       	eor	r25, r25
    65ee:	7a de       	rcall	.-780    	; 0x62e4 <format_float_veneer_emit_ram_span>
    65f0:	83 2f       	mov	r24, r19
    65f2:	99 27       	eor	r25, r25
    65f4:	e3 de       	rcall	.-570    	; 0x63bc <format_float_emit_zeroes>

000065f6 <.Lformat_float_fixed_after_integer>:
    65f6:	eb de       	rcall	.-554    	; 0x63ce <format_float_emit_point_if_needed>
    65f8:	80 91 57 0a 	lds	r24, 0x0A57	; 0x800a57 <_end+0x4b>
    65fc:	90 91 58 0a 	lds	r25, 0x0A58	; 0x800a58 <_end+0x4c>
    6600:	89 2b       	or	r24, r25
    6602:	11 f4       	brne	.+4      	; 0x6608 <.L1^B47>
    6604:	0c 94 69 33 	jmp	0x66d2	; 0x66d2 <.Lformat_float_fixed_done>

00006608 <.L1^B47>:
    6608:	40 91 53 0a 	lds	r20, 0x0A53	; 0x800a53 <_end+0x47>
    660c:	50 91 54 0a 	lds	r21, 0x0A54	; 0x800a54 <_end+0x48>
    6610:	55 23       	and	r21, r21
    6612:	2a f1       	brmi	.+74     	; 0x665e <.Lformat_float_fixed_fraction_negative_exp>
    6614:	64 2f       	mov	r22, r20
    6616:	63 95       	inc	r22
    6618:	70 91 55 0a 	lds	r23, 0x0A55	; 0x800a55 <_end+0x49>
    661c:	67 17       	cp	r22, r23
    661e:	c8 f4       	brcc	.+50     	; 0x6652 <.Lformat_float_fixed_fraction_all_zero>
    6620:	76 1b       	sub	r23, r22
    6622:	80 91 57 0a 	lds	r24, 0x0A57	; 0x800a57 <_end+0x4b>
    6626:	90 91 58 0a 	lds	r25, 0x0A58	; 0x800a58 <_end+0x4c>
    662a:	99 23       	and	r25, r25
    662c:	11 f4       	brne	.+4      	; 0x6632 <.L1^B48>
    662e:	87 17       	cp	r24, r23
    6630:	10 f0       	brcs	.+4      	; 0x6636 <.L2^B13>

00006632 <.L1^B48>:
    6632:	87 2f       	mov	r24, r23
    6634:	99 27       	eor	r25, r25

00006636 <.L2^B13>:
    6636:	eb e2       	ldi	r30, 0x2B	; 43
    6638:	fa e0       	ldi	r31, 0x0A	; 10
    663a:	e6 0f       	add	r30, r22
    663c:	f2 1d       	adc	r31, r2
    663e:	38 2f       	mov	r19, r24
    6640:	51 de       	rcall	.-862    	; 0x62e4 <format_float_veneer_emit_ram_span>
    6642:	80 91 57 0a 	lds	r24, 0x0A57	; 0x800a57 <_end+0x4b>
    6646:	90 91 58 0a 	lds	r25, 0x0A58	; 0x800a58 <_end+0x4c>
    664a:	83 1b       	sub	r24, r19
    664c:	92 09       	sbc	r25, r2
    664e:	b6 de       	rcall	.-660    	; 0x63bc <format_float_emit_zeroes>
    6650:	40 c0       	rjmp	.+128    	; 0x66d2 <.Lformat_float_fixed_done>

00006652 <.Lformat_float_fixed_fraction_all_zero>:
    6652:	80 91 57 0a 	lds	r24, 0x0A57	; 0x800a57 <_end+0x4b>
    6656:	90 91 58 0a 	lds	r25, 0x0A58	; 0x800a58 <_end+0x4c>
    665a:	b0 de       	rcall	.-672    	; 0x63bc <format_float_emit_zeroes>
    665c:	3a c0       	rjmp	.+116    	; 0x66d2 <.Lformat_float_fixed_done>

0000665e <.Lformat_float_fixed_fraction_negative_exp>:
    665e:	ba 01       	movw	r22, r20
    6660:	60 95       	com	r22
    6662:	70 95       	com	r23
    6664:	63 0d       	add	r22, r3
    6666:	72 1d       	adc	r23, r2
    6668:	63 19       	sub	r22, r3
    666a:	72 09       	sbc	r23, r2
    666c:	80 91 57 0a 	lds	r24, 0x0A57	; 0x800a57 <_end+0x4b>
    6670:	90 91 58 0a 	lds	r25, 0x0A58	; 0x800a58 <_end+0x4c>
    6674:	86 17       	cp	r24, r22
    6676:	97 07       	cpc	r25, r23
    6678:	08 f4       	brcc	.+2      	; 0x667c <.L1^B49>
    667a:	bc 01       	movw	r22, r24

0000667c <.L1^B49>:
    667c:	60 93 44 0a 	sts	0x0A44, r22	; 0x800a44 <_end+0x38>
    6680:	70 93 45 0a 	sts	0x0A45, r23	; 0x800a45 <_end+0x39>
    6684:	cb 01       	movw	r24, r22
    6686:	9a de       	rcall	.-716    	; 0x63bc <format_float_emit_zeroes>
    6688:	40 91 57 0a 	lds	r20, 0x0A57	; 0x800a57 <_end+0x4b>
    668c:	50 91 58 0a 	lds	r21, 0x0A58	; 0x800a58 <_end+0x4c>
    6690:	a0 91 44 0a 	lds	r26, 0x0A44	; 0x800a44 <_end+0x38>
    6694:	b0 91 45 0a 	lds	r27, 0x0A45	; 0x800a45 <_end+0x39>
    6698:	4a 1b       	sub	r20, r26
    669a:	5b 0b       	sbc	r21, r27
    669c:	84 2f       	mov	r24, r20
    669e:	85 2b       	or	r24, r21
    66a0:	c1 f0       	breq	.+48     	; 0x66d2 <.Lformat_float_fixed_done>
    66a2:	70 91 55 0a 	lds	r23, 0x0A55	; 0x800a55 <_end+0x49>
    66a6:	ca 01       	movw	r24, r20
    66a8:	99 23       	and	r25, r25
    66aa:	11 f4       	brne	.+4      	; 0x66b0 <.L2^B14>
    66ac:	87 17       	cp	r24, r23
    66ae:	10 f0       	brcs	.+4      	; 0x66b4 <.L3^B4>

000066b0 <.L2^B14>:
    66b0:	87 2f       	mov	r24, r23
    66b2:	99 27       	eor	r25, r25

000066b4 <.L3^B4>:
    66b4:	da 01       	movw	r26, r20
    66b6:	a8 1b       	sub	r26, r24
    66b8:	b9 0b       	sbc	r27, r25
    66ba:	a0 93 44 0a 	sts	0x0A44, r26	; 0x800a44 <_end+0x38>
    66be:	b0 93 45 0a 	sts	0x0A45, r27	; 0x800a45 <_end+0x39>
    66c2:	eb e2       	ldi	r30, 0x2B	; 43
    66c4:	fa e0       	ldi	r31, 0x0A	; 10
    66c6:	0e de       	rcall	.-996    	; 0x62e4 <format_float_veneer_emit_ram_span>
    66c8:	80 91 44 0a 	lds	r24, 0x0A44	; 0x800a44 <_end+0x38>
    66cc:	90 91 45 0a 	lds	r25, 0x0A45	; 0x800a45 <_end+0x39>
    66d0:	75 de       	rcall	.-790    	; 0x63bc <format_float_emit_zeroes>

000066d2 <.Lformat_float_fixed_done>:
    66d2:	04 de       	rcall	.-1016   	; 0x62dc <format_float_veneer_emit_post_padding>
    66d4:	0c 94 4d 2c 	jmp	0x589a	; 0x589a <format_core>

000066d8 <format_float_emit_exponential>:
    66d8:	75 de       	rcall	.-790    	; 0x63c4 <format_float_store_precision>
    66da:	80 91 57 0a 	lds	r24, 0x0A57	; 0x800a57 <_end+0x4b>
    66de:	90 91 58 0a 	lds	r25, 0x0A58	; 0x800a58 <_end+0x4c>
    66e2:	a5 e0       	ldi	r26, 0x05	; 5
    66e4:	34 de       	rcall	.-920    	; 0x634e <format_float_content_add_u8>
    66e6:	a0 91 57 0a 	lds	r26, 0x0A57	; 0x800a57 <_end+0x4b>
    66ea:	b0 91 58 0a 	lds	r27, 0x0A58	; 0x800a58 <_end+0x4c>
    66ee:	ab 2b       	or	r26, r27
    66f0:	11 f4       	brne	.+4      	; 0x66f6 <.Lformat_float_exp_content_point>
    66f2:	23 ff       	sbrs	r18, 3
    66f4:	02 c0       	rjmp	.+4      	; 0x66fa <.Lformat_float_exp_content_sign>

000066f6 <.Lformat_float_exp_content_point>:
    66f6:	a3 2d       	mov	r26, r3
    66f8:	2a de       	rcall	.-940    	; 0x634e <format_float_content_add_u8>

000066fa <.Lformat_float_exp_content_sign>:
    66fa:	a0 91 47 0a 	lds	r26, 0x0A47	; 0x800a47 <_end+0x3b>
    66fe:	aa 23       	and	r26, r26
    6700:	11 f0       	breq	.+4      	; 0x6706 <.L1^B50>
    6702:	a3 2d       	mov	r26, r3
    6704:	24 de       	rcall	.-952    	; 0x634e <format_float_content_add_u8>

00006706 <.L1^B50>:
    6706:	2a de       	rcall	.-940    	; 0x635c <format_float_begin_decimal_field>
    6708:	80 91 2b 0a 	lds	r24, 0x0A2B	; 0x800a2b <_end+0x1f>
    670c:	e9 dd       	rcall	.-1070   	; 0x62e0 <format_float_veneer_emit_char>
    670e:	5f de       	rcall	.-834    	; 0x63ce <format_float_emit_point_if_needed>
    6710:	40 91 57 0a 	lds	r20, 0x0A57	; 0x800a57 <_end+0x4b>
    6714:	50 91 58 0a 	lds	r21, 0x0A58	; 0x800a58 <_end+0x4c>
    6718:	84 2f       	mov	r24, r20
    671a:	85 2b       	or	r24, r21
    671c:	a9 f0       	breq	.+42     	; 0x6748 <.Lformat_float_exp_after_fraction>
    671e:	70 91 55 0a 	lds	r23, 0x0A55	; 0x800a55 <_end+0x49>
    6722:	7a 95       	dec	r23
    6724:	ca 01       	movw	r24, r20
    6726:	99 23       	and	r25, r25
    6728:	11 f4       	brne	.+4      	; 0x672e <.L1^B51>
    672a:	87 17       	cp	r24, r23
    672c:	10 f0       	brcs	.+4      	; 0x6732 <.L2^B15>

0000672e <.L1^B51>:
    672e:	87 2f       	mov	r24, r23
    6730:	99 27       	eor	r25, r25

00006732 <.L2^B15>:
    6732:	38 2f       	mov	r19, r24
    6734:	ec e2       	ldi	r30, 0x2C	; 44
    6736:	fa e0       	ldi	r31, 0x0A	; 10
    6738:	d5 dd       	rcall	.-1110   	; 0x62e4 <format_float_veneer_emit_ram_span>
    673a:	80 91 57 0a 	lds	r24, 0x0A57	; 0x800a57 <_end+0x4b>
    673e:	90 91 58 0a 	lds	r25, 0x0A58	; 0x800a58 <_end+0x4c>
    6742:	83 1b       	sub	r24, r19
    6744:	92 09       	sbc	r25, r2
    6746:	3a de       	rcall	.-908    	; 0x63bc <format_float_emit_zeroes>

00006748 <.Lformat_float_exp_after_fraction>:
    6748:	80 91 48 0a 	lds	r24, 0x0A48	; 0x800a48 <_end+0x3c>
    674c:	85 ff       	sbrs	r24, 5
    674e:	02 c0       	rjmp	.+4      	; 0x6754 <.Lformat_float_exp_marker_upper>
    6750:	85 e6       	ldi	r24, 0x65	; 101
    6752:	01 c0       	rjmp	.+2      	; 0x6756 <.Lformat_float_exp_marker_emit>

00006754 <.Lformat_float_exp_marker_upper>:
    6754:	85 e4       	ldi	r24, 0x45	; 69

00006756 <.Lformat_float_exp_marker_emit>:
    6756:	c4 dd       	rcall	.-1144   	; 0x62e0 <format_float_veneer_emit_char>
    6758:	48 d0       	rcall	.+144    	; 0x67ea <format_float_emit_decimal_exponent_two>
    675a:	c0 dd       	rcall	.-1152   	; 0x62dc <format_float_veneer_emit_post_padding>
    675c:	0c 94 4d 2c 	jmp	0x589a	; 0x589a <format_core>

00006760 <format_float_emit_general>:
    6760:	70 91 55 0a 	lds	r23, 0x0A55	; 0x800a55 <_end+0x49>
    6764:	23 fd       	sbrc	r18, 3
    6766:	0b c0       	rjmp	.+22     	; 0x677e <.Lformat_float_general_digits_ready>
    6768:	eb e2       	ldi	r30, 0x2B	; 43
    676a:	fa e0       	ldi	r31, 0x0A	; 10
    676c:	e7 0f       	add	r30, r23
    676e:	f2 1d       	adc	r31, r2

00006770 <.Lformat_float_general_trim_loop>:
    6770:	71 30       	cpi	r23, 0x01	; 1
    6772:	29 f0       	breq	.+10     	; 0x677e <.Lformat_float_general_digits_ready>
    6774:	82 91       	ld	r24, -Z
    6776:	80 33       	cpi	r24, 0x30	; 48
    6778:	11 f4       	brne	.+4      	; 0x677e <.Lformat_float_general_digits_ready>
    677a:	7a 95       	dec	r23
    677c:	f9 cf       	rjmp	.-14     	; 0x6770 <.Lformat_float_general_trim_loop>

0000677e <.Lformat_float_general_digits_ready>:
    677e:	40 91 53 0a 	lds	r20, 0x0A53	; 0x800a53 <_end+0x47>
    6782:	50 91 54 0a 	lds	r21, 0x0A54	; 0x800a54 <_end+0x48>
    6786:	55 23       	and	r21, r21
    6788:	2a f4       	brpl	.+10     	; 0x6794 <.Lformat_float_general_nonnegative_exp>
    678a:	4c 3f       	cpi	r20, 0xFC	; 252
    678c:	8f ef       	ldi	r24, 0xFF	; 255
    678e:	58 07       	cpc	r21, r24
    6790:	24 f1       	brlt	.+72     	; 0x67da <.Lformat_float_general_scientific>
    6792:	04 c0       	rjmp	.+8      	; 0x679c <.Lformat_float_general_fixed>

00006794 <.Lformat_float_general_nonnegative_exp>:
    6794:	ff 20       	and	r15, r15
    6796:	11 f4       	brne	.+4      	; 0x679c <.Lformat_float_general_fixed>
    6798:	4e 15       	cp	r20, r14
    679a:	f8 f4       	brcc	.+62     	; 0x67da <.Lformat_float_general_scientific>

0000679c <.Lformat_float_general_fixed>:
    679c:	23 fd       	sbrc	r18, 3
    679e:	03 c0       	rjmp	.+6      	; 0x67a6 <.Lformat_float_general_fixed_alt>
    67a0:	87 2f       	mov	r24, r23
    67a2:	99 27       	eor	r25, r25
    67a4:	01 c0       	rjmp	.+2      	; 0x67a8 <.Lformat_float_general_fixed_compute>

000067a6 <.Lformat_float_general_fixed_alt>:
    67a6:	c7 01       	movw	r24, r14

000067a8 <.Lformat_float_general_fixed_compute>:
    67a8:	55 23       	and	r21, r21
    67aa:	42 f0       	brmi	.+16     	; 0x67bc <.Lformat_float_general_fixed_negative_exp>
    67ac:	a4 2f       	mov	r26, r20
    67ae:	a3 95       	inc	r26
    67b0:	8a 1b       	sub	r24, r26
    67b2:	92 09       	sbc	r25, r2
    67b4:	80 f4       	brcc	.+32     	; 0x67d6 <.Lformat_float_general_fixed_precision_ready>
    67b6:	88 27       	eor	r24, r24
    67b8:	99 27       	eor	r25, r25
    67ba:	0d c0       	rjmp	.+26     	; 0x67d6 <.Lformat_float_general_fixed_precision_ready>

000067bc <.Lformat_float_general_fixed_negative_exp>:
    67bc:	da 01       	movw	r26, r20
    67be:	a0 95       	com	r26
    67c0:	b0 95       	com	r27
    67c2:	a3 0d       	add	r26, r3
    67c4:	b2 1d       	adc	r27, r2
    67c6:	a3 19       	sub	r26, r3
    67c8:	b2 09       	sbc	r27, r2
    67ca:	8a 0f       	add	r24, r26
    67cc:	9b 1f       	adc	r25, r27
    67ce:	18 f4       	brcc	.+6      	; 0x67d6 <.Lformat_float_general_fixed_precision_ready>
    67d0:	8f ef       	ldi	r24, 0xFF	; 255
    67d2:	9f ef       	ldi	r25, 0xFF	; 255
    67d4:	14 60       	ori	r17, 0x04	; 4

000067d6 <.Lformat_float_general_fixed_precision_ready>:
    67d6:	7c 01       	movw	r14, r24
    67d8:	d2 ce       	rjmp	.-604    	; 0x657e <format_float_emit_fixed>

000067da <.Lformat_float_general_scientific>:
    67da:	23 fd       	sbrc	r18, 3
    67dc:	03 c0       	rjmp	.+6      	; 0x67e4 <.Lformat_float_general_scientific_alt>
    67de:	e7 2e       	mov	r14, r23
    67e0:	ff 24       	eor	r15, r15
    67e2:	00 c0       	rjmp	.+0      	; 0x67e4 <.Lformat_float_general_scientific_alt>

000067e4 <.Lformat_float_general_scientific_alt>:
    67e4:	e3 18       	sub	r14, r3
    67e6:	f2 08       	sbc	r15, r2
    67e8:	77 cf       	rjmp	.-274    	; 0x66d8 <format_float_emit_exponential>

000067ea <format_float_emit_decimal_exponent_two>:
    67ea:	40 91 53 0a 	lds	r20, 0x0A53	; 0x800a53 <_end+0x47>
    67ee:	50 91 54 0a 	lds	r21, 0x0A54	; 0x800a54 <_end+0x48>
    67f2:	55 23       	and	r21, r21
    67f4:	5a f0       	brmi	.+22     	; 0x680c <.Lformat_float_exp_two_negative>
    67f6:	84 2f       	mov	r24, r20
    67f8:	85 2b       	or	r24, r21
    67fa:	71 f4       	brne	.+28     	; 0x6818 <.Lformat_float_exp_two_positive>
    67fc:	80 91 56 0a 	lds	r24, 0x0A56	; 0x800a56 <_end+0x4a>
    6800:	84 ff       	sbrs	r24, 4
    6802:	0a c0       	rjmp	.+20     	; 0x6818 <.Lformat_float_exp_two_positive>
    6804:	80 91 2b 0a 	lds	r24, 0x0A2B	; 0x800a2b <_end+0x1f>
    6808:	81 33       	cpi	r24, 0x31	; 49
    680a:	31 f4       	brne	.+12     	; 0x6818 <.Lformat_float_exp_two_positive>

0000680c <.Lformat_float_exp_two_negative>:
    680c:	40 95       	com	r20
    680e:	50 95       	com	r21
    6810:	43 0d       	add	r20, r3
    6812:	52 1d       	adc	r21, r2
    6814:	ad e2       	ldi	r26, 0x2D	; 45
    6816:	01 c0       	rjmp	.+2      	; 0x681a <.Lformat_float_exp_two_prepare>

00006818 <.Lformat_float_exp_two_positive>:
    6818:	ab e2       	ldi	r26, 0x2B	; 43

0000681a <.Lformat_float_exp_two_prepare>:
    681a:	a0 93 4b 0a 	sts	0x0A4B, r26	; 0x800a4b <_end+0x3f>
    681e:	60 e3       	ldi	r22, 0x30	; 48

00006820 <.Lformat_float_exp_two_tens_loop>:
    6820:	4a 30       	cpi	r20, 0x0A	; 10
    6822:	18 f0       	brcs	.+6      	; 0x682a <.Lformat_float_exp_two_digits_ready>
    6824:	4a 50       	subi	r20, 0x0A	; 10
    6826:	63 95       	inc	r22
    6828:	fb cf       	rjmp	.-10     	; 0x6820 <.Lformat_float_exp_two_tens_loop>

0000682a <.Lformat_float_exp_two_digits_ready>:
    682a:	60 93 2a 0a 	sts	0x0A2A, r22	; 0x800a2a <_end+0x1e>
    682e:	40 5d       	subi	r20, 0xD0	; 208
    6830:	40 93 2b 0a 	sts	0x0A2B, r20	; 0x800a2b <_end+0x1f>
    6834:	80 91 4b 0a 	lds	r24, 0x0A4B	; 0x800a4b <_end+0x3f>
    6838:	53 dd       	rcall	.-1370   	; 0x62e0 <format_float_veneer_emit_char>
    683a:	ea e2       	ldi	r30, 0x2A	; 42
    683c:	fa e0       	ldi	r31, 0x0A	; 10
    683e:	82 e0       	ldi	r24, 0x02	; 2
    6840:	99 27       	eor	r25, r25
    6842:	0c 94 72 31 	jmp	0x62e4	; 0x62e4 <format_float_veneer_emit_ram_span>

00006846 <format_conversion_float_hex>:
    6846:	40 91 4f 0a 	lds	r20, 0x0A4F	; 0x800a4f <_end+0x43>
    684a:	50 91 50 0a 	lds	r21, 0x0A50	; 0x800a50 <_end+0x44>
    684e:	60 91 51 0a 	lds	r22, 0x0A51	; 0x800a51 <_end+0x45>
    6852:	70 91 52 0a 	lds	r23, 0x0A52	; 0x800a52 <_end+0x46>
    6856:	88 27       	eor	r24, r24
    6858:	77 fd       	sbrc	r23, 7
    685a:	81 60       	ori	r24, 0x01	; 1
    685c:	97 2f       	mov	r25, r23
    685e:	99 0f       	add	r25, r25
    6860:	67 fd       	sbrc	r22, 7
    6862:	91 60       	ori	r25, 0x01	; 1
    6864:	a6 2f       	mov	r26, r22
    6866:	af 77       	andi	r26, 0x7F	; 127
    6868:	a5 2b       	or	r26, r21
    686a:	a4 2b       	or	r26, r20
    686c:	9f 3f       	cpi	r25, 0xFF	; 255
    686e:	49 f4       	brne	.+18     	; 0x6882 <.Lformat_float_hex_not_special>
    6870:	aa 23       	and	r26, r26
    6872:	11 f0       	breq	.+4      	; 0x6878 <.Lformat_float_hex_inf>
    6874:	88 60       	ori	r24, 0x08	; 8
    6876:	01 c0       	rjmp	.+2      	; 0x687a <.Lformat_float_hex_special_store>

00006878 <.Lformat_float_hex_inf>:
    6878:	84 60       	ori	r24, 0x04	; 4

0000687a <.Lformat_float_hex_special_store>:
    687a:	80 93 56 0a 	sts	0x0A56, r24	; 0x800a56 <_end+0x4a>
    687e:	49 dd       	rcall	.-1390   	; 0x6312 <format_float_set_sign>
    6880:	b1 cd       	rjmp	.-1182   	; 0x63e4 <format_float_emit_special>

00006882 <.Lformat_float_hex_not_special>:
    6882:	99 23       	and	r25, r25
    6884:	91 f4       	brne	.+36     	; 0x68aa <.Lformat_float_hex_normal>
    6886:	aa 23       	and	r26, r26
    6888:	d1 f4       	brne	.+52     	; 0x68be <.Lformat_float_hex_subnormal>
    688a:	82 60       	ori	r24, 0x02	; 2
    688c:	80 93 56 0a 	sts	0x0A56, r24	; 0x800a56 <_end+0x4a>
    6890:	20 92 49 0a 	sts	0x0A49, r2	; 0x800a49 <_end+0x3d>
    6894:	20 92 53 0a 	sts	0x0A53, r2	; 0x800a53 <_end+0x47>
    6898:	20 92 54 0a 	sts	0x0A54, r2	; 0x800a54 <_end+0x48>
    689c:	20 92 4f 0a 	sts	0x0A4F, r2	; 0x800a4f <_end+0x43>
    68a0:	20 92 50 0a 	sts	0x0A50, r2	; 0x800a50 <_end+0x44>
    68a4:	20 92 51 0a 	sts	0x0A51, r2	; 0x800a51 <_end+0x45>
    68a8:	23 c0       	rjmp	.+70     	; 0x68f0 <.Lformat_float_hex_normalized>

000068aa <.Lformat_float_hex_normal>:
    68aa:	6f 77       	andi	r22, 0x7F	; 127
    68ac:	60 68       	ori	r22, 0x80	; 128
    68ae:	a9 2f       	mov	r26, r25
    68b0:	af 57       	subi	r26, 0x7F	; 127
    68b2:	bb 27       	eor	r27, r27
    68b4:	a7 fd       	sbrc	r26, 7
    68b6:	b0 95       	com	r27
    68b8:	30 92 49 0a 	sts	0x0A49, r3	; 0x800a49 <_end+0x3d>
    68bc:	0d c0       	rjmp	.+26     	; 0x68d8 <.Lformat_float_hex_store_normalized>

000068be <.Lformat_float_hex_subnormal>:
    68be:	6f 77       	andi	r22, 0x7F	; 127
    68c0:	a2 e8       	ldi	r26, 0x82	; 130
    68c2:	bf ef       	ldi	r27, 0xFF	; 255

000068c4 <.Lformat_float_hex_subnormal_loop>:
    68c4:	67 fd       	sbrc	r22, 7
    68c6:	06 c0       	rjmp	.+12     	; 0x68d4 <.Lformat_float_hex_subnormal_ready>
    68c8:	44 0f       	add	r20, r20
    68ca:	55 1f       	adc	r21, r21
    68cc:	66 1f       	adc	r22, r22
    68ce:	a1 50       	subi	r26, 0x01	; 1
    68d0:	b0 40       	sbci	r27, 0x00	; 0
    68d2:	f8 cf       	rjmp	.-16     	; 0x68c4 <.Lformat_float_hex_subnormal_loop>

000068d4 <.Lformat_float_hex_subnormal_ready>:
    68d4:	30 92 49 0a 	sts	0x0A49, r3	; 0x800a49 <_end+0x3d>

000068d8 <.Lformat_float_hex_store_normalized>:
    68d8:	40 93 4f 0a 	sts	0x0A4F, r20	; 0x800a4f <_end+0x43>
    68dc:	50 93 50 0a 	sts	0x0A50, r21	; 0x800a50 <_end+0x44>
    68e0:	60 93 51 0a 	sts	0x0A51, r22	; 0x800a51 <_end+0x45>
    68e4:	a0 93 53 0a 	sts	0x0A53, r26	; 0x800a53 <_end+0x47>
    68e8:	b0 93 54 0a 	sts	0x0A54, r27	; 0x800a54 <_end+0x48>
    68ec:	80 93 56 0a 	sts	0x0A56, r24	; 0x800a56 <_end+0x4a>

000068f0 <.Lformat_float_hex_normalized>:
    68f0:	10 dd       	rcall	.-1504   	; 0x6312 <format_float_set_sign>
    68f2:	25 ff       	sbrs	r18, 5
    68f4:	0a c0       	rjmp	.+20     	; 0x690a <.Lformat_float_hex_generate_digits>
    68f6:	ff 20       	and	r15, r15
    68f8:	41 f4       	brne	.+16     	; 0x690a <.Lformat_float_hex_generate_digits>
    68fa:	8e 2d       	mov	r24, r14
    68fc:	86 30       	cpi	r24, 0x06	; 6
    68fe:	28 f4       	brcc	.+10     	; 0x690a <.Lformat_float_hex_generate_digits>
    6900:	80 91 49 0a 	lds	r24, 0x0A49	; 0x800a49 <_end+0x3d>
    6904:	88 23       	and	r24, r24
    6906:	09 f0       	breq	.+2      	; 0x690a <.Lformat_float_hex_generate_digits>
    6908:	5a d0       	rcall	.+180    	; 0x69be <format_float_hex_round>

0000690a <.Lformat_float_hex_generate_digits>:
    690a:	99 d0       	rcall	.+306    	; 0x6a3e <format_float_hex_generate_six>
    690c:	25 fd       	sbrc	r18, 5
    690e:	0c c0       	rjmp	.+24     	; 0x6928 <.Lformat_float_hex_precision_ready>
    6910:	86 e0       	ldi	r24, 0x06	; 6
    6912:	e8 2e       	mov	r14, r24
    6914:	ff 24       	eor	r15, r15
    6916:	e0 e3       	ldi	r30, 0x30	; 48
    6918:	fa e0       	ldi	r31, 0x0A	; 10

0000691a <.Lformat_float_hex_trim_loop>:
    691a:	ee 20       	and	r14, r14
    691c:	29 f0       	breq	.+10     	; 0x6928 <.Lformat_float_hex_precision_ready>
    691e:	82 91       	ld	r24, -Z
    6920:	80 33       	cpi	r24, 0x30	; 48
    6922:	11 f4       	brne	.+4      	; 0x6928 <.Lformat_float_hex_precision_ready>
    6924:	ea 94       	dec	r14
    6926:	f9 cf       	rjmp	.-14     	; 0x691a <.Lformat_float_hex_trim_loop>

00006928 <.Lformat_float_hex_precision_ready>:
    6928:	4d dd       	rcall	.-1382   	; 0x63c4 <format_float_store_precision>
    692a:	c6 d0       	rcall	.+396    	; 0x6ab8 <format_float_hex_exponent_digit_count>
    692c:	78 2f       	mov	r23, r24
    692e:	80 91 57 0a 	lds	r24, 0x0A57	; 0x800a57 <_end+0x4b>
    6932:	90 91 58 0a 	lds	r25, 0x0A58	; 0x800a58 <_end+0x4c>
    6936:	a5 e0       	ldi	r26, 0x05	; 5
    6938:	0a dd       	rcall	.-1516   	; 0x634e <format_float_content_add_u8>
    693a:	a7 2f       	mov	r26, r23
    693c:	08 dd       	rcall	.-1520   	; 0x634e <format_float_content_add_u8>
    693e:	a0 91 57 0a 	lds	r26, 0x0A57	; 0x800a57 <_end+0x4b>
    6942:	b0 91 58 0a 	lds	r27, 0x0A58	; 0x800a58 <_end+0x4c>
    6946:	ab 2b       	or	r26, r27
    6948:	11 f4       	brne	.+4      	; 0x694e <.Lformat_float_hex_content_point>
    694a:	23 ff       	sbrs	r18, 3
    694c:	02 c0       	rjmp	.+4      	; 0x6952 <.Lformat_float_hex_content_sign>

0000694e <.Lformat_float_hex_content_point>:
    694e:	a3 2d       	mov	r26, r3
    6950:	fe dc       	rcall	.-1540   	; 0x634e <format_float_content_add_u8>

00006952 <.Lformat_float_hex_content_sign>:
    6952:	a0 91 47 0a 	lds	r26, 0x0A47	; 0x800a47 <_end+0x3b>
    6956:	aa 23       	and	r26, r26
    6958:	11 f0       	breq	.+4      	; 0x695e <.L1^B52>
    695a:	a3 2d       	mov	r26, r3
    695c:	f8 dc       	rcall	.-1552   	; 0x634e <format_float_content_add_u8>

0000695e <.L1^B52>:
    695e:	11 dd       	rcall	.-1502   	; 0x6382 <format_float_begin_hex_field>
    6960:	80 91 49 0a 	lds	r24, 0x0A49	; 0x800a49 <_end+0x3d>
    6964:	88 23       	and	r24, r24
    6966:	11 f0       	breq	.+4      	; 0x696c <.Lformat_float_hex_emit_zero_lead>
    6968:	81 e3       	ldi	r24, 0x31	; 49
    696a:	01 c0       	rjmp	.+2      	; 0x696e <.Lformat_float_hex_emit_lead>

0000696c <.Lformat_float_hex_emit_zero_lead>:
    696c:	80 e3       	ldi	r24, 0x30	; 48

0000696e <.Lformat_float_hex_emit_lead>:
    696e:	b8 dc       	rcall	.-1680   	; 0x62e0 <format_float_veneer_emit_char>
    6970:	2e dd       	rcall	.-1444   	; 0x63ce <format_float_emit_point_if_needed>
    6972:	40 91 57 0a 	lds	r20, 0x0A57	; 0x800a57 <_end+0x4b>
    6976:	50 91 58 0a 	lds	r21, 0x0A58	; 0x800a58 <_end+0x4c>
    697a:	84 2f       	mov	r24, r20
    697c:	85 2b       	or	r24, r21
    697e:	99 f0       	breq	.+38     	; 0x69a6 <.Lformat_float_hex_after_fraction>
    6980:	66 e0       	ldi	r22, 0x06	; 6
    6982:	ca 01       	movw	r24, r20
    6984:	99 23       	and	r25, r25
    6986:	11 f4       	brne	.+4      	; 0x698c <.L1^B53>
    6988:	86 17       	cp	r24, r22
    698a:	10 f0       	brcs	.+4      	; 0x6990 <.L2^B16>

0000698c <.L1^B53>:
    698c:	86 2f       	mov	r24, r22
    698e:	99 27       	eor	r25, r25

00006990 <.L2^B16>:
    6990:	38 2f       	mov	r19, r24
    6992:	ea e2       	ldi	r30, 0x2A	; 42
    6994:	fa e0       	ldi	r31, 0x0A	; 10
    6996:	a6 dc       	rcall	.-1716   	; 0x62e4 <format_float_veneer_emit_ram_span>
    6998:	80 91 57 0a 	lds	r24, 0x0A57	; 0x800a57 <_end+0x4b>
    699c:	90 91 58 0a 	lds	r25, 0x0A58	; 0x800a58 <_end+0x4c>
    69a0:	83 1b       	sub	r24, r19
    69a2:	92 09       	sbc	r25, r2
    69a4:	0b dd       	rcall	.-1514   	; 0x63bc <format_float_emit_zeroes>

000069a6 <.Lformat_float_hex_after_fraction>:
    69a6:	80 91 48 0a 	lds	r24, 0x0A48	; 0x800a48 <_end+0x3c>
    69aa:	85 ff       	sbrs	r24, 5
    69ac:	02 c0       	rjmp	.+4      	; 0x69b2 <.Lformat_float_hex_marker_upper>
    69ae:	80 e7       	ldi	r24, 0x70	; 112
    69b0:	01 c0       	rjmp	.+2      	; 0x69b4 <.Lformat_float_hex_marker_emit>

000069b2 <.Lformat_float_hex_marker_upper>:
    69b2:	80 e5       	ldi	r24, 0x50	; 80

000069b4 <.Lformat_float_hex_marker_emit>:
    69b4:	95 dc       	rcall	.-1750   	; 0x62e0 <format_float_veneer_emit_char>
    69b6:	92 d0       	rcall	.+292    	; 0x6adc <format_float_emit_hex_exponent>
    69b8:	91 dc       	rcall	.-1758   	; 0x62dc <format_float_veneer_emit_post_padding>
    69ba:	0c 94 4d 2c 	jmp	0x589a	; 0x589a <format_core>

000069be <format_float_hex_round>:
    69be:	40 91 4f 0a 	lds	r20, 0x0A4F	; 0x800a4f <_end+0x43>
    69c2:	50 91 50 0a 	lds	r21, 0x0A50	; 0x800a50 <_end+0x44>
    69c6:	60 91 51 0a 	lds	r22, 0x0A51	; 0x800a51 <_end+0x45>
    69ca:	8e 2d       	mov	r24, r14
    69cc:	88 0f       	add	r24, r24
    69ce:	88 0f       	add	r24, r24
    69d0:	97 e1       	ldi	r25, 0x17	; 23
    69d2:	98 1b       	sub	r25, r24
    69d4:	79 2f       	mov	r23, r25
    69d6:	aa 27       	eor	r26, r26

000069d8 <.Lformat_float_hex_round_shift_right>:
    69d8:	66 95       	lsr	r22
    69da:	57 95       	ror	r21
    69dc:	47 95       	ror	r20
    69de:	9a 95       	dec	r25
    69e0:	19 f0       	breq	.+6      	; 0x69e8 <.Lformat_float_hex_round_guard>
    69e2:	d0 f7       	brcc	.-12     	; 0x69d8 <.Lformat_float_hex_round_shift_right>
    69e4:	a3 2d       	mov	r26, r3
    69e6:	f8 cf       	rjmp	.-16     	; 0x69d8 <.Lformat_float_hex_round_shift_right>

000069e8 <.Lformat_float_hex_round_guard>:
    69e8:	bb 27       	eor	r27, r27
    69ea:	08 f4       	brcc	.+2      	; 0x69ee <.Lformat_float_hex_round_decide>
    69ec:	b3 2d       	mov	r27, r3

000069ee <.Lformat_float_hex_round_decide>:
    69ee:	bb 23       	and	r27, r27
    69f0:	39 f0       	breq	.+14     	; 0x6a00 <.Lformat_float_hex_round_realign>
    69f2:	aa 23       	and	r26, r26
    69f4:	11 f4       	brne	.+4      	; 0x69fa <.Lformat_float_hex_round_up>
    69f6:	40 ff       	sbrs	r20, 0
    69f8:	03 c0       	rjmp	.+6      	; 0x6a00 <.Lformat_float_hex_round_realign>

000069fa <.Lformat_float_hex_round_up>:
    69fa:	43 0d       	add	r20, r3
    69fc:	52 1d       	adc	r21, r2
    69fe:	62 1d       	adc	r22, r2

00006a00 <.Lformat_float_hex_round_realign>:
    6a00:	bb 27       	eor	r27, r27
    6a02:	97 2f       	mov	r25, r23

00006a04 <.Lformat_float_hex_round_shift_left>:
    6a04:	44 0f       	add	r20, r20
    6a06:	55 1f       	adc	r21, r21
    6a08:	66 1f       	adc	r22, r22
    6a0a:	08 f4       	brcc	.+2      	; 0x6a0e <.L1^B54>
    6a0c:	b3 2d       	mov	r27, r3

00006a0e <.L1^B54>:
    6a0e:	9a 95       	dec	r25
    6a10:	c9 f7       	brne	.-14     	; 0x6a04 <.Lformat_float_hex_round_shift_left>
    6a12:	bb 23       	and	r27, r27
    6a14:	69 f0       	breq	.+26     	; 0x6a30 <.Lformat_float_hex_round_store>
    6a16:	44 27       	eor	r20, r20
    6a18:	55 27       	eor	r21, r21
    6a1a:	60 e8       	ldi	r22, 0x80	; 128
    6a1c:	80 91 53 0a 	lds	r24, 0x0A53	; 0x800a53 <_end+0x47>
    6a20:	90 91 54 0a 	lds	r25, 0x0A54	; 0x800a54 <_end+0x48>
    6a24:	83 0d       	add	r24, r3
    6a26:	92 1d       	adc	r25, r2
    6a28:	80 93 53 0a 	sts	0x0A53, r24	; 0x800a53 <_end+0x47>
    6a2c:	90 93 54 0a 	sts	0x0A54, r25	; 0x800a54 <_end+0x48>

00006a30 <.Lformat_float_hex_round_store>:
    6a30:	40 93 4f 0a 	sts	0x0A4F, r20	; 0x800a4f <_end+0x43>
    6a34:	50 93 50 0a 	sts	0x0A50, r21	; 0x800a50 <_end+0x44>
    6a38:	60 93 51 0a 	sts	0x0A51, r22	; 0x800a51 <_end+0x45>
    6a3c:	08 95       	ret

00006a3e <format_float_hex_generate_six>:
    6a3e:	40 91 4f 0a 	lds	r20, 0x0A4F	; 0x800a4f <_end+0x43>
    6a42:	50 91 50 0a 	lds	r21, 0x0A50	; 0x800a50 <_end+0x44>
    6a46:	60 91 51 0a 	lds	r22, 0x0A51	; 0x800a51 <_end+0x45>
    6a4a:	ea e2       	ldi	r30, 0x2A	; 42
    6a4c:	fa e0       	ldi	r31, 0x0A	; 10
    6a4e:	a6 2f       	mov	r26, r22
    6a50:	a6 95       	lsr	r26
    6a52:	a6 95       	lsr	r26
    6a54:	a6 95       	lsr	r26
    6a56:	af 70       	andi	r26, 0x0F	; 15
    6a58:	23 d0       	rcall	.+70     	; 0x6aa0 <format_float_hex_nibble_to_char>
    6a5a:	a1 93       	st	Z+, r26
    6a5c:	a6 2f       	mov	r26, r22
    6a5e:	a7 70       	andi	r26, 0x07	; 7
    6a60:	aa 0f       	add	r26, r26
    6a62:	57 fd       	sbrc	r21, 7
    6a64:	a1 60       	ori	r26, 0x01	; 1
    6a66:	1c d0       	rcall	.+56     	; 0x6aa0 <format_float_hex_nibble_to_char>
    6a68:	a1 93       	st	Z+, r26
    6a6a:	a5 2f       	mov	r26, r21
    6a6c:	a6 95       	lsr	r26
    6a6e:	a6 95       	lsr	r26
    6a70:	a6 95       	lsr	r26
    6a72:	af 70       	andi	r26, 0x0F	; 15
    6a74:	15 d0       	rcall	.+42     	; 0x6aa0 <format_float_hex_nibble_to_char>
    6a76:	a1 93       	st	Z+, r26
    6a78:	a5 2f       	mov	r26, r21
    6a7a:	a7 70       	andi	r26, 0x07	; 7
    6a7c:	aa 0f       	add	r26, r26
    6a7e:	47 fd       	sbrc	r20, 7
    6a80:	a1 60       	ori	r26, 0x01	; 1
    6a82:	0e d0       	rcall	.+28     	; 0x6aa0 <format_float_hex_nibble_to_char>
    6a84:	a1 93       	st	Z+, r26
    6a86:	a4 2f       	mov	r26, r20
    6a88:	a6 95       	lsr	r26
    6a8a:	a6 95       	lsr	r26
    6a8c:	a6 95       	lsr	r26
    6a8e:	af 70       	andi	r26, 0x0F	; 15
    6a90:	07 d0       	rcall	.+14     	; 0x6aa0 <format_float_hex_nibble_to_char>
    6a92:	a1 93       	st	Z+, r26
    6a94:	a4 2f       	mov	r26, r20
    6a96:	a7 70       	andi	r26, 0x07	; 7
    6a98:	aa 0f       	add	r26, r26
    6a9a:	02 d0       	rcall	.+4      	; 0x6aa0 <format_float_hex_nibble_to_char>
    6a9c:	a0 83       	st	Z, r26
    6a9e:	08 95       	ret

00006aa0 <format_float_hex_nibble_to_char>:
    6aa0:	aa 30       	cpi	r26, 0x0A	; 10
    6aa2:	40 f0       	brcs	.+16     	; 0x6ab4 <.Lformat_float_hex_numeric_nibble>
    6aa4:	80 91 48 0a 	lds	r24, 0x0A48	; 0x800a48 <_end+0x3c>
    6aa8:	85 ff       	sbrs	r24, 5
    6aaa:	02 c0       	rjmp	.+4      	; 0x6ab0 <.Lformat_float_hex_upper_nibble>
    6aac:	a9 5a       	subi	r26, 0xA9	; 169
    6aae:	08 95       	ret

00006ab0 <.Lformat_float_hex_upper_nibble>:
    6ab0:	a9 5c       	subi	r26, 0xC9	; 201
    6ab2:	08 95       	ret

00006ab4 <.Lformat_float_hex_numeric_nibble>:
    6ab4:	a0 5d       	subi	r26, 0xD0	; 208
    6ab6:	08 95       	ret

00006ab8 <format_float_hex_exponent_digit_count>:
    6ab8:	40 91 53 0a 	lds	r20, 0x0A53	; 0x800a53 <_end+0x47>
    6abc:	50 91 54 0a 	lds	r21, 0x0A54	; 0x800a54 <_end+0x48>
    6ac0:	55 23       	and	r21, r21
    6ac2:	22 f4       	brpl	.+8      	; 0x6acc <.L1^B55>
    6ac4:	40 95       	com	r20
    6ac6:	50 95       	com	r21
    6ac8:	43 0d       	add	r20, r3
    6aca:	52 1d       	adc	r21, r2

00006acc <.L1^B55>:
    6acc:	81 e0       	ldi	r24, 0x01	; 1
    6ace:	4a 30       	cpi	r20, 0x0A	; 10
    6ad0:	20 f0       	brcs	.+8      	; 0x6ada <.L2^B17>
    6ad2:	83 95       	inc	r24
    6ad4:	44 36       	cpi	r20, 0x64	; 100
    6ad6:	08 f0       	brcs	.+2      	; 0x6ada <.L2^B17>
    6ad8:	83 95       	inc	r24

00006ada <.L2^B17>:
    6ada:	08 95       	ret

00006adc <format_float_emit_hex_exponent>:
    6adc:	40 91 53 0a 	lds	r20, 0x0A53	; 0x800a53 <_end+0x47>
    6ae0:	50 91 54 0a 	lds	r21, 0x0A54	; 0x800a54 <_end+0x48>
    6ae4:	55 23       	and	r21, r21
    6ae6:	32 f4       	brpl	.+12     	; 0x6af4 <.Lformat_float_hex_exp_positive>
    6ae8:	40 95       	com	r20
    6aea:	50 95       	com	r21
    6aec:	43 0d       	add	r20, r3
    6aee:	52 1d       	adc	r21, r2
    6af0:	ad e2       	ldi	r26, 0x2D	; 45
    6af2:	01 c0       	rjmp	.+2      	; 0x6af6 <.Lformat_float_hex_exp_prepare>

00006af4 <.Lformat_float_hex_exp_positive>:
    6af4:	ab e2       	ldi	r26, 0x2B	; 43

00006af6 <.Lformat_float_hex_exp_prepare>:
    6af6:	a0 93 4b 0a 	sts	0x0A4B, r26	; 0x800a4b <_end+0x3f>
    6afa:	ea e2       	ldi	r30, 0x2A	; 42
    6afc:	fa e0       	ldi	r31, 0x0A	; 10
    6afe:	77 27       	eor	r23, r23
    6b00:	66 27       	eor	r22, r22

00006b02 <.Lformat_float_hex_exp_hundreds_loop>:
    6b02:	44 36       	cpi	r20, 0x64	; 100
    6b04:	18 f0       	brcs	.+6      	; 0x6b0c <.Lformat_float_hex_exp_hundreds_done>
    6b06:	44 56       	subi	r20, 0x64	; 100
    6b08:	63 95       	inc	r22
    6b0a:	fb cf       	rjmp	.-10     	; 0x6b02 <.Lformat_float_hex_exp_hundreds_loop>

00006b0c <.Lformat_float_hex_exp_hundreds_done>:
    6b0c:	66 23       	and	r22, r22
    6b0e:	29 f0       	breq	.+10     	; 0x6b1a <.Lformat_float_hex_exp_tens_prepare>
    6b10:	60 5d       	subi	r22, 0xD0	; 208
    6b12:	61 93       	st	Z+, r22
    6b14:	73 95       	inc	r23
    6b16:	61 e0       	ldi	r22, 0x01	; 1
    6b18:	01 c0       	rjmp	.+2      	; 0x6b1c <.Lformat_float_hex_exp_tens_init>

00006b1a <.Lformat_float_hex_exp_tens_prepare>:
    6b1a:	66 27       	eor	r22, r22

00006b1c <.Lformat_float_hex_exp_tens_init>:
    6b1c:	aa 27       	eor	r26, r26

00006b1e <.Lformat_float_hex_exp_tens_loop>:
    6b1e:	4a 30       	cpi	r20, 0x0A	; 10
    6b20:	18 f0       	brcs	.+6      	; 0x6b28 <.Lformat_float_hex_exp_tens_done>
    6b22:	4a 50       	subi	r20, 0x0A	; 10
    6b24:	a3 95       	inc	r26
    6b26:	fb cf       	rjmp	.-10     	; 0x6b1e <.Lformat_float_hex_exp_tens_loop>

00006b28 <.Lformat_float_hex_exp_tens_done>:
    6b28:	66 23       	and	r22, r22
    6b2a:	11 f4       	brne	.+4      	; 0x6b30 <.Lformat_float_hex_exp_store_tens>
    6b2c:	aa 23       	and	r26, r26
    6b2e:	19 f0       	breq	.+6      	; 0x6b36 <.Lformat_float_hex_exp_store_ones>

00006b30 <.Lformat_float_hex_exp_store_tens>:
    6b30:	a0 5d       	subi	r26, 0xD0	; 208
    6b32:	a1 93       	st	Z+, r26
    6b34:	73 95       	inc	r23

00006b36 <.Lformat_float_hex_exp_store_ones>:
    6b36:	40 5d       	subi	r20, 0xD0	; 208
    6b38:	40 83       	st	Z, r20
    6b3a:	73 95       	inc	r23
    6b3c:	70 93 55 0a 	sts	0x0A55, r23	; 0x800a55 <_end+0x49>
    6b40:	80 91 4b 0a 	lds	r24, 0x0A4B	; 0x800a4b <_end+0x3f>
    6b44:	cd db       	rcall	.-2150   	; 0x62e0 <format_float_veneer_emit_char>
    6b46:	ea e2       	ldi	r30, 0x2A	; 42
    6b48:	fa e0       	ldi	r31, 0x0A	; 10
    6b4a:	80 91 55 0a 	lds	r24, 0x0A55	; 0x800a55 <_end+0x49>
    6b4e:	99 27       	eor	r25, r25
    6b50:	0c 94 72 31 	jmp	0x62e4	; 0x62e4 <format_float_veneer_emit_ram_span>

00006b54 <format_ftoa_engine>:
    6b54:	28 30       	cpi	r18, 0x08	; 8
    6b56:	08 f0       	brcs	.+2      	; 0x6b5a <.Lformat_ftoa_precision_ready>
    6b58:	27 e0       	ldi	r18, 0x07	; 7

00006b5a <.Lformat_ftoa_precision_ready>:
    6b5a:	33 27       	eor	r19, r19
    6b5c:	da 01       	movw	r26, r20
    6b5e:	99 0f       	add	r25, r25
    6b60:	31 1d       	adc	r19, r1
    6b62:	87 fd       	sbrc	r24, 7
    6b64:	91 60       	ori	r25, 0x01	; 1
    6b66:	00 96       	adiw	r24, 0x00	; 0
    6b68:	61 05       	cpc	r22, r1
    6b6a:	71 05       	cpc	r23, r1
    6b6c:	39 f4       	brne	.+14     	; 0x6b7c <.Lformat_ftoa_nonzero>
    6b6e:	32 60       	ori	r19, 0x02	; 2
    6b70:	2e 5f       	subi	r18, 0xFE	; 254

00006b72 <.Lformat_ftoa_zero_loop>:
    6b72:	3d 93       	st	X+, r19
    6b74:	30 e3       	ldi	r19, 0x30	; 48
    6b76:	2a 95       	dec	r18
    6b78:	e1 f7       	brne	.-8      	; 0x6b72 <.Lformat_ftoa_zero_loop>
    6b7a:	08 95       	ret

00006b7c <.Lformat_ftoa_nonzero>:
    6b7c:	9f 3f       	cpi	r25, 0xFF	; 255
    6b7e:	30 f0       	brcs	.+12     	; 0x6b8c <.Lformat_ftoa_class_ready>
    6b80:	80 38       	cpi	r24, 0x80	; 128
    6b82:	71 05       	cpc	r23, r1
    6b84:	61 05       	cpc	r22, r1
    6b86:	09 f0       	breq	.+2      	; 0x6b8a <.Lformat_ftoa_inf>
    6b88:	3c 5f       	subi	r19, 0xFC	; 252

00006b8a <.Lformat_ftoa_inf>:
    6b8a:	3c 5f       	subi	r19, 0xFC	; 252

00006b8c <.Lformat_ftoa_class_ready>:
    6b8c:	3d 93       	st	X+, r19
    6b8e:	91 30       	cpi	r25, 0x01	; 1
    6b90:	08 f0       	brcs	.+2      	; 0x6b94 <.L1^B56>
    6b92:	80 68       	ori	r24, 0x80	; 128

00006b94 <.L1^B56>:
    6b94:	91 1d       	adc	r25, r1
    6b96:	df 93       	push	r29
    6b98:	cf 93       	push	r28
    6b9a:	1f 93       	push	r17
    6b9c:	0f 93       	push	r16
    6b9e:	ff 92       	push	r15
    6ba0:	ef 92       	push	r14
    6ba2:	19 2f       	mov	r17, r25
    6ba4:	98 7f       	andi	r25, 0xF8	; 248
    6ba6:	96 95       	lsr	r25
    6ba8:	e9 2f       	mov	r30, r25
    6baa:	96 95       	lsr	r25
    6bac:	96 95       	lsr	r25
    6bae:	e9 0f       	add	r30, r25
    6bb0:	ff 27       	eor	r31, r31
    6bb2:	ec 59       	subi	r30, 0x9C	; 156
    6bb4:	f2 49       	sbci	r31, 0x92	; 146
    6bb6:	99 27       	eor	r25, r25
    6bb8:	33 27       	eor	r19, r19
    6bba:	ee 24       	eor	r14, r14
    6bbc:	ff 24       	eor	r15, r15
    6bbe:	a7 01       	movw	r20, r14
    6bc0:	e7 01       	movw	r28, r14
    6bc2:	05 90       	lpm	r0, Z+
    6bc4:	08 94       	sec
    6bc6:	07 94       	ror	r0

00006bc8 <.Lformat_ftoa_mul_byte0>:
    6bc8:	28 f4       	brcc	.+10     	; 0x6bd4 <.L1^B57>
    6bca:	36 0f       	add	r19, r22
    6bcc:	e7 1e       	adc	r14, r23
    6bce:	f8 1e       	adc	r15, r24
    6bd0:	49 1f       	adc	r20, r25
    6bd2:	51 1d       	adc	r21, r1

00006bd4 <.L1^B57>:
    6bd4:	66 0f       	add	r22, r22
    6bd6:	77 1f       	adc	r23, r23
    6bd8:	88 1f       	adc	r24, r24
    6bda:	99 1f       	adc	r25, r25
    6bdc:	06 94       	lsr	r0
    6bde:	a1 f7       	brne	.-24     	; 0x6bc8 <.Lformat_ftoa_mul_byte0>
    6be0:	05 90       	lpm	r0, Z+
    6be2:	08 94       	sec
    6be4:	07 94       	ror	r0

00006be6 <.Lformat_ftoa_mul_byte1>:
    6be6:	28 f4       	brcc	.+10     	; 0x6bf2 <.L1^B58>
    6be8:	e7 0e       	add	r14, r23
    6bea:	f8 1e       	adc	r15, r24
    6bec:	49 1f       	adc	r20, r25
    6bee:	56 1f       	adc	r21, r22
    6bf0:	c1 1d       	adc	r28, r1

00006bf2 <.L1^B58>:
    6bf2:	77 0f       	add	r23, r23
    6bf4:	88 1f       	adc	r24, r24
    6bf6:	99 1f       	adc	r25, r25
    6bf8:	66 1f       	adc	r22, r22
    6bfa:	06 94       	lsr	r0
    6bfc:	a1 f7       	brne	.-24     	; 0x6be6 <.Lformat_ftoa_mul_byte1>
    6bfe:	05 90       	lpm	r0, Z+
    6c00:	08 94       	sec
    6c02:	07 94       	ror	r0

00006c04 <.Lformat_ftoa_mul_byte2>:
    6c04:	28 f4       	brcc	.+10     	; 0x6c10 <.L1^B59>
    6c06:	f8 0e       	add	r15, r24
    6c08:	49 1f       	adc	r20, r25
    6c0a:	56 1f       	adc	r21, r22
    6c0c:	c7 1f       	adc	r28, r23
    6c0e:	d1 1d       	adc	r29, r1

00006c10 <.L1^B59>:
    6c10:	88 0f       	add	r24, r24
    6c12:	99 1f       	adc	r25, r25
    6c14:	66 1f       	adc	r22, r22
    6c16:	77 1f       	adc	r23, r23
    6c18:	06 94       	lsr	r0
    6c1a:	a1 f7       	brne	.-24     	; 0x6c04 <.Lformat_ftoa_mul_byte2>
    6c1c:	05 90       	lpm	r0, Z+
    6c1e:	08 94       	sec
    6c20:	07 94       	ror	r0

00006c22 <.Lformat_ftoa_mul_byte3>:
    6c22:	20 f4       	brcc	.+8      	; 0x6c2c <.L1^B60>
    6c24:	49 0f       	add	r20, r25
    6c26:	56 1f       	adc	r21, r22
    6c28:	c7 1f       	adc	r28, r23
    6c2a:	d8 1f       	adc	r29, r24

00006c2c <.L1^B60>:
    6c2c:	99 0f       	add	r25, r25
    6c2e:	66 1f       	adc	r22, r22
    6c30:	77 1f       	adc	r23, r23
    6c32:	88 1f       	adc	r24, r24
    6c34:	06 94       	lsr	r0
    6c36:	a9 f7       	brne	.-22     	; 0x6c22 <.Lformat_ftoa_mul_byte3>
    6c38:	84 91       	lpm	r24, Z
    6c3a:	10 95       	com	r17
    6c3c:	17 70       	andi	r17, 0x07	; 7
    6c3e:	41 f0       	breq	.+16     	; 0x6c50 <.Lformat_ftoa_scaled>

00006c40 <.Lformat_ftoa_scale_loop>:
    6c40:	d6 95       	lsr	r29
    6c42:	c7 95       	ror	r28
    6c44:	57 95       	ror	r21
    6c46:	47 95       	ror	r20
    6c48:	f7 94       	ror	r15
    6c4a:	e7 94       	ror	r14
    6c4c:	1a 95       	dec	r17
    6c4e:	c1 f7       	brne	.-16     	; 0x6c40 <.Lformat_ftoa_scale_loop>

00006c50 <.Lformat_ftoa_scaled>:
    6c50:	ea e0       	ldi	r30, 0x0A	; 10
    6c52:	fd e6       	ldi	r31, 0x6D	; 109
    6c54:	68 94       	set

00006c56 <.Lformat_ftoa_digit>:
    6c56:	15 90       	lpm	r1, Z+
    6c58:	15 91       	lpm	r17, Z+
    6c5a:	35 91       	lpm	r19, Z+
    6c5c:	65 91       	lpm	r22, Z+
    6c5e:	95 91       	lpm	r25, Z+
    6c60:	05 90       	lpm	r0, Z+
    6c62:	7f e2       	ldi	r23, 0x2F	; 47

00006c64 <.Lformat_ftoa_subtract_digit>:
    6c64:	73 95       	inc	r23
    6c66:	e1 18       	sub	r14, r1
    6c68:	f1 0a       	sbc	r15, r17
    6c6a:	43 0b       	sbc	r20, r19
    6c6c:	56 0b       	sbc	r21, r22
    6c6e:	c9 0b       	sbc	r28, r25
    6c70:	d0 09       	sbc	r29, r0
    6c72:	c0 f7       	brcc	.-16     	; 0x6c64 <.Lformat_ftoa_subtract_digit>
    6c74:	e1 0c       	add	r14, r1
    6c76:	f1 1e       	adc	r15, r17
    6c78:	43 1f       	adc	r20, r19
    6c7a:	56 1f       	adc	r21, r22
    6c7c:	c9 1f       	adc	r28, r25
    6c7e:	d0 1d       	adc	r29, r0
    6c80:	7e f4       	brtc	.+30     	; 0x6ca0 <.Lformat_ftoa_store_digit>
    6c82:	70 33       	cpi	r23, 0x30	; 48
    6c84:	11 f4       	brne	.+4      	; 0x6c8a <.Lformat_ftoa_first_digit>
    6c86:	8a 95       	dec	r24
    6c88:	e6 cf       	rjmp	.-52     	; 0x6c56 <.Lformat_ftoa_digit>

00006c8a <.Lformat_ftoa_first_digit>:
    6c8a:	e8 94       	clt
    6c8c:	01 50       	subi	r16, 0x01	; 1
    6c8e:	30 f0       	brcs	.+12     	; 0x6c9c <.Lformat_ftoa_digit_count_ready>
    6c90:	08 0f       	add	r16, r24
    6c92:	0a f4       	brpl	.+2      	; 0x6c96 <.L1^B61>
    6c94:	00 27       	eor	r16, r16

00006c96 <.L1^B61>:
    6c96:	02 17       	cp	r16, r18
    6c98:	08 f4       	brcc	.+2      	; 0x6c9c <.Lformat_ftoa_digit_count_ready>
    6c9a:	20 2f       	mov	r18, r16

00006c9c <.Lformat_ftoa_digit_count_ready>:
    6c9c:	23 95       	inc	r18
    6c9e:	02 2f       	mov	r16, r18

00006ca0 <.Lformat_ftoa_store_digit>:
    6ca0:	7a 33       	cpi	r23, 0x3A	; 58
    6ca2:	28 f0       	brcs	.+10     	; 0x6cae <.Lformat_ftoa_write_digit>
    6ca4:	79 e3       	ldi	r23, 0x39	; 57

00006ca6 <.Lformat_ftoa_fill_nines>:
    6ca6:	7d 93       	st	X+, r23
    6ca8:	2a 95       	dec	r18
    6caa:	e9 f7       	brne	.-6      	; 0x6ca6 <.Lformat_ftoa_fill_nines>
    6cac:	10 c0       	rjmp	.+32     	; 0x6cce <.Lformat_ftoa_round_up>

00006cae <.Lformat_ftoa_write_digit>:
    6cae:	7d 93       	st	X+, r23
    6cb0:	2a 95       	dec	r18
    6cb2:	89 f6       	brne	.-94     	; 0x6c56 <.Lformat_ftoa_digit>
    6cb4:	06 94       	lsr	r0
    6cb6:	97 95       	ror	r25
    6cb8:	67 95       	ror	r22
    6cba:	37 95       	ror	r19
    6cbc:	17 95       	ror	r17
    6cbe:	17 94       	ror	r1
    6cc0:	e1 18       	sub	r14, r1
    6cc2:	f1 0a       	sbc	r15, r17
    6cc4:	43 0b       	sbc	r20, r19
    6cc6:	56 0b       	sbc	r21, r22
    6cc8:	c9 0b       	sbc	r28, r25
    6cca:	d0 09       	sbc	r29, r0
    6ccc:	98 f0       	brcs	.+38     	; 0x6cf4 <.Lformat_ftoa_restore>

00006cce <.Lformat_ftoa_round_up>:
    6cce:	23 95       	inc	r18
    6cd0:	7e 91       	ld	r23, -X
    6cd2:	73 95       	inc	r23
    6cd4:	7a 33       	cpi	r23, 0x3A	; 58
    6cd6:	08 f0       	brcs	.+2      	; 0x6cda <.L1^B62>
    6cd8:	70 e3       	ldi	r23, 0x30	; 48

00006cda <.L1^B62>:
    6cda:	7c 93       	st	X, r23
    6cdc:	20 13       	cpse	r18, r16
    6cde:	b8 f7       	brcc	.-18     	; 0x6cce <.Lformat_ftoa_round_up>
    6ce0:	7e 91       	ld	r23, -X
    6ce2:	70 61       	ori	r23, 0x10	; 16
    6ce4:	7d 93       	st	X+, r23
    6ce6:	30 f0       	brcs	.+12     	; 0x6cf4 <.Lformat_ftoa_restore>
    6ce8:	83 95       	inc	r24
    6cea:	71 e3       	ldi	r23, 0x31	; 49

00006cec <.Lformat_ftoa_round_overflow_fill>:
    6cec:	7d 93       	st	X+, r23
    6cee:	70 e3       	ldi	r23, 0x30	; 48
    6cf0:	2a 95       	dec	r18
    6cf2:	e1 f7       	brne	.-8      	; 0x6cec <.Lformat_ftoa_round_overflow_fill>

00006cf4 <.Lformat_ftoa_restore>:
    6cf4:	11 24       	eor	r1, r1
    6cf6:	ef 90       	pop	r14
    6cf8:	ff 90       	pop	r15
    6cfa:	0f 91       	pop	r16
    6cfc:	1f 91       	pop	r17
    6cfe:	cf 91       	pop	r28
    6d00:	df 91       	pop	r29
    6d02:	99 27       	eor	r25, r25
    6d04:	87 fd       	sbrc	r24, 7
    6d06:	90 95       	com	r25
    6d08:	08 95       	ret

00006d0a <format_ftoa_powr10>:
    6d0a:	00 40       	sbci	r16, 0x00	; 0
    6d0c:	7a 10       	cpse	r7, r10
    6d0e:	f3 5a       	subi	r31, 0xA3	; 163
    6d10:	00 a0       	ldd	r0, Z+32	; 0x20
    6d12:	72 4e       	sbci	r23, 0xE2	; 226
    6d14:	18 09       	sbc	r17, r8
    6d16:	00 10       	cpse	r0, r0
    6d18:	a5 d4       	rcall	.+2378   	; 0x7664 <__data_load_end+0x85f>
    6d1a:	e8 00       	.word	0x00e8	; ????
    6d1c:	00 e8       	ldi	r16, 0x80	; 128
    6d1e:	76 48       	sbci	r23, 0x86	; 134
    6d20:	17 00       	.word	0x0017	; ????
    6d22:	00 e4       	ldi	r16, 0x40	; 64
    6d24:	0b 54       	subi	r16, 0x4B	; 75
    6d26:	02 00       	.word	0x0002	; ????
    6d28:	00 ca       	rjmp	.-3072   	; 0x612a <.Lformat_emit_char_buffer_or_debug+0x8>
    6d2a:	9a 3b       	cpi	r25, 0xBA	; 186
    6d2c:	00 00       	nop
    6d2e:	00 e1       	ldi	r16, 0x10	; 16
    6d30:	f5 05       	cpc	r31, r5
    6d32:	00 00       	nop
    6d34:	80 96       	adiw	r24, 0x20	; 32
    6d36:	98 00       	.word	0x0098	; ????
    6d38:	00 00       	nop
    6d3a:	40 42       	sbci	r20, 0x20	; 32
    6d3c:	0f 00       	.word	0x000f	; ????
    6d3e:	00 00       	nop
    6d40:	a0 86       	std	Z+8, r10	; 0x08
    6d42:	01 00       	.word	0x0001	; ????
    6d44:	00 00       	nop
    6d46:	10 27       	eor	r17, r16
    6d48:	00 00       	nop
    6d4a:	00 00       	nop
    6d4c:	e8 03       	fmulsu	r22, r16
    6d4e:	00 00       	nop
    6d50:	00 00       	nop
    6d52:	64 00       	.word	0x0064	; ????
    6d54:	00 00       	nop
    6d56:	00 00       	nop
    6d58:	0a 00       	.word	0x000a	; ????
    6d5a:	00 00       	nop
    6d5c:	00 00       	nop
    6d5e:	01 00       	.word	0x0001	; ????
    6d60:	00 00       	nop
    6d62:	00 00       	nop

00006d64 <format_ftoa_base10>:
    6d64:	2c 76       	andi	r18, 0x6C	; 108
    6d66:	d8 88       	ldd	r13, Y+16	; 0x10
    6d68:	dc 67       	ori	r29, 0x7C	; 124
    6d6a:	4f 08       	sbc	r4, r15
    6d6c:	23 df       	rcall	.-442    	; 0x6bb4 <.L1^B56+0x20>
    6d6e:	c1 df       	rcall	.-126    	; 0x6cf2 <.Lformat_ftoa_round_overflow_fill+0x6>
    6d70:	ae 59       	subi	r26, 0x9E	; 158
    6d72:	e1 b1       	in	r30, 0x01	; 1
    6d74:	b7 96       	adiw	r30, 0x27	; 39
    6d76:	e5 e3       	ldi	r30, 0x35	; 53
    6d78:	e4 53       	subi	r30, 0x34	; 52
    6d7a:	c6 3a       	cpi	r28, 0xA6	; 166
    6d7c:	e6 51       	subi	r30, 0x16	; 22
    6d7e:	99 76       	andi	r25, 0x69	; 105
    6d80:	96 e8       	ldi	r25, 0x86	; 134
    6d82:	e6 c2       	rjmp	.+1484   	; 0x7350 <__data_load_end+0x54b>
    6d84:	84 26       	eor	r8, r20
    6d86:	eb 89       	ldd	r30, Y+19	; 0x13
    6d88:	8c 9b       	sbis	0x11, 4	; 17
    6d8a:	62 ed       	ldi	r22, 0xD2	; 210
    6d8c:	40 7c       	andi	r20, 0xC0	; 192
    6d8e:	6f fc       	.word	0xfc6f	; ????
    6d90:	ef bc       	out	0x2f, r14	; 47
    6d92:	9c 9f       	mul	r25, r28
    6d94:	40 f2       	brcs	.-112    	; 0x6d26 <format_ftoa_powr10+0x1c>
    6d96:	ba a5       	ldd	r27, Y+42	; 0x2a
    6d98:	6f a5       	ldd	r22, Y+47	; 0x2f
    6d9a:	f4 90       	lpm	r15, Z
    6d9c:	05 5a       	subi	r16, 0xA5	; 165
    6d9e:	2a f7       	brpl	.-54     	; 0x6d6a <format_ftoa_base10+0x6>
    6da0:	5c 93       	st	X, r21
    6da2:	6b 6c       	ori	r22, 0xCB	; 203
    6da4:	f9 67       	ori	r31, 0x79	; 121
    6da6:	6d c1       	rjmp	.+730    	; 0x7082 <__data_load_end+0x27d>
    6da8:	1b fc       	.word	0xfc1b	; ????
    6daa:	e0 e4       	ldi	r30, 0x40	; 64
    6dac:	0d 47       	sbci	r16, 0x7D	; 125
    6dae:	fe f5       	brtc	.+126    	; 0x6e2e <__data_load_end+0x29>
    6db0:	20 e6       	ldi	r18, 0x60	; 96
    6db2:	b5 00       	.word	0x00b5	; ????
    6db4:	d0 ed       	ldi	r29, 0xD0	; 208
    6db6:	90 2e       	mov	r9, r16
    6db8:	03 00       	.word	0x0003	; ????
    6dba:	94 35       	cpi	r25, 0x54	; 84
    6dbc:	77 05       	cpc	r23, r7
    6dbe:	00 80       	ld	r0, Z
    6dc0:	84 1e       	adc	r8, r20
    6dc2:	08 00       	.word	0x0008	; ????
    6dc4:	00 20       	and	r0, r0
    6dc6:	4e 0a       	sbc	r4, r30
    6dc8:	00 00       	nop
    6dca:	00 c8       	rjmp	.-4096   	; 0x5dcc <.Lformat_generate_octal_digit>
    6dcc:	0c 33       	cpi	r16, 0x3C	; 60
    6dce:	33 33       	cpi	r19, 0x33	; 51
    6dd0:	33 0f       	add	r19, r19
    6dd2:	98 6e       	ori	r25, 0xE8	; 232
    6dd4:	12 83       	std	Z+2, r17	; 0x02
    6dd6:	11 41       	sbci	r17, 0x11	; 17
    6dd8:	ef 8d       	ldd	r30, Y+31	; 0x1f
    6dda:	21 14       	cp	r2, r1
    6ddc:	89 3b       	cpi	r24, 0xB9	; 185
    6dde:	e6 55       	subi	r30, 0x56	; 86
    6de0:	16 cf       	rjmp	.-468    	; 0x6c0e <.Lformat_ftoa_mul_byte2+0xa>
    6de2:	fe e6       	ldi	r31, 0x6E	; 110
    6de4:	db 18       	sub	r13, r11
    6de6:	d1 84       	ldd	r13, Z+9	; 0x09
    6de8:	4b 38       	cpi	r20, 0x8B	; 139
    6dea:	1b f7       	brvc	.-58     	; 0x6db2 <format_ftoa_base10+0x4e>
    6dec:	7c 1d       	adc	r23, r12
    6dee:	90 1d       	adc	r25, r0
    6df0:	a4 bb       	out	0x14, r26	; 20
    6df2:	e4 24       	eor	r14, r4
    6df4:	20 32       	cpi	r18, 0x20	; 32
    6df6:	84 72       	andi	r24, 0x24	; 36
    6df8:	5e 22       	and	r5, r30
    6dfa:	81 00       	.word	0x0081	; ????
    6dfc:	c9 f1       	breq	.+114    	; 0x6e70 <__data_load_end+0x6b>
    6dfe:	24 ec       	ldi	r18, 0xC4	; 196
    6e00:	a1 e5       	ldi	r26, 0x51	; 81
    6e02:	3d 27       	eor	r19, r29
